ISO-10303-21;
HEADER;
FILE_DESCRIPTION (( 'STEP AP214' ),
    '1' );
FILE_NAME ('IR_TEA2_L14.2W9.2H5.4.STEP',
    '2020-03-31T16:40:48',
    ( '' ),
    ( '' ),
    'SwSTEP 2.0',
    'SolidWorks 2014',
    '' );
FILE_SCHEMA (( 'AUTOMOTIVE_DESIGN' ));
ENDSEC;

DATA;
#1 = VECTOR ( 'NONE', #2572, 1000.000000000000000 ) ;
#2 = ORIENTED_EDGE ( 'NONE', *, *, #802, .F. ) ;
#3 = LINE ( 'NONE', #287, #3715 ) ;
#4 = CARTESIAN_POINT ( 'NONE',  ( 6.555651969246063100, 5.051000000000001000, -5.205917668354676800 ) ) ;
#5 = ORIENTED_EDGE ( 'NONE', *, *, #760, .F. ) ;
#6 = VECTOR ( 'NONE', #2183, 1000.000000000000000 ) ;
#7 =( GEOMETRIC_REPRESENTATION_CONTEXT ( 3 ) GLOBAL_UNCERTAINTY_ASSIGNED_CONTEXT ( ( #4148 ) ) GLOBAL_UNIT_ASSIGNED_CONTEXT ( ( #3767, #2937, #1711 ) ) REPRESENTATION_CONTEXT ( 'NONE', 'WORKASPACE' ) );
#8 = DIRECTION ( 'NONE',  ( -0.0000000000000000000, -1.000000000000000000, -0.0000000000000000000 ) ) ;
#9 = FILL_AREA_STYLE ('',( #1233 ) ) ;
#10 = EDGE_CURVE ( 'NONE', #1164, #5153, #2593, .T. ) ;
#11 = ORIENTED_EDGE ( 'NONE', *, *, #1541, .F. ) ;
#12 = LINE ( 'NONE', #2906, #1619 ) ;
#13 = UNCERTAINTY_MEASURE_WITH_UNIT (LENGTH_MEASURE( 1.000000000000000100E-005 ), #1900, 'distance_accuracy_value', 'NONE');
#14 = CARTESIAN_POINT ( 'NONE',  ( 5.724167524494057500, 5.051000000000001000, -4.226371333128317300 ) ) ;
#15 = SURFACE_STYLE_FILL_AREA ( #1274 ) ;
#16 = ADVANCED_FACE ( 'NONE', ( #4721 ), #1525, .F. ) ;
#17 =( NAMED_UNIT ( * ) PLANE_ANGLE_UNIT ( ) SI_UNIT ( $, .RADIAN. ) );
#18 = ORIENTED_EDGE ( 'NONE', *, *, #1774, .T. ) ;
#19 = VECTOR ( 'NONE', #4342, 1000.000000000000000 ) ;
#20 = VECTOR ( 'NONE', #4059, 1000.000000000000000 ) ;
#21 = SURFACE_STYLE_USAGE ( .BOTH. , #2056 ) ;
#22 = PLANE ( 'NONE',  #2399 ) ;
#23 = COLOUR_RGB ( '',1.000000000000000000, 1.000000000000000000, 1.000000000000000000 ) ;
#24 = STYLED_ITEM ( 'NONE', ( #1635 ), #2904 ) ;
#25 = PRESENTATION_STYLE_ASSIGNMENT (( #3600 ) ) ;
#26 = STYLED_ITEM ( 'NONE', ( #4415 ), #539 ) ;
#27 =( LENGTH_UNIT ( ) NAMED_UNIT ( * ) SI_UNIT ( .MILLI., .METRE. ) );
#28 = DIRECTION ( 'NONE',  ( -0.0000000000000000000, 1.000000000000000000, -0.0000000000000000000 ) ) ;
#29 = LINE ( 'NONE', #1509, #1891 ) ;
#30 = AXIS2_PLACEMENT_3D ( 'NONE', #2817, #746, #328 ) ;
#31 = ORIENTED_EDGE ( 'NONE', *, *, #3764, .T. ) ;
#32 = PRESENTATION_STYLE_ASSIGNMENT (( #500 ) ) ;
#33 = ORIENTED_EDGE ( 'NONE', *, *, #2115, .T. ) ;
#34 = AXIS2_PLACEMENT_3D ( 'NONE', #2192, #2616, #504 ) ;
#35 = ADVANCED_FACE ( 'NONE', ( #4652 ), #1949, .F. ) ;
#36 = ORIENTED_EDGE ( 'NONE', *, *, #3851, .F. ) ;
#37 = EDGE_CURVE ( 'NONE', #4401, #1658, #5310, .T. ) ;
#38 =( NAMED_UNIT ( * ) SI_UNIT ( $, .STERADIAN. ) SOLID_ANGLE_UNIT ( ) );
#39 = ORIENTED_EDGE ( 'NONE', *, *, #474, .T. ) ;
#40 = ORIENTED_EDGE ( 'NONE', *, *, #4538, .F. ) ;
#41 = STYLED_ITEM ( 'NONE', ( #4774 ), #5007 ) ;
#42 =( NAMED_UNIT ( * ) PLANE_ANGLE_UNIT ( ) SI_UNIT ( $, .RADIAN. ) );
#43 = ORIENTED_EDGE ( 'NONE', *, *, #4769, .F. ) ;
#44 = DIRECTION ( 'NONE',  ( 0.0000000000000000000, -1.000000000000000000, 0.0000000000000000000 ) ) ;
#45 = LINE ( 'NONE', #4166, #2114 ) ;
#46 =( GEOMETRIC_REPRESENTATION_CONTEXT ( 3 ) GLOBAL_UNCERTAINTY_ASSIGNED_CONTEXT ( ( #4547 ) ) GLOBAL_UNIT_ASSIGNED_CONTEXT ( ( #1865, #1428, #4352 ) ) REPRESENTATION_CONTEXT ( 'NONE', 'WORKASPACE' ) );
#47 = ORIENTED_EDGE ( 'NONE', *, *, #1266, .T. ) ;
#48 = CARTESIAN_POINT ( 'NONE',  ( 4.810841445385825900, 5.051000000000001000, -3.996226937848596600 ) ) ;
#49 = DIRECTION ( 'NONE',  ( -0.3829140317376929500, -0.0000000000000000000, -0.9237839814038697500 ) ) ;
#50 = CARTESIAN_POINT ( 'NONE',  ( 6.926306928424502900, 5.051000000000001000, -5.073182798732029000 ) ) ;
#51 = COLOUR_RGB ( '',0.8980392156862745400, 0.9215686274509803400, 0.9294117647058823800 ) ;
#52 = EDGE_CURVE ( 'NONE', #3444, #1683, #321, .T. ) ;
#53 = LINE ( 'NONE', #334, #2586 ) ;
#54 = ORIENTED_EDGE ( 'NONE', *, *, #5029, .T. ) ;
#55 = UNCERTAINTY_MEASURE_WITH_UNIT (LENGTH_MEASURE( 1.000000000000000100E-005 ), #2647, 'distance_accuracy_value', 'NONE');
#56 = FACE_OUTER_BOUND ( 'NONE', #5236, .T. ) ;
#57 = LINE ( 'NONE', #1684, #2325 ) ;
#58 = ORIENTED_EDGE ( 'NONE', *, *, #2009, .F. ) ;
#59 = VECTOR ( 'NONE', #5330, 1000.000000000000100 ) ;
#60 =( GEOMETRIC_REPRESENTATION_CONTEXT ( 3 ) GLOBAL_UNCERTAINTY_ASSIGNED_CONTEXT ( ( #1959 ) ) GLOBAL_UNIT_ASSIGNED_CONTEXT ( ( #1691, #5026, #94 ) ) REPRESENTATION_CONTEXT ( 'NONE', 'WORKASPACE' ) );
#61 = ADVANCED_FACE ( 'NONE', ( #1668 ), #152, .F. ) ;
#62 = EDGE_CURVE ( 'NONE', #1738, #4134, #5241, .T. ) ;
#63 = CARTESIAN_POINT ( 'NONE',  ( 11.26000000000000000, 0.0000000000000000000, -9.199999999999999300 ) ) ;
#64 = VERTEX_POINT ( 'NONE', #4326 ) ;
#65 = VECTOR ( 'NONE', #2222, 1000.000000000000000 ) ;
#66 = MECHANICAL_DESIGN_GEOMETRIC_PRESENTATION_REPRESENTATION (  '', ( #2856 ), #687 ) ;
#67 = ORIENTED_EDGE ( 'NONE', *, *, #3378, .T. ) ;
#68 = MECHANICAL_DESIGN_GEOMETRIC_PRESENTATION_REPRESENTATION (  '', ( #516 ), #3416 ) ;
#69 = FILL_AREA_STYLE_COLOUR ( '', #1986 ) ;
#70 = FACE_BOUND ( 'NONE', #4507, .T. ) ;
#71 = CARTESIAN_POINT ( 'NONE',  ( 6.392847890230885200, 5.051000000000001000, -4.750656964556244900 ) ) ;
#72 = ORIENTED_EDGE ( 'NONE', *, *, #2638, .F. ) ;
#73 = LINE ( 'NONE', #3284, #2998 ) ;
#74 = MECHANICAL_DESIGN_GEOMETRIC_PRESENTATION_REPRESENTATION (  '', ( #4619 ), #617 ) ;
#75 = EDGE_LOOP ( 'NONE', ( #4196, #3930, #885, #697 ) ) ;
#76 = LINE ( 'NONE', #2360, #4214 ) ;
#77 = CARTESIAN_POINT ( 'NONE',  ( 5.073273000045511500, 5.051000000000001000, -5.205917668354676800 ) ) ;
#78 = LINE ( 'NONE', #3430, #2427 ) ;
#79 = DIRECTION ( 'NONE',  ( -0.0000000000000000000, -1.000000000000000000, -0.0000000000000000000 ) ) ;
#80 = VERTEX_POINT ( 'NONE', #578 ) ;
#81 = ADVANCED_FACE ( 'NONE', ( #4204 ), #1831, .F. ) ;
#82 =( GEOMETRIC_REPRESENTATION_CONTEXT ( 3 ) GLOBAL_UNCERTAINTY_ASSIGNED_CONTEXT ( ( #1399 ) ) GLOBAL_UNIT_ASSIGNED_CONTEXT ( ( #2430, #2339, #1976 ) ) REPRESENTATION_CONTEXT ( 'NONE', 'WORKASPACE' ) );
#83 = ORIENTED_EDGE ( 'NONE', *, *, #3489, .T. ) ;
#84 = EDGE_CURVE ( 'NONE', #4480, #4786, #2248, .T. ) ;
#85 = DIRECTION ( 'NONE',  ( -0.0000000000000000000, -1.000000000000000000, -0.0000000000000000000 ) ) ;
#86 = FACE_OUTER_BOUND ( 'NONE', #954, .T. ) ;
#87 = VERTEX_POINT ( 'NONE', #1574 ) ;
#88 = CARTESIAN_POINT ( 'NONE',  ( 8.104140848837408500, 5.050000000000000700, -5.205917668354676800 ) ) ;
#89 = AXIS2_PLACEMENT_3D ( 'NONE', #4, #424, #3341 ) ;
#90 = LINE ( 'NONE', #933, #2169 ) ;
#91 = ORIENTED_EDGE ( 'NONE', *, *, #37, .F. ) ;
#92 = CARTESIAN_POINT ( 'NONE',  ( 4.909999999999999300, -4.049999999999999800, -0.6150000000000166400 ) ) ;
#93 = CARTESIAN_POINT ( 'NONE',  ( 11.82999999999999700, -4.049999999999999800, -8.235000000000001200 ) ) ;
#94 =( NAMED_UNIT ( * ) SI_UNIT ( $, .STERADIAN. ) SOLID_ANGLE_UNIT ( ) );
#95 = ORIENTED_EDGE ( 'NONE', *, *, #2810, .T. ) ;
#96 = EDGE_CURVE ( 'NONE', #3433, #1439, #1019, .T. ) ;
#97 = DIRECTION ( 'NONE',  ( -0.0000000000000000000, 1.000000000000000000, -0.0000000000000000000 ) ) ;
#98 =( NAMED_UNIT ( * ) PLANE_ANGLE_UNIT ( ) SI_UNIT ( $, .RADIAN. ) );
#99 = VECTOR ( 'NONE', #751, 1000.000000000000000 ) ;
#100 = VERTEX_POINT ( 'NONE', #3330 ) ;
#101 = CARTESIAN_POINT ( 'NONE',  ( 1.669999999999999700, 0.0000000000000000000, -0.9650000000000345000 ) ) ;
#102 = DIRECTION ( 'NONE',  ( -0.2764273280489792900, 0.0000000000000000000, 0.9610348236706628400 ) ) ;
#103 = ORIENTED_EDGE ( 'NONE', *, *, #2575, .T. ) ;
#104 = CIRCLE ( 'NONE', #3676, 0.3499999999999996400 ) ;
#105 = VECTOR ( 'NONE', #2374, 1000.000000000000000 ) ;
#106 = CARTESIAN_POINT ( 'NONE',  ( 7.448944730396791900, 5.051000000000001000, -3.996226937848596600 ) ) ;
#107 = ORIENTED_EDGE ( 'NONE', *, *, #3883, .F. ) ;
#108 = FILL_AREA_STYLE_COLOUR ( '', #904 ) ;
#109 = LINE ( 'NONE', #5135, #563 ) ;
#110 = AXIS2_PLACEMENT_3D ( 'NONE', #1106, #2350, #1945 ) ;
#111 = PRESENTATION_STYLE_ASSIGNMENT (( #2797 ) ) ;
#112 = EDGE_CURVE ( 'NONE', #3885, #2993, #4329, .T. ) ;
#113 = LINE ( 'NONE', #3410, #1 ) ;
#114 = ORIENTED_EDGE ( 'NONE', *, *, #4987, .F. ) ;
#115 = LINE ( 'NONE', #4815, #511 ) ;
#116 =( LENGTH_UNIT ( ) NAMED_UNIT ( * ) SI_UNIT ( .MILLI., .METRE. ) );
#117 = VECTOR ( 'NONE', #3394, 1000.000000000000000 ) ;
#118 = ORIENTED_EDGE ( 'NONE', *, *, #4554, .T. ) ;
#119 = PRESENTATION_STYLE_ASSIGNMENT (( #2147 ) ) ;
#120 =( GEOMETRIC_REPRESENTATION_CONTEXT ( 3 ) GLOBAL_UNCERTAINTY_ASSIGNED_CONTEXT ( ( #3491 ) ) GLOBAL_UNIT_ASSIGNED_CONTEXT ( ( #3462, #1771, #1392 ) ) REPRESENTATION_CONTEXT ( 'NONE', 'WORKASPACE' ) );
#121 = EDGE_LOOP ( 'NONE', ( #3396, #1197, #2391, #5326 ) ) ;
#122 = FACE_OUTER_BOUND ( 'NONE', #1994, .T. ) ;
#123 = EDGE_CURVE ( 'NONE', #231, #2000, #705, .T. ) ;
#124 = CARTESIAN_POINT ( 'NONE',  ( 5.471370941386530800, 5.051000000000001000, -5.205917668354676800 ) ) ;
#125 = VERTEX_POINT ( 'NONE', #3721 ) ;
#126 = SURFACE_STYLE_USAGE ( .BOTH. , #5112 ) ;
#127 = EDGE_CURVE ( 'NONE', #4983, #4992, #1282, .T. ) ;
#128 = ADVANCED_FACE ( 'NONE', ( #2004 ), #2938, .F. ) ;
#129 = VECTOR ( 'NONE', #5173, 1000.000000000000000 ) ;
#130 =( GEOMETRIC_REPRESENTATION_CONTEXT ( 3 ) GLOBAL_UNCERTAINTY_ASSIGNED_CONTEXT ( ( #543 ) ) GLOBAL_UNIT_ASSIGNED_CONTEXT ( ( #308, #5331, #4055 ) ) REPRESENTATION_CONTEXT ( 'NONE', 'WORKASPACE' ) );
#131 =( LENGTH_UNIT ( ) NAMED_UNIT ( * ) SI_UNIT ( .MILLI., .METRE. ) );
#132 = FACE_OUTER_BOUND ( 'NONE', #3874, .T. ) ;
#133 = SURFACE_SIDE_STYLE ('',( #4021 ) ) ;
#134 = LINE ( 'NONE', #2162, #3514 ) ;
#135 = DIRECTION ( 'NONE',  ( 0.2760118818968575500, 0.0000000000000000000, -0.9611542233438684600 ) ) ;
#136 = COLOUR_RGB ( '',1.000000000000000000, 1.000000000000000000, 1.000000000000000000 ) ;
#137 = ORIENTED_EDGE ( 'NONE', *, *, #3005, .T. ) ;
#138 = CARTESIAN_POINT ( 'NONE',  ( 8.249878123737223800, 5.051000000000001000, -5.205917668354676800 ) ) ;
#139 = LINE ( 'NONE', #3310, #4503 ) ;
#140 = MECHANICAL_DESIGN_GEOMETRIC_PRESENTATION_REPRESENTATION (  '', ( #2196 ), #5259 ) ;
#141 = FILL_AREA_STYLE_COLOUR ( '', #406 ) ;
#142 = CARTESIAN_POINT ( 'NONE',  ( 7.449999999999999300, -4.049999999999999800, -0.6149999999999988800 ) ) ;
#143 = EDGE_LOOP ( 'NONE', ( #3049, #3843, #1291, #960 ) ) ;
#144 = SURFACE_SIDE_STYLE ('',( #1361 ) ) ;
#145 =( NAMED_UNIT ( * ) SI_UNIT ( $, .STERADIAN. ) SOLID_ANGLE_UNIT ( ) );
#146 =( GEOMETRIC_REPRESENTATION_CONTEXT ( 3 ) GLOBAL_UNCERTAINTY_ASSIGNED_CONTEXT ( ( #2327 ) ) GLOBAL_UNIT_ASSIGNED_CONTEXT ( ( #496, #5079, #2607 ) ) REPRESENTATION_CONTEXT ( 'NONE', 'WORKASPACE' ) );
#147 =( NAMED_UNIT ( * ) SI_UNIT ( $, .STERADIAN. ) SOLID_ANGLE_UNIT ( ) );
#148 = ORIENTED_EDGE ( 'NONE', *, *, #839, .F. ) ;
#149 = EDGE_CURVE ( 'NONE', #3893, #1855, #951, .T. ) ;
#150 = FILL_AREA_STYLE ('',( #1024 ) ) ;
#151 = CARTESIAN_POINT ( 'NONE',  ( 4.707035546987861500, 5.051000000000001000, -5.205917668354676800 ) ) ;
#152 = PLANE ( 'NONE',  #4315 ) ;
#153 = PRESENTATION_STYLE_ASSIGNMENT (( #2220 ) ) ;
#154 = ORIENTED_EDGE ( 'NONE', *, *, #1746, .T. ) ;
#155 = DIRECTION ( 'NONE',  ( -0.2729786930695601300, 0.0000000000000000000, 0.9620200793798613400 ) ) ;
#156 = AXIS2_PLACEMENT_3D ( 'NONE', #106, #158, #1756 ) ;
#157 = VERTEX_POINT ( 'NONE', #3363 ) ;
#158 = DIRECTION ( 'NONE',  ( 0.0000000000000000000, 0.0000000000000000000, -1.000000000000000000 ) ) ;
#159 = PRESENTATION_LAYER_ASSIGNMENT (  '', '', ( #2867 ) ) ;
#160 = COLOUR_RGB ( '',0.8980392156862745400, 0.9215686274509803400, 0.9294117647058823800 ) ;
#161 = CARTESIAN_POINT ( 'NONE',  ( 6.328972429650926700, 5.051000000000001000, -4.527026645098537500 ) ) ;
#162 = EDGE_CURVE ( 'NONE', #3569, #4483, #3561, .T. ) ;
#163 = VERTEX_POINT ( 'NONE', #1252 ) ;
#164 = CARTESIAN_POINT ( 'NONE',  ( 10.56000000000000000, 0.0000000000000000000, -0.2000000000000000100 ) ) ;
#165 = DIRECTION ( 'NONE',  ( 0.0000000000000000000, 0.0000000000000000000, 1.000000000000000000 ) ) ;
#166 =( NAMED_UNIT ( * ) SI_UNIT ( $, .STERADIAN. ) SOLID_ANGLE_UNIT ( ) );
#167 = ORIENTED_EDGE ( 'NONE', *, *, #2790, .F. ) ;
#169 = DIRECTION ( 'NONE',  ( 0.2746918797667241000, 0.0000000000000000000, -0.9615323037684296900 ) ) ;
#168 = CARTESIAN_POINT ( 'NONE',  ( 3.640000000000000100, 0.0000000000000000000, -9.000000000000000000 ) ) ;
#170 = DIRECTION ( 'NONE',  ( -0.9601763114346030200, 0.0000000000000000000, -0.2793947940814935400 ) ) ;
#171 = CARTESIAN_POINT ( 'NONE',  ( 9.289999999999997400, -4.049999999999999800, -0.6149999999999989900 ) ) ;
#172 = VECTOR ( 'NONE', #1817, 1000.000000000000200 ) ;
#173 = ORIENTED_EDGE ( 'NONE', *, *, #4697, .T. ) ;
#174 = VECTOR ( 'NONE', #4000, 999.9999999999998900 ) ;
#175 = AXIS2_PLACEMENT_3D ( 'NONE', #4776, #3539, #3113 ) ;
#176 = VECTOR ( 'NONE', #1263, 1000.000000000000000 ) ;
#177 = CARTESIAN_POINT ( 'NONE',  ( 9.289999999999997400, 0.0000000000000000000, -8.235000000000001200 ) ) ;
#178 = SURFACE_STYLE_FILL_AREA ( #4852 ) ;
#179 = LINE ( 'NONE', #5095, #4470 ) ;
#180 = PRESENTATION_LAYER_ASSIGNMENT (  '', '', ( #5297 ) ) ;
#181 =( NAMED_UNIT ( * ) SI_UNIT ( $, .STERADIAN. ) SOLID_ANGLE_UNIT ( ) );
#182 = ORIENTED_EDGE ( 'NONE', *, *, #2052, .F. ) ;
#183 = CARTESIAN_POINT ( 'NONE',  ( 4.358931573360483600, 5.051000000000001000, -3.996226937848596600 ) ) ;
#184 = DIRECTION ( 'NONE',  ( -0.0000000000000000000, -1.000000000000000000, -0.0000000000000000000 ) ) ;
#185 = CARTESIAN_POINT ( 'NONE',  ( 9.989999999999998400, -4.049999999999999800, -0.7900000000000008100 ) ) ;
#186 = DIRECTION ( 'NONE',  ( -1.000000000000000000, 0.0000000000000000000, -3.097720492815722700E-016 ) ) ;
#187 = VERTEX_POINT ( 'NONE', #838 ) ;
#188 =( GEOMETRIC_REPRESENTATION_CONTEXT ( 3 ) GLOBAL_UNCERTAINTY_ASSIGNED_CONTEXT ( ( #901 ) ) GLOBAL_UNIT_ASSIGNED_CONTEXT ( ( #5251, #3595, #703 ) ) REPRESENTATION_CONTEXT ( 'NONE', 'WORKASPACE' ) );
#189 = DIRECTION ( 'NONE',  ( 1.000000000000000000, 0.0000000000000000000, -0.0000000000000000000 ) ) ;
#190 = LINE ( 'NONE', #4904, #2946 ) ;
#191 =( GEOMETRIC_REPRESENTATION_CONTEXT ( 3 ) GLOBAL_UNCERTAINTY_ASSIGNED_CONTEXT ( ( #1573 ) ) GLOBAL_UNIT_ASSIGNED_CONTEXT ( ( #574, #4253, #2223 ) ) REPRESENTATION_CONTEXT ( 'NONE', 'WORKASPACE' ) );
#192 = FACE_OUTER_BOUND ( 'NONE', #4200, .T. ) ;
#193 =( NAMED_UNIT ( * ) SI_UNIT ( $, .STERADIAN. ) SOLID_ANGLE_UNIT ( ) );
#194 = COLOUR_RGB ( '',1.000000000000000000, 1.000000000000000000, 1.000000000000000000 ) ;
#195 = EDGE_CURVE ( 'NONE', #4241, #1892, #3488, .T. ) ;
#196 = VECTOR ( 'NONE', #4788, 1000.000000000000000 ) ;
#197 = DIRECTION ( 'NONE',  ( 1.000000000000000000, 0.0000000000000000000, -0.0000000000000000000 ) ) ;
#198 =( NAMED_UNIT ( * ) SI_UNIT ( $, .STERADIAN. ) SOLID_ANGLE_UNIT ( ) );
#199 =( NAMED_UNIT ( * ) SI_UNIT ( $, .STERADIAN. ) SOLID_ANGLE_UNIT ( ) );
#200 = PLANE ( 'NONE',  #717 ) ;
#201 = UNCERTAINTY_MEASURE_WITH_UNIT (LENGTH_MEASURE( 1.000000000000000100E-005 ), #1882, 'distance_accuracy_value', 'NONE');
#202 = DIRECTION ( 'NONE',  ( 0.9999891854650020400, 0.0000000000000000000, 0.004650693823676657300 ) ) ;
#203 =( GEOMETRIC_REPRESENTATION_CONTEXT ( 3 ) GLOBAL_UNCERTAINTY_ASSIGNED_CONTEXT ( ( #2150 ) ) GLOBAL_UNIT_ASSIGNED_CONTEXT ( ( #3933, #4812, #2692 ) ) REPRESENTATION_CONTEXT ( 'NONE', 'WORKASPACE' ) );
#204 = FILL_AREA_STYLE_COLOUR ( '', #3325 ) ;
#205 = COLOUR_RGB ( '',1.000000000000000000, 1.000000000000000000, 1.000000000000000000 ) ;
#206 = PRESENTATION_STYLE_ASSIGNMENT (( #5231 ) ) ;
#207 = ORIENTED_EDGE ( 'NONE', *, *, #4645, .F. ) ;
#208 =( GEOMETRIC_REPRESENTATION_CONTEXT ( 3 ) GLOBAL_UNCERTAINTY_ASSIGNED_CONTEXT ( ( #4247 ) ) GLOBAL_UNIT_ASSIGNED_CONTEXT ( ( #247, #3165, #671 ) ) REPRESENTATION_CONTEXT ( 'NONE', 'WORKASPACE' ) );
#209 = CARTESIAN_POINT ( 'NONE',  ( 9.512917331921674000, 5.051000000000001000, -3.996226937848597500 ) ) ;
#210 = EDGE_CURVE ( 'NONE', #1131, #4983, #4847, .T. ) ;
#211 = VECTOR ( 'NONE', #4782, 999.9999999999998900 ) ;
#212 = EDGE_LOOP ( 'NONE', ( #394, #3109, #2381, #3646 ) ) ;
#213 = ORIENTED_EDGE ( 'NONE', *, *, #3764, .F. ) ;
#214 = SURFACE_SIDE_STYLE ('',( #524 ) ) ;
#215 =( NAMED_UNIT ( * ) SI_UNIT ( $, .STERADIAN. ) SOLID_ANGLE_UNIT ( ) );
#216 = PRESENTATION_LAYER_ASSIGNMENT (  '', '', ( #3239 ) ) ;
#217 = CARTESIAN_POINT ( 'NONE',  ( 5.178910637437359000, 5.050000000000000700, -3.996226937848596600 ) ) ;
#218 = EDGE_CURVE ( 'NONE', #5082, #3564, #234, .T. ) ;
#219 = VERTEX_POINT ( 'NONE', #4827 ) ;
#220 = DIRECTION ( 'NONE',  ( 0.9280290862136721900, 0.0000000000000000000, -0.3725077383644756500 ) ) ;
#221 = FILL_AREA_STYLE ('',( #1848 ) ) ;
#222 = UNCERTAINTY_MEASURE_WITH_UNIT (LENGTH_MEASURE( 1.000000000000000100E-005 ), #306, 'distance_accuracy_value', 'NONE');
#223 = PRESENTATION_LAYER_ASSIGNMENT (  '', '', ( #4137 ) ) ;
#224 = FACE_OUTER_BOUND ( 'NONE', #4270, .T. ) ;
#225 = UNCERTAINTY_MEASURE_WITH_UNIT (LENGTH_MEASURE( 1.000000000000000100E-005 ), #3604, 'distance_accuracy_value', 'NONE');
#226 = CARTESIAN_POINT ( 'NONE',  ( 9.081208083500273500, 5.050000000000000700, -4.974059236185391700 ) ) ;
#227 = DIRECTION ( 'NONE',  ( -0.0000000000000000000, 0.0000000000000000000, 1.000000000000000000 ) ) ;
#228 = ORIENTED_EDGE ( 'NONE', *, *, #1999, .F. ) ;
#229 =( NAMED_UNIT ( * ) SI_UNIT ( $, .STERADIAN. ) SOLID_ANGLE_UNIT ( ) );
#230 = DIRECTION ( 'NONE',  ( -0.2762033010251985200, -0.0000000000000000000, 0.9610992334315866500 ) ) ;
#231 = VERTEX_POINT ( 'NONE', #3981 ) ;
#232 = PRESENTATION_STYLE_ASSIGNMENT (( #1039 ) ) ;
#233 = FILL_AREA_STYLE ('',( #3982 ) ) ;
#234 = LINE ( 'NONE', #5265, #4707 ) ;
#235 = PRESENTATION_STYLE_ASSIGNMENT (( #4667 ) ) ;
#236 = ORIENTED_EDGE ( 'NONE', *, *, #2675, .T. ) ;
#237 = SURFACE_STYLE_USAGE ( .BOTH. , #886 ) ;
#238 =( NAMED_UNIT ( * ) PLANE_ANGLE_UNIT ( ) SI_UNIT ( $, .RADIAN. ) );
#239 = ADVANCED_FACE ( 'NONE', ( #2782 ), #1082, .F. ) ;
#240 = DIRECTION ( 'NONE',  ( -0.4443210308329204100, 0.0000000000000000000, 0.8958676361826958300 ) ) ;
#241 = SURFACE_SIDE_STYLE ('',( #1456 ) ) ;
#242 = COLOUR_RGB ( '',1.000000000000000000, 1.000000000000000000, 1.000000000000000000 ) ;
#243 =( LENGTH_UNIT ( ) NAMED_UNIT ( * ) SI_UNIT ( .MILLI., .METRE. ) );
#244 = ORIENTED_EDGE ( 'NONE', *, *, #1172, .F. ) ;
#245 = COLOUR_RGB ( '',1.000000000000000000, 1.000000000000000000, 1.000000000000000000 ) ;
#246 =( NAMED_UNIT ( * ) PLANE_ANGLE_UNIT ( ) SI_UNIT ( $, .RADIAN. ) );
#247 =( LENGTH_UNIT ( ) NAMED_UNIT ( * ) SI_UNIT ( .MILLI., .METRE. ) );
#248 = EDGE_CURVE ( 'NONE', #5370, #1289, #3333, .T. ) ;
#249 = VERTEX_POINT ( 'NONE', #4385 ) ;
#250 = VECTOR ( 'NONE', #5237, 1000.000000000000000 ) ;
#251 = VERTEX_POINT ( 'NONE', #3174 ) ;
#253 = VECTOR ( 'NONE', #1004, 1000.000000000000000 ) ;
#252 = CARTESIAN_POINT ( 'NONE',  ( 6.490253737695161000, 5.051000000000001000, -4.975659249163766300 ) ) ;
#254 = MECHANICAL_DESIGN_GEOMETRIC_PRESENTATION_REPRESENTATION (  '', ( #3814 ), #2128 ) ;
#255 = SURFACE_STYLE_USAGE ( .BOTH. , #2747 ) ;
#256 = EDGE_LOOP ( 'NONE', ( #3720, #4988, #579, #3480 ) ) ;
#257 = VECTOR ( 'NONE', #4208, 1000.000000000000000 ) ;
#258 = MECHANICAL_DESIGN_GEOMETRIC_PRESENTATION_REPRESENTATION (  '', ( #2597 ), #4925 ) ;
#259 =( NAMED_UNIT ( * ) SI_UNIT ( $, .STERADIAN. ) SOLID_ANGLE_UNIT ( ) );
#260 = CARTESIAN_POINT ( 'NONE',  ( 6.749999999999999100, 0.0000000000000000000, -8.585000000000000900 ) ) ;
#261 = EDGE_CURVE ( 'NONE', #3241, #349, #2059, .T. ) ;
#262 = DIRECTION ( 'NONE',  ( -1.000000000000000000, 0.0000000000000000000, -0.0000000000000000000 ) ) ;
#263 = LINE ( 'NONE', #2198, #4549 ) ;
#264 = CARTESIAN_POINT ( 'NONE',  ( 6.555651969246063100, 5.051000000000001000, -5.205917668354676800 ) ) ;
#265 = LINE ( 'NONE', #3145, #657 ) ;
#266 = CARTESIAN_POINT ( 'NONE',  ( 4.014950853507274400, 5.051000000000001000, -3.996226937848596600 ) ) ;
#267 = SURFACE_STYLE_USAGE ( .BOTH. , #1064 ) ;
#268 = LINE ( 'NONE', #5232, #5263 ) ;
#269 =( LENGTH_UNIT ( ) NAMED_UNIT ( * ) SI_UNIT ( .MILLI., .METRE. ) );
#270 = AXIS2_PLACEMENT_3D ( 'NONE', #1360, #3050, #3085 ) ;
#271 = SURFACE_SIDE_STYLE ('',( #1914 ) ) ;
#272 = VERTEX_POINT ( 'NONE', #4846 ) ;
#273 =( NAMED_UNIT ( * ) SI_UNIT ( $, .STERADIAN. ) SOLID_ANGLE_UNIT ( ) );
#274 = CARTESIAN_POINT ( 'NONE',  ( 5.073273000045511500, 5.051000000000001000, -5.205917668354676800 ) ) ;
#275 = COLOUR_RGB ( '',1.000000000000000000, 1.000000000000000000, 1.000000000000000000 ) ;
#276 =( NAMED_UNIT ( * ) SI_UNIT ( $, .STERADIAN. ) SOLID_ANGLE_UNIT ( ) );
#277 = PRESENTATION_STYLE_ASSIGNMENT (( #1833 ) ) ;
#278 = FILL_AREA_STYLE_COLOUR ( '', #2795 ) ;
#279 = SURFACE_STYLE_FILL_AREA ( #4777 ) ;
#280 = ADVANCED_FACE ( 'NONE', ( #3436 ), #4004, .F. ) ;
#281 = SURFACE_SIDE_STYLE ('',( #2431 ) ) ;
#282 = EDGE_CURVE ( 'NONE', #488, #3633, #2189, .T. ) ;
#283 = FILL_AREA_STYLE ('',( #4425 ) ) ;
#284 = SURFACE_SIDE_STYLE ('',( #5146 ) ) ;
#285 = DIRECTION ( 'NONE',  ( 1.000000000000000000, 0.0000000000000000000, 0.0000000000000000000 ) ) ;
#286 = ORIENTED_EDGE ( 'NONE', *, *, #1249, .T. ) ;
#287 = CARTESIAN_POINT ( 'NONE',  ( 5.809832587082340200, 5.051000000000001000, -4.527026645098537500 ) ) ;
#288 = SURFACE_STYLE_USAGE ( .BOTH. , #241 ) ;
#289 = FILL_AREA_STYLE ('',( #2277 ) ) ;
#290 = PRESENTATION_STYLE_ASSIGNMENT (( #621 ) ) ;
#291 =( NAMED_UNIT ( * ) SI_UNIT ( $, .STERADIAN. ) SOLID_ANGLE_UNIT ( ) );
#292 = ORIENTED_EDGE ( 'NONE', *, *, #3944, .T. ) ;
#293 = CARTESIAN_POINT ( 'NONE',  ( 7.756345844204541400, 5.051000000000001000, -3.996226937848596600 ) ) ;
#294 = MECHANICAL_DESIGN_GEOMETRIC_PRESENTATION_REPRESENTATION (  '', ( #670 ), #2621 ) ;
#295 = CARTESIAN_POINT ( 'NONE',  ( 11.26000000000000000, 0.0000000000000000000, -9.000000000000000000 ) ) ;
#296 = FACE_OUTER_BOUND ( 'NONE', #4945, .T. ) ;
#297 = DIRECTION ( 'NONE',  ( -0.0000000000000000000, -1.000000000000000000, -0.0000000000000000000 ) ) ;
#298 = ORIENTED_EDGE ( 'NONE', *, *, #3126, .T. ) ;
#299 = AXIS2_PLACEMENT_3D ( 'NONE', #4809, #2750, #3156 ) ;
#300 = ORIENTED_EDGE ( 'NONE', *, *, #449, .T. ) ;
#301 = PLANE ( 'NONE',  #4424 ) ;
#302 = EDGE_CURVE ( 'NONE', #702, #381, #701, .T. ) ;
#303 = LINE ( 'NONE', #2947, #1656 ) ;
#304 = EDGE_LOOP ( 'NONE', ( #4512, #4030, #568, #2635 ) ) ;
#305 = STYLED_ITEM ( 'NONE', ( #3710 ), #2026 ) ;
#306 =( LENGTH_UNIT ( ) NAMED_UNIT ( * ) SI_UNIT ( .MILLI., .METRE. ) );
#307 = DIRECTION ( 'NONE',  ( -0.0000000000000000000, -1.000000000000000000, -0.0000000000000000000 ) ) ;
#308 =( LENGTH_UNIT ( ) NAMED_UNIT ( * ) SI_UNIT ( .MILLI., .METRE. ) );
#309 = ORIENTED_EDGE ( 'NONE', *, *, #2450, .F. ) ;
#310 = FILL_AREA_STYLE_COLOUR ( '', #4665 ) ;
#311 = MECHANICAL_DESIGN_GEOMETRIC_PRESENTATION_REPRESENTATION (  '', ( #4745 ), #1760 ) ;
#312 = FILL_AREA_STYLE_COLOUR ( '', #5224 ) ;
#313 = DIRECTION ( 'NONE',  ( -0.9615323037684296900, 0.0000000000000000000, -0.2746918797667241000 ) ) ;
#314 = PLANE ( 'NONE',  #2684 ) ;
#315 = DIRECTION ( 'NONE',  ( -1.000000000000000000, 0.0000000000000000000, 0.0000000000000000000 ) ) ;
#316 = COLOUR_RGB ( '',0.8980392156862745400, 0.9215686274509803400, 0.9294117647058823800 ) ;
#317 = EDGE_CURVE ( 'NONE', #2407, #4443, #2918, .T. ) ;
#318 = EDGE_LOOP ( 'NONE', ( #33, #2767, #2331, #1339 ) ) ;
#319 = SURFACE_SIDE_STYLE ('',( #2253 ) ) ;
#320 = DIRECTION ( 'NONE',  ( 0.0000000000000000000, 0.0000000000000000000, -1.000000000000000000 ) ) ;
#321 = LINE ( 'NONE', #3937, #3768 ) ;
#322 =( GEOMETRIC_REPRESENTATION_CONTEXT ( 3 ) GLOBAL_UNCERTAINTY_ASSIGNED_CONTEXT ( ( #2208 ) ) GLOBAL_UNIT_ASSIGNED_CONTEXT ( ( #368, #4896, #2461 ) ) REPRESENTATION_CONTEXT ( 'NONE', 'WORKASPACE' ) );
#323 = ORIENTED_EDGE ( 'NONE', *, *, #1814, .F. ) ;
#324 = LINE ( 'NONE', #1695, #4598 ) ;
#325 = ORIENTED_EDGE ( 'NONE', *, *, #2851, .T. ) ;
#326 = CARTESIAN_POINT ( 'NONE',  ( 4.547192410558964500, 5.051000000000001000, -4.653056172982742200 ) ) ;
#327 = PRESENTATION_STYLE_ASSIGNMENT (( #3903 ) ) ;
#328 = DIRECTION ( 'NONE',  ( -0.2793947940878216400, 0.0000000000000000000, 0.9601763114327616100 ) ) ;
#329 = CARTESIAN_POINT ( 'NONE',  ( 8.311767360338937000, 5.051000000000001000, -4.226415471414234100 ) ) ;
#330 = CARTESIAN_POINT ( 'NONE',  ( 9.989999999999996700, -4.049999999999999800, -8.235000000000001200 ) ) ;
#331 = ORIENTED_EDGE ( 'NONE', *, *, #1480, .T. ) ;
#332 = COLOUR_RGB ( '',0.6941176470588235100, 0.09803921568627450800, 0.09803921568627450800 ) ;
#333 = COLOUR_RGB ( '',0.8980392156862745400, 0.9215686274509803400, 0.9294117647058823800 ) ;
#334 = CARTESIAN_POINT ( 'NONE',  ( 4.362595052319494300, 5.051000000000001000, -5.205917668354676800 ) ) ;
#335 = SURFACE_SIDE_STYLE ('',( #5013 ) ) ;
#336 = FILL_AREA_STYLE_COLOUR ( '', #4736 ) ;
#337 = FILL_AREA_STYLE ('',( #4546 ) ) ;
#338 = ORIENTED_EDGE ( 'NONE', *, *, #2924, .T. ) ;
#339 = ORIENTED_EDGE ( 'NONE', *, *, #1033, .F. ) ;
#340 = SURFACE_STYLE_USAGE ( .BOTH. , #281 ) ;
#341 = UNCERTAINTY_MEASURE_WITH_UNIT (LENGTH_MEASURE( 1.000000000000000100E-005 ), #3829, 'distance_accuracy_value', 'NONE');
#342 = FILL_AREA_STYLE ('',( #4096 ) ) ;
#343 = LINE ( 'NONE', #48, #2811 ) ;
#344 = MECHANICAL_DESIGN_GEOMETRIC_PRESENTATION_REPRESENTATION (  '', ( #3411 ), #1881 ) ;
#345 = EDGE_CURVE ( 'NONE', #5216, #407, #4395, .T. ) ;
#346 = COLOUR_RGB ( '',0.8980392156862745400, 0.9215686274509803400, 0.9294117647058823800 ) ;
#347 =( LENGTH_UNIT ( ) NAMED_UNIT ( * ) SI_UNIT ( .MILLI., .METRE. ) );
#348 = STYLED_ITEM ( 'NONE', ( #2487 ), #3635 ) ;
#349 = VERTEX_POINT ( 'NONE', #4060 ) ;
#350 = CARTESIAN_POINT ( 'NONE',  ( 7.449999999999999300, 0.0000000000000000000, -8.235000000000001200 ) ) ;
#351 = SURFACE_SIDE_STYLE ('',( #4107 ) ) ;
#352 = MECHANICAL_DESIGN_GEOMETRIC_PRESENTATION_REPRESENTATION (  '', ( #4898 ), #613 ) ;
#353 = SURFACE_SIDE_STYLE ('',( #3553 ) ) ;
#354 = FILL_AREA_STYLE ('',( #3685 ) ) ;
#355 = APPLICATION_PROTOCOL_DEFINITION ( 'draft international standard', 'automotive_design', 1998, #2390 ) ;
#356 = AXIS2_PLACEMENT_3D ( 'NONE', #1446, #665, #2737 ) ;
#357 =( NAMED_UNIT ( * ) PLANE_ANGLE_UNIT ( ) SI_UNIT ( $, .RADIAN. ) );
#358 = CARTESIAN_POINT ( 'NONE',  ( 6.394753193036271100, 5.051000000000001000, -4.226371333128317300 ) ) ;
#359 =( NAMED_UNIT ( * ) SI_UNIT ( $, .STERADIAN. ) SOLID_ANGLE_UNIT ( ) );
#360 = VECTOR ( 'NONE', #470, 1000.000000000000000 ) ;
#361 = EDGE_LOOP ( 'NONE', ( #2308, #3360 ) ) ;
#362 = SURFACE_SIDE_STYLE ('',( #1718 ) ) ;
#363 = ORIENTED_EDGE ( 'NONE', *, *, #661, .F. ) ;
#364 = CARTESIAN_POINT ( 'NONE',  ( 4.547192410558964500, 5.051000000000001000, -4.653056172982742200 ) ) ;
#365 = SURFACE_STYLE_FILL_AREA ( #1809 ) ;
#366 = VERTEX_POINT ( 'NONE', #1531 ) ;
#367 = SURFACE_SIDE_STYLE ('',( #4717 ) ) ;
#368 =( LENGTH_UNIT ( ) NAMED_UNIT ( * ) SI_UNIT ( .MILLI., .METRE. ) );
#369 = DIRECTION ( 'NONE',  ( -4.956352788505111400E-015, 0.0000000000000000000, 1.000000000000000000 ) ) ;
#370 = PRESENTATION_STYLE_ASSIGNMENT (( #3910 ) ) ;
#371 =( NAMED_UNIT ( * ) PLANE_ANGLE_UNIT ( ) SI_UNIT ( $, .RADIAN. ) );
#372 = PLANE ( 'NONE',  #373 ) ;
#373 = AXIS2_PLACEMENT_3D ( 'NONE', #1198, #3272, #771 ) ;
#374 = PRODUCT ( 'IR_TEA2_L14.2W9.2H5.4', 'IR_TEA2_L14.2W9.2H5.4', '', ( #772 ) ) ;
#375 = DIRECTION ( 'NONE',  ( 0.0000000000000000000, 0.0000000000000000000, 1.000000000000000000 ) ) ;
#376 = ORIENTED_EDGE ( 'NONE', *, *, #1589, .T. ) ;
#377 =( GEOMETRIC_REPRESENTATION_CONTEXT ( 3 ) GLOBAL_UNCERTAINTY_ASSIGNED_CONTEXT ( ( #4817 ) ) GLOBAL_UNIT_ASSIGNED_CONTEXT ( ( #2769, #3628, #4464 ) ) REPRESENTATION_CONTEXT ( 'NONE', 'WORKASPACE' ) );
#378 = VECTOR ( 'NONE', #2377, 1000.000000000000000 ) ;
#379 = DIRECTION ( 'NONE',  ( -0.6995643972270410000, 0.0000000000000000000, -0.7145695586381823900 ) ) ;
#380 = EDGE_CURVE ( 'NONE', #3633, #731, #1920, .T. ) ;
#381 = VERTEX_POINT ( 'NONE', #3622 ) ;
#382 = ORIENTED_EDGE ( 'NONE', *, *, #162, .T. ) ;
#383 = LINE ( 'NONE', #4308, #1458 ) ;
#384 = ORIENTED_EDGE ( 'NONE', *, *, #1746, .F. ) ;
#385 =( GEOMETRIC_REPRESENTATION_CONTEXT ( 3 ) GLOBAL_UNCERTAINTY_ASSIGNED_CONTEXT ( ( #742 ) ) GLOBAL_UNIT_ASSIGNED_CONTEXT ( ( #4475, #3265, #1991 ) ) REPRESENTATION_CONTEXT ( 'NONE', 'WORKASPACE' ) );
#386 = CARTESIAN_POINT ( 'NONE',  ( 14.19999999999999900, 5.050000000000000700, 0.0000000000000000000 ) ) ;
#387 = SURFACE_SIDE_STYLE ('',( #2873 ) ) ;
#388 = FACE_OUTER_BOUND ( 'NONE', #1508, .T. ) ;
#389 = PRESENTATION_STYLE_ASSIGNMENT (( #1500 ) ) ;
#390 = ORIENTED_EDGE ( 'NONE', *, *, #3018, .T. ) ;
#391 = SURFACE_STYLE_FILL_AREA ( #4422 ) ;
#392 =( GEOMETRIC_REPRESENTATION_CONTEXT ( 3 ) GLOBAL_UNCERTAINTY_ASSIGNED_CONTEXT ( ( #4233 ) ) GLOBAL_UNIT_ASSIGNED_CONTEXT ( ( #3788, #42, #1237 ) ) REPRESENTATION_CONTEXT ( 'NONE', 'WORKASPACE' ) );
#393 = PLANE ( 'NONE',  #2058 ) ;
#394 = ORIENTED_EDGE ( 'NONE', *, *, #3219, .T. ) ;
#395 = EDGE_CURVE ( 'NONE', #2556, #4159, #4265, .T. ) ;
#396 = SURFACE_STYLE_FILL_AREA ( #2855 ) ;
#397 = ORIENTED_EDGE ( 'NONE', *, *, #5029, .F. ) ;
#398 = ORIENTED_EDGE ( 'NONE', *, *, #1498, .T. ) ;
#400 = LINE ( 'NONE', #5289, #454 ) ;
#399 = DIRECTION ( 'NONE',  ( 0.0000000000000000000, -0.0000000000000000000, 1.000000000000000000 ) ) ;
#401 = UNCERTAINTY_MEASURE_WITH_UNIT (LENGTH_MEASURE( 1.000000000000000100E-005 ), #4819, 'distance_accuracy_value', 'NONE');
#402 = ADVANCED_FACE ( 'NONE', ( #2532 ), #3994, .F. ) ;
#403 = DIRECTION ( 'NONE',  ( -1.000000000000000000, 0.0000000000000000000, 0.0000000000000000000 ) ) ;
#404 = ORIENTED_EDGE ( 'NONE', *, *, #1616, .T. ) ;
#405 = VECTOR ( 'NONE', #3865, 1000.000000000000000 ) ;
#406 = COLOUR_RGB ( '',1.000000000000000000, 1.000000000000000000, 1.000000000000000000 ) ;
#407 = VERTEX_POINT ( 'NONE', #2365 ) ;
#408 =( LENGTH_UNIT ( ) NAMED_UNIT ( * ) SI_UNIT ( .MILLI., .METRE. ) );
#409 = SURFACE_STYLE_FILL_AREA ( #2799 ) ;
#410 = FILL_AREA_STYLE ('',( #108 ) ) ;
#411 = PRESENTATION_LAYER_ASSIGNMENT (  '', '', ( #5211 ) ) ;
#412 =( NAMED_UNIT ( * ) SI_UNIT ( $, .STERADIAN. ) SOLID_ANGLE_UNIT ( ) );
#413 = LINE ( 'NONE', #1384, #1626 ) ;
#414 = AXIS2_PLACEMENT_3D ( 'NONE', #5197, #4400, #4358 ) ;
#415 = DIRECTION ( 'NONE',  ( -1.000000000000000000, -0.0000000000000000000, -0.0000000000000000000 ) ) ;
#416 = LINE ( 'NONE', #3686, #3516 ) ;
#417 = UNCERTAINTY_MEASURE_WITH_UNIT (LENGTH_MEASURE( 1.000000000000000100E-005 ), #4675, 'distance_accuracy_value', 'NONE');
#418 = DIRECTION ( 'NONE',  ( -1.000000000000000000, -0.0000000000000000000, -0.0000000000000000000 ) ) ;
#419 = PRESENTATION_STYLE_ASSIGNMENT (( #1916 ) ) ;
#420 = CARTESIAN_POINT ( 'NONE',  ( 11.82999999999999700, -4.049999999999999800, -8.585000000000000900 ) ) ;
#421 = LINE ( 'NONE', #88, #1696 ) ;
#422 = EDGE_CURVE ( 'NONE', #4275, #4409, #3594, .T. ) ;
#423 = CARTESIAN_POINT ( 'NONE',  ( 9.289999999999997400, -4.049999999999999800, -0.6149999999999989900 ) ) ;
#424 = DIRECTION ( 'NONE',  ( 0.0000000000000000000, -0.0000000000000000000, 1.000000000000000000 ) ) ;
#425 = STYLED_ITEM ( 'NONE', ( #2718 ), #3821 ) ;
#426 = ADVANCED_FACE ( 'NONE', ( #3048 ), #4837, .F. ) ;
#427 = ORIENTED_EDGE ( 'NONE', *, *, #5282, .T. ) ;
#428 = EDGE_CURVE ( 'NONE', #4983, #1791, #2746, .T. ) ;
#429 = SURFACE_STYLE_FILL_AREA ( #1887 ) ;
#430 = ORIENTED_EDGE ( 'NONE', *, *, #2477, .T. ) ;
#431 =( LENGTH_UNIT ( ) NAMED_UNIT ( * ) SI_UNIT ( .MILLI., .METRE. ) );
#432 = DIRECTION ( 'NONE',  ( -9.912705577010435800E-015, 0.0000000000000000000, 1.000000000000000000 ) ) ;
#433 = AXIS2_PLACEMENT_3D ( 'NONE', #647, #1037, #601 ) ;
#434 = VECTOR ( 'NONE', #4762, 1000.000000000000000 ) ;
#435 = ORIENTED_EDGE ( 'NONE', *, *, #4133, .F. ) ;
#436 = COLOUR_RGB ( '',0.8980392156862745400, 0.9215686274509803400, 0.9294117647058823800 ) ;
#437 = ORIENTED_EDGE ( 'NONE', *, *, #3803, .T. ) ;
#438 = VERTEX_POINT ( 'NONE', #1909 ) ;
#439 = EDGE_CURVE ( 'NONE', #1065, #819, #867, .T. ) ;
#440 = ORIENTED_EDGE ( 'NONE', *, *, #3727, .F. ) ;
#441 = LINE ( 'NONE', #5337, #4447 ) ;
#442 = CARTESIAN_POINT ( 'NONE',  ( 6.676311338635463800, 5.051000000000001000, -5.205917668354676800 ) ) ;
#443 = ORIENTED_EDGE ( 'NONE', *, *, #2367, .T. ) ;
#444 = DIRECTION ( 'NONE',  ( -0.0000000000000000000, 1.000000000000000000, -0.0000000000000000000 ) ) ;
#445 = VERTEX_POINT ( 'NONE', #4347 ) ;
#446 = DIRECTION ( 'NONE',  ( -0.0000000000000000000, 1.000000000000000000, -0.0000000000000000000 ) ) ;
#447 = PRESENTATION_LAYER_ASSIGNMENT (  '', '', ( #984 ) ) ;
#448 = ADVANCED_FACE ( 'NONE', ( #1819 ), #691, .F. ) ;
#449 = EDGE_CURVE ( 'NONE', #702, #3571, #2435, .T. ) ;
#450 = VERTEX_POINT ( 'NONE', #1934 ) ;
#451 = PRESENTATION_LAYER_ASSIGNMENT (  '', '', ( #2211 ) ) ;
#452 = DIRECTION ( 'NONE',  ( 1.000000000000000000, 0.0000000000000000000, 0.0000000000000000000 ) ) ;
#453 = ORIENTED_EDGE ( 'NONE', *, *, #5223, .T. ) ;
#454 = VECTOR ( 'NONE', #1549, 1000.000000000000000 ) ;
#455 = DIRECTION ( 'NONE',  ( -1.000000000000000000, 0.0000000000000000000, 0.0000000000000000000 ) ) ;
#456 = LINE ( 'NONE', #3362, #1540 ) ;
#457 = ORIENTED_EDGE ( 'NONE', *, *, #3068, .F. ) ;
#458 = UNCERTAINTY_MEASURE_WITH_UNIT (LENGTH_MEASURE( 1.000000000000000100E-005 ), #1207, 'distance_accuracy_value', 'NONE');
#459 = CARTESIAN_POINT ( 'NONE',  ( 6.401760145451919300, 5.051000000000001000, -3.996226937848596600 ) ) ;
#460 = UNCERTAINTY_MEASURE_WITH_UNIT (LENGTH_MEASURE( 1.000000000000000100E-005 ), #485, 'distance_accuracy_value', 'NONE');
#461 = EDGE_CURVE ( 'NONE', #3684, #775, #2357, .T. ) ;
#462 = ORIENTED_EDGE ( 'NONE', *, *, #2888, .T. ) ;
#463 = DIRECTION ( 'NONE',  ( -0.0000000000000000000, -1.000000000000000000, -0.0000000000000000000 ) ) ;
#464 = VERTEX_POINT ( 'NONE', #260 ) ;
#465 = DIRECTION ( 'NONE',  ( -4.956352788505266800E-015, 0.0000000000000000000, 1.000000000000000000 ) ) ;
#466 =( NAMED_UNIT ( * ) SI_UNIT ( $, .STERADIAN. ) SOLID_ANGLE_UNIT ( ) );
#467 = FILL_AREA_STYLE_COLOUR ( '', #1026 ) ;
#468 = ADVANCED_FACE ( 'NONE', ( #1251 ), #1060, .F. ) ;
#469 = VECTOR ( 'NONE', #4743, 1000.000000000000000 ) ;
#470 = DIRECTION ( 'NONE',  ( -0.0000000000000000000, -0.0000000000000000000, -1.000000000000000000 ) ) ;
#471 = LINE ( 'NONE', #3175, #4742 ) ;
#472 = MECHANICAL_DESIGN_GEOMETRIC_PRESENTATION_REPRESENTATION (  '', ( #5297 ), #4500 ) ;
#473 = SURFACE_STYLE_USAGE ( .BOTH. , #887 ) ;
#474 = EDGE_CURVE ( 'NONE', #2651, #3006, #1961, .T. ) ;
#475 = DIRECTION ( 'NONE',  ( 1.000000000000000000, 0.0000000000000000000, 0.0000000000000000000 ) ) ;
#476 = PRESENTATION_LAYER_ASSIGNMENT (  '', '', ( #3991 ) ) ;
#477 =( NAMED_UNIT ( * ) SI_UNIT ( $, .STERADIAN. ) SOLID_ANGLE_UNIT ( ) );
#478 = SURFACE_SIDE_STYLE ('',( #3240 ) ) ;
#479 = VECTOR ( 'NONE', #2235, 1000.000000000000000 ) ;
#480 = CARTESIAN_POINT ( 'NONE',  ( 4.909999999999999300, -4.049999999999999800, -0.6150000000000166400 ) ) ;
#481 = LINE ( 'NONE', #4368, #3228 ) ;
#482 = AXIS2_PLACEMENT_3D ( 'NONE', #4920, #4078, #5315 ) ;
#483 = VERTEX_POINT ( 'NONE', #1484 ) ;
#484 = EDGE_CURVE ( 'NONE', #4510, #4535, #471, .T. ) ;
#485 =( LENGTH_UNIT ( ) NAMED_UNIT ( * ) SI_UNIT ( .MILLI., .METRE. ) );
#486 = VERTEX_POINT ( 'NONE', #3897 ) ;
#487 = CARTESIAN_POINT ( 'NONE',  ( 7.759700354169155800, 5.050000000000000700, -5.078369047688200400 ) ) ;
#488 = VERTEX_POINT ( 'NONE', #3067 ) ;
#489 = AXIS2_PLACEMENT_3D ( 'NONE', #3645, #4460, #1117 ) ;
#490 = ADVANCED_FACE ( 'NONE', ( #4621 ), #3140, .F. ) ;
#491 = ORIENTED_EDGE ( 'NONE', *, *, #3517, .F. ) ;
#492 = LINE ( 'NONE', #3634, #2583 ) ;
#493 = AXIS2_PLACEMENT_3D ( 'NONE', #3249, #753, #2315 ) ;
#494 = ORIENTED_EDGE ( 'NONE', *, *, #2218, .F. ) ;
#495 = UNCERTAINTY_MEASURE_WITH_UNIT (LENGTH_MEASURE( 1.000000000000000100E-005 ), #243, 'distance_accuracy_value', 'NONE');
#496 =( LENGTH_UNIT ( ) NAMED_UNIT ( * ) SI_UNIT ( .MILLI., .METRE. ) );
#497 = VERTEX_POINT ( 'NONE', #641 ) ;
#498 = EDGE_CURVE ( 'NONE', #249, #2706, #5339, .T. ) ;
#499 = ORIENTED_EDGE ( 'NONE', *, *, #218, .F. ) ;
#500 = SURFACE_STYLE_USAGE ( .BOTH. , #3007 ) ;
#501 = LINE ( 'NONE', #3181, #3256 ) ;
#502 = DIRECTION ( 'NONE',  ( -1.000000000000000000, -0.0000000000000000000, -0.0000000000000000000 ) ) ;
#503 = EDGE_LOOP ( 'NONE', ( #4338, #2574, #1542, #4706 ) ) ;
#504 = DIRECTION ( 'NONE',  ( 0.0000000000000000000, -0.0000000000000000000, 1.000000000000000000 ) ) ;
#505 = AXIS2_PLACEMENT_3D ( 'NONE', #725, #4855, #4433 ) ;
#506 = EDGE_CURVE ( 'NONE', #483, #2077, #1878, .T. ) ;
#507 = DIRECTION ( 'NONE',  ( -1.000000000000000000, 0.0000000000000000000, 0.0000000000000000000 ) ) ;
#508 = ORIENTED_EDGE ( 'NONE', *, *, #2218, .T. ) ;
#509 = COLOUR_RGB ( '',1.000000000000000000, 1.000000000000000000, 1.000000000000000000 ) ;
#510 = ORIENTED_EDGE ( 'NONE', *, *, #210, .F. ) ;
#511 = VECTOR ( 'NONE', #1868, 1000.000000000000000 ) ;
#512 = MECHANICAL_DESIGN_GEOMETRIC_PRESENTATION_REPRESENTATION (  '', ( #991 ), #610 ) ;
#513 = DIRECTION ( 'NONE',  ( 1.000000000000000000, -0.0000000000000000000, -0.0000000000000000000 ) ) ;
#514 = CARTESIAN_POINT ( 'NONE',  ( 5.313872701658665300, 5.050000000000000700, -3.996226937848596600 ) ) ;
#515 = ORIENTED_EDGE ( 'NONE', *, *, #1172, .T. ) ;
#516 = STYLED_ITEM ( 'NONE', ( #370 ), #2148 ) ;
#517 = SURFACE_STYLE_FILL_AREA ( #4897 ) ;
#518 = AXIS2_PLACEMENT_3D ( 'NONE', #5363, #2057, #3731 ) ;
#519 = ORIENTED_EDGE ( 'NONE', *, *, #3407, .T. ) ;
#520 = SURFACE_STYLE_FILL_AREA ( #3663 ) ;
#521 = SURFACE_STYLE_FILL_AREA ( #2437 ) ;
#522 = DIRECTION ( 'NONE',  ( -0.0000000000000000000, -0.0000000000000000000, 1.000000000000000000 ) ) ;
#523 = VECTOR ( 'NONE', #4042, 1000.000000000000000 ) ;
#524 = SURFACE_STYLE_FILL_AREA ( #5154 ) ;
#525 = ORIENTED_EDGE ( 'NONE', *, *, #302, .F. ) ;
#526 = PRESENTATION_STYLE_ASSIGNMENT (( #981 ) ) ;
#527 = EDGE_CURVE ( 'NONE', #624, #4936, #4807, .T. ) ;
#528 = SURFACE_STYLE_USAGE ( .BOTH. , #4708 ) ;
#529 = CARTESIAN_POINT ( 'NONE',  ( 11.82999999999999700, -4.049999999999999800, -8.235000000000001200 ) ) ;
#530 = SURFACE_STYLE_USAGE ( .BOTH. , #3895 ) ;
#531 = STYLED_ITEM ( 'NONE', ( #2030 ), #3208 ) ;
#532 = VECTOR ( 'NONE', #3148, 1000.000000000000000 ) ;
#533 = SURFACE_STYLE_FILL_AREA ( #5353 ) ;
#534 = DIRECTION ( 'NONE',  ( -0.0000000000000000000, -1.000000000000000000, -0.0000000000000000000 ) ) ;
#535 = PRESENTATION_LAYER_ASSIGNMENT (  '', '', ( #922 ) ) ;
#536 = SURFACE_STYLE_USAGE ( .BOTH. , #2598 ) ;
#537 = EDGE_CURVE ( 'NONE', #731, #349, #3348, .T. ) ;
#538 = COLOUR_RGB ( '',1.000000000000000000, 1.000000000000000000, 1.000000000000000000 ) ;
#539 = ADVANCED_FACE ( 'NONE', ( #2886 ), #1863, .F. ) ;
#540 = ORIENTED_EDGE ( 'NONE', *, *, #2273, .T. ) ;
#541 = DIRECTION ( 'NONE',  ( 0.2793947940878216400, 0.0000000000000000000, -0.9601763114327616100 ) ) ;
#542 = AXIS2_PLACEMENT_3D ( 'NONE', #2283, #2265, #1877 ) ;
#543 = UNCERTAINTY_MEASURE_WITH_UNIT (LENGTH_MEASURE( 1.000000000000000100E-005 ), #308, 'distance_accuracy_value', 'NONE');
#544 = ORIENTED_EDGE ( 'NONE', *, *, #1977, .F. ) ;
#545 = FILL_AREA_STYLE_COLOUR ( '', #1261 ) ;
#546 = DIRECTION ( 'NONE',  ( -4.956352788505217900E-015, -0.0000000000000000000, 1.000000000000000000 ) ) ;
#547 = CARTESIAN_POINT ( 'NONE',  ( 7.449999999999999300, -4.049999999999999800, -8.585000000000000900 ) ) ;
#548 = AXIS2_PLACEMENT_3D ( 'NONE', #935, #3499, #165 ) ;
#549 = VERTEX_POINT ( 'NONE', #4336 ) ;
#550 = VERTEX_POINT ( 'NONE', #3547 ) ;
#551 = EDGE_CURVE ( 'NONE', #3023, #1603, #5072, .T. ) ;
#552 = FILL_AREA_STYLE ('',( #4694 ) ) ;
#553 = DIRECTION ( 'NONE',  ( 0.2762033010287890900, 0.0000000000000000000, -0.9610992334305548100 ) ) ;
#554 = ORIENTED_EDGE ( 'NONE', *, *, #4084, .T. ) ;
#555 = DIRECTION ( 'NONE',  ( -1.000000000000000000, 0.0000000000000000000, -3.097720492815722700E-016 ) ) ;
#556 = FILL_AREA_STYLE ('',( #2585 ) ) ;
#557 = DIRECTION ( 'NONE',  ( -0.0000000000000000000, 1.000000000000000000, -0.0000000000000000000 ) ) ;
#558 = EDGE_LOOP ( 'NONE', ( #2562, #1663, #3602, #3536 ) ) ;
#559 = AXIS2_PLACEMENT_3D ( 'NONE', #4095, #2429, #3329 ) ;
#560 = CARTESIAN_POINT ( 'NONE',  ( 6.617081432004043000, 5.051000000000001000, -3.996226937848596600 ) ) ;
#561 = ORIENTED_EDGE ( 'NONE', *, *, #345, .F. ) ;
#562 = FILL_AREA_STYLE_COLOUR ( '', #4725 ) ;
#563 = VECTOR ( 'NONE', #1363, 1000.000000000000000 ) ;
#564 = MECHANICAL_DESIGN_GEOMETRIC_PRESENTATION_REPRESENTATION (  '', ( #26 ), #2536 ) ;
#565 = PLANE ( 'NONE',  #2727 ) ;
#566 = EDGE_CURVE ( 'NONE', #5153, #1205, #3213, .T. ) ;
#567 = LINE ( 'NONE', #2940, #3259 ) ;
#568 = ORIENTED_EDGE ( 'NONE', *, *, #3609, .F. ) ;
#569 = CARTESIAN_POINT ( 'NONE',  ( 12.52999999999999600, -4.049999999999999800, -8.235000000000001200 ) ) ;
#570 = LINE ( 'NONE', #2739, #2792 ) ;
#571 = PLANE ( 'NONE',  #356 ) ;
#572 = PLANE ( 'NONE',  #3824 ) ;
#573 = ORIENTED_EDGE ( 'NONE', *, *, #2305, .T. ) ;
#575 = CARTESIAN_POINT ( 'NONE',  ( 8.980521289887407800, 5.051000000000001000, -4.750616504455980900 ) ) ;
#574 =( LENGTH_UNIT ( ) NAMED_UNIT ( * ) SI_UNIT ( .MILLI., .METRE. ) );
#576 =( GEOMETRIC_REPRESENTATION_CONTEXT ( 3 ) GLOBAL_UNCERTAINTY_ASSIGNED_CONTEXT ( ( #1125 ) ) GLOBAL_UNIT_ASSIGNED_CONTEXT ( ( #3226, #2404, #1133 ) ) REPRESENTATION_CONTEXT ( 'NONE', 'WORKASPACE' ) );
#577 = ORIENTED_EDGE ( 'NONE', *, *, #5186, .F. ) ;
#578 = CARTESIAN_POINT ( 'NONE',  ( 9.989999999999996700, -4.049999999999999800, -0.6149999999999988800 ) ) ;
#579 = ORIENTED_EDGE ( 'NONE', *, *, #683, .F. ) ;
#580 = LINE ( 'NONE', #1633, #2492 ) ;
#581 = VECTOR ( 'NONE', #3308, 1000.000000000000200 ) ;
#582 =( GEOMETRIC_REPRESENTATION_CONTEXT ( 3 ) GLOBAL_UNCERTAINTY_ASSIGNED_CONTEXT ( ( #55 ) ) GLOBAL_UNIT_ASSIGNED_CONTEXT ( ( #2647, #2157, #2627 ) ) REPRESENTATION_CONTEXT ( 'NONE', 'WORKASPACE' ) );
#583 = FILL_AREA_STYLE ('',( #4050 ) ) ;
#584 = EDGE_CURVE ( 'NONE', #3253, #817, #1246, .T. ) ;
#585 = ORIENTED_EDGE ( 'NONE', *, *, #5157, .F. ) ;
#586 = STYLED_ITEM ( 'NONE', ( #232 ), #5027 ) ;
#587 =( LENGTH_UNIT ( ) NAMED_UNIT ( * ) SI_UNIT ( .MILLI., .METRE. ) );
#588 = FILL_AREA_STYLE ('',( #3088 ) ) ;
#589 =( NAMED_UNIT ( * ) PLANE_ANGLE_UNIT ( ) SI_UNIT ( $, .RADIAN. ) );
#590 = CARTESIAN_POINT ( 'NONE',  ( 8.916645829308855300, 5.051000000000001000, -4.527026645096021300 ) ) ;
#591 = ADVANCED_FACE ( 'NONE', ( #2949 ), #565, .F. ) ;
#592 = CARTESIAN_POINT ( 'NONE',  ( 8.461388803700311100, 5.051000000000001000, -4.750616504455980900 ) ) ;
#593 = CARTESIAN_POINT ( 'NONE',  ( 4.909999999999999300, -4.049999999999999800, -8.584999999999983100 ) ) ;
#594 = STYLED_ITEM ( 'NONE', ( #2954 ), #2957 ) ;
#595 = STYLED_ITEM ( 'NONE', ( #1853 ), #128 ) ;
#596 = CARTESIAN_POINT ( 'NONE',  ( 0.0000000000000000000, 5.050000000000000700, 0.0000000000000000000 ) ) ;
#597 = VECTOR ( 'NONE', #4563, 1000.000000000000000 ) ;
#598 = DIRECTION ( 'NONE',  ( 0.2793947940878216400, 0.0000000000000000000, -0.9601763114327616100 ) ) ;
#599 = LINE ( 'NONE', #4750, #4566 ) ;
#600 = STYLED_ITEM ( 'NONE', ( #646 ), #1255 ) ;
#601 = DIRECTION ( 'NONE',  ( 1.000000000000000000, 0.0000000000000000000, -0.0000000000000000000 ) ) ;
#602 = ORIENTED_EDGE ( 'NONE', *, *, #3687, .F. ) ;
#603 = EDGE_CURVE ( 'NONE', #3097, #3569, #4286, .T. ) ;
#604 = CARTESIAN_POINT ( 'NONE',  ( 4.559164922421128800, 5.050000000000000700, -4.690058771941092900 ) ) ;
#605 = DIRECTION ( 'NONE',  ( -1.000000000000000000, 0.0000000000000000000, -3.097720492815722700E-016 ) ) ;
#606 = FACE_OUTER_BOUND ( 'NONE', #658, .T. ) ;
#607 = UNCERTAINTY_MEASURE_WITH_UNIT (LENGTH_MEASURE( 1.000000000000000100E-005 ), #3559, 'distance_accuracy_value', 'NONE');
#608 = ORIENTED_EDGE ( 'NONE', *, *, #2555, .F. ) ;
#609 = DIRECTION ( 'NONE',  ( 0.0000000000000000000, 0.0000000000000000000, -1.000000000000000000 ) ) ;
#610 =( GEOMETRIC_REPRESENTATION_CONTEXT ( 3 ) GLOBAL_UNCERTAINTY_ASSIGNED_CONTEXT ( ( #2617 ) ) GLOBAL_UNIT_ASSIGNED_CONTEXT ( ( #1978, #357, #4908 ) ) REPRESENTATION_CONTEXT ( 'NONE', 'WORKASPACE' ) );
#611 = EDGE_LOOP ( 'NONE', ( #1794, #4703, #4918, #4377, #4562, #931, #608, #2092 ) ) ;
#612 =( NAMED_UNIT ( * ) SI_UNIT ( $, .STERADIAN. ) SOLID_ANGLE_UNIT ( ) );
#613 =( GEOMETRIC_REPRESENTATION_CONTEXT ( 3 ) GLOBAL_UNCERTAINTY_ASSIGNED_CONTEXT ( ( #5098 ) ) GLOBAL_UNIT_ASSIGNED_CONTEXT ( ( #3510, #3171, #3925 ) ) REPRESENTATION_CONTEXT ( 'NONE', 'WORKASPACE' ) );
#614 = SURFACE_STYLE_FILL_AREA ( #3712 ) ;
#615 = EDGE_LOOP ( 'NONE', ( #4687, #4631, #4658, #1344 ) ) ;
#616 = CARTESIAN_POINT ( 'NONE',  ( 12.52999999999999600, -4.049999999999999800, -8.585000000000000900 ) ) ;
#617 =( GEOMETRIC_REPRESENTATION_CONTEXT ( 3 ) GLOBAL_UNCERTAINTY_ASSIGNED_CONTEXT ( ( #1188 ) ) GLOBAL_UNIT_ASSIGNED_CONTEXT ( ( #4007, #238, #3159 ) ) REPRESENTATION_CONTEXT ( 'NONE', 'WORKASPACE' ) );
#618 = ADVANCED_FACE ( 'NONE', ( #132 ), #3794, .F. ) ;
#619 = LINE ( 'NONE', #4111, #2526 ) ;
#620 = EDGE_LOOP ( 'NONE', ( #899, #3061, #3178, #2474 ) ) ;
#621 = SURFACE_STYLE_USAGE ( .BOTH. , #1903 ) ;
#622 = COLOUR_RGB ( '',1.000000000000000000, 1.000000000000000000, 1.000000000000000000 ) ;
#623 = PLANE ( 'NONE',  #433 ) ;
#624 = VERTEX_POINT ( 'NONE', #529 ) ;
#625 = SURFACE_STYLE_FILL_AREA ( #2337 ) ;
#626 = CARTESIAN_POINT ( 'NONE',  ( 12.52999999999999600, 0.0000000000000000000, -8.585000000000000900 ) ) ;
#627 = DIRECTION ( 'NONE',  ( 1.000000000000000000, 0.0000000000000000000, 0.0000000000000000000 ) ) ;
#628 = ORIENTED_EDGE ( 'NONE', *, *, #1649, .T. ) ;
#629 = DIRECTION ( 'NONE',  ( -0.0000000000000000000, -0.0000000000000000000, -1.000000000000000000 ) ) ;
#630 =( LENGTH_UNIT ( ) NAMED_UNIT ( * ) SI_UNIT ( .MILLI., .METRE. ) );
#631 = FILL_AREA_STYLE ('',( #204 ) ) ;
#632 = VECTOR ( 'NONE', #85, 1000.000000000000000 ) ;
#633 = ORIENTED_EDGE ( 'NONE', *, *, #3258, .T. ) ;
#634 = STYLED_ITEM ( 'NONE', ( #1629 ), #3372 ) ;
#635 = LINE ( 'NONE', #217, #4932 ) ;
#636 = DIRECTION ( 'NONE',  ( 0.9999999968487352000, 0.0000000000000000000, 7.938847109812746000E-005 ) ) ;
#637 = COLOUR_RGB ( '',1.000000000000000000, 1.000000000000000000, 1.000000000000000000 ) ;
#638 = VECTOR ( 'NONE', #1244, 1000.000000000000000 ) ;
#639 = EDGE_LOOP ( 'NONE', ( #5086, #1220, #4037, #3655 ) ) ;
#640 = MECHANICAL_DESIGN_GEOMETRIC_PRESENTATION_REPRESENTATION (  '', ( #2770 ), #4249 ) ;
#641 = CARTESIAN_POINT ( 'NONE',  ( 4.209999999999999100, 0.0000000000000000000, -0.9650000000000168400 ) ) ;
#642 = EDGE_CURVE ( 'NONE', #1830, #488, #78, .T. ) ;
#643 = EDGE_LOOP ( 'NONE', ( #3581, #2600, #1380, #2191 ) ) ;
#644 = COLOUR_RGB ( '',0.6941176470588235100, 0.09803921568627450800, 0.09803921568627450800 ) ;
#645 = DIRECTION ( 'NONE',  ( 1.000000000000000000, 0.0000000000000000000, 0.0000000000000000000 ) ) ;
#646 = PRESENTATION_STYLE_ASSIGNMENT (( #3719 ) ) ;
#647 = CARTESIAN_POINT ( 'NONE',  ( 2.369999999999999700, -4.049999999999999800, -8.584999999999965300 ) ) ;
#648 = DIRECTION ( 'NONE',  ( -0.2762033010251985200, -0.0000000000000000000, 0.9610992334315866500 ) ) ;
#649 = CARTESIAN_POINT ( 'NONE',  ( 2.369999999999999700, -4.049999999999999800, -0.6150000000000344100 ) ) ;
#650 = CARTESIAN_POINT ( 'NONE',  ( 5.661972997095286800, 5.051000000000001000, -5.205917668354676800 ) ) ;
#651 = ORIENTED_EDGE ( 'NONE', *, *, #302, .T. ) ;
#652 = AXIS2_PLACEMENT_3D ( 'NONE', #3678, #1178, #4877 ) ;
#653 = DIRECTION ( 'NONE',  ( 0.2746918797667241000, 0.0000000000000000000, -0.9615323037684296900 ) ) ;
#654 = FILL_AREA_STYLE ('',( #1493 ) ) ;
#655 = STYLED_ITEM ( 'NONE', ( #3326 ), #4145 ) ;
#656 =( LENGTH_UNIT ( ) NAMED_UNIT ( * ) SI_UNIT ( .MILLI., .METRE. ) );
#657 = VECTOR ( 'NONE', #4755, 1000.000000000000000 ) ;
#658 = EDGE_LOOP ( 'NONE', ( #338, #54, #18, #2055, #878, #4178, #5018, #996 ) ) ;
#659 = ADVANCED_FACE ( 'NONE', ( #4803 ), #2982, .F. ) ;
#660 = SURFACE_STYLE_FILL_AREA ( #4820 ) ;
#661 = EDGE_CURVE ( 'NONE', #2463, #624, #918, .T. ) ;
#662 = FILL_AREA_STYLE ('',( #5245 ) ) ;
#663 = ORIENTED_EDGE ( 'NONE', *, *, #4714, .T. ) ;
#664 = DIRECTION ( 'NONE',  ( -1.000000000000000000, -0.0000000000000000000, -0.0000000000000000000 ) ) ;
#665 = DIRECTION ( 'NONE',  ( -1.000000000000000000, 0.0000000000000000000, -4.956352788505111400E-015 ) ) ;
#666 = CARTESIAN_POINT ( 'NONE',  ( 10.56000000000000000, 0.0000000000000000000, -9.000000000000000000 ) ) ;
#667 = CARTESIAN_POINT ( 'NONE',  ( 3.640000000000000100, 0.0000000000000000000, -9.000000000000000000 ) ) ;
#668 =( LENGTH_UNIT ( ) NAMED_UNIT ( * ) SI_UNIT ( .MILLI., .METRE. ) );
#669 = SURFACE_SIDE_STYLE ('',( #429 ) ) ;
#670 = STYLED_ITEM ( 'NONE', ( #206 ), #2787 ) ;
#671 =( NAMED_UNIT ( * ) SI_UNIT ( $, .STERADIAN. ) SOLID_ANGLE_UNIT ( ) );
#672 = ORIENTED_EDGE ( 'NONE', *, *, #3718, .F. ) ;
#673 = CARTESIAN_POINT ( 'NONE',  ( 8.815885471881168600, 5.050000000000000700, -3.996226937848596200 ) ) ;
#674 =( GEOMETRIC_REPRESENTATION_CONTEXT ( 3 ) GLOBAL_UNCERTAINTY_ASSIGNED_CONTEXT ( ( #3713 ) ) GLOBAL_UNIT_ASSIGNED_CONTEXT ( ( #5177, #2281, #276 ) ) REPRESENTATION_CONTEXT ( 'NONE', 'WORKASPACE' ) );
#675 = FACE_OUTER_BOUND ( 'NONE', #4429, .T. ) ;
#676 =( LENGTH_UNIT ( ) NAMED_UNIT ( * ) SI_UNIT ( .MILLI., .METRE. ) );
#677 = EDGE_LOOP ( 'NONE', ( #376, #4797, #1527, #5107 ) ) ;
#678 =( NAMED_UNIT ( * ) SI_UNIT ( $, .STERADIAN. ) SOLID_ANGLE_UNIT ( ) );
#679 = CARTESIAN_POINT ( 'NONE',  ( 7.901928634121220300, 5.050000000000000700, -3.996226937848596600 ) ) ;
#680 = STYLED_ITEM ( 'NONE', ( #2139 ), #1516 ) ;
#681 = UNCERTAINTY_MEASURE_WITH_UNIT (LENGTH_MEASURE( 1.000000000000000100E-005 ), #1984, 'distance_accuracy_value', 'NONE');
#682 = ORIENTED_EDGE ( 'NONE', *, *, #3428, .T. ) ;
#683 = EDGE_CURVE ( 'NONE', #1481, #5370, #343, .T. ) ;
#684 = ORIENTED_EDGE ( 'NONE', *, *, #566, .T. ) ;
#685 = FILL_AREA_STYLE_COLOUR ( '', #4654 ) ;
#686 = SURFACE_SIDE_STYLE ('',( #520 ) ) ;
#687 =( GEOMETRIC_REPRESENTATION_CONTEXT ( 3 ) GLOBAL_UNCERTAINTY_ASSIGNED_CONTEXT ( ( #4397 ) ) GLOBAL_UNIT_ASSIGNED_CONTEXT ( ( #2959, #4981, #1666 ) ) REPRESENTATION_CONTEXT ( 'NONE', 'WORKASPACE' ) );
#688 = FILL_AREA_STYLE ('',( #2362 ) ) ;
#689 =( NAMED_UNIT ( * ) PLANE_ANGLE_UNIT ( ) SI_UNIT ( $, .RADIAN. ) );
#690 = CARTESIAN_POINT ( 'NONE',  ( 12.52999999999999800, 0.0000000000000000000, -0.7900000000000008100 ) ) ;
#691 = PLANE ( 'NONE',  #3198 ) ;
#692 = ORIENTED_EDGE ( 'NONE', *, *, #1142, .F. ) ;
#693 = EDGE_CURVE ( 'NONE', #1603, #1267, #4617, .T. ) ;
#694 = CARTESIAN_POINT ( 'NONE',  ( 5.873634483847333800, 5.051000000000001000, -4.750656964556244900 ) ) ;
#695 = PLANE ( 'NONE',  #1370 ) ;
#696 = ORIENTED_EDGE ( 'NONE', *, *, #4502, .F. ) ;
#697 = ORIENTED_EDGE ( 'NONE', *, *, #5048, .F. ) ;
#698 = LINE ( 'NONE', #1485, #4528 ) ;
#699 = SURFACE_SIDE_STYLE ('',( #5233 ) ) ;
#700 = ORIENTED_EDGE ( 'NONE', *, *, #5364, .T. ) ;
#701 = CIRCLE ( 'NONE', #858, 0.3499999999999996400 ) ;
#702 = VERTEX_POINT ( 'NONE', #944 ) ;
#703 =( NAMED_UNIT ( * ) SI_UNIT ( $, .STERADIAN. ) SOLID_ANGLE_UNIT ( ) );
#704 = FILL_AREA_STYLE ('',( #3128 ) ) ;
#705 = LINE ( 'NONE', #4552, #3257 ) ;
#706 = VERTEX_POINT ( 'NONE', #3415 ) ;
#707 = CARTESIAN_POINT ( 'NONE',  ( 7.188433192280298200, 5.050000000000000700, -3.996226937848597500 ) ) ;
#708 = DIRECTION ( 'NONE',  ( 1.000000000000000000, -0.0000000000000000000, -0.0000000000000000000 ) ) ;
#709 = DIRECTION ( 'NONE',  ( -0.0000000000000000000, -0.0000000000000000000, -1.000000000000000000 ) ) ;
#710 = EDGE_CURVE ( 'NONE', #767, #4275, #4883, .T. ) ;
#711 = SURFACE_STYLE_USAGE ( .BOTH. , #3217 ) ;
#712 = ORIENTED_EDGE ( 'NONE', *, *, #932, .F. ) ;
#713 = SURFACE_STYLE_USAGE ( .BOTH. , #1912 ) ;
#714 = DIRECTION ( 'NONE',  ( 1.000000000000000000, 0.0000000000000000000, 0.0000000000000000000 ) ) ;
#715 = VERTEX_POINT ( 'NONE', #514 ) ;
#716 = PRESENTATION_STYLE_ASSIGNMENT (( #2838 ) ) ;
#717 = AXIS2_PLACEMENT_3D ( 'NONE', #3129, #5139, #1041 ) ;
#718 = EDGE_CURVE ( 'NONE', #64, #1091, #2610, .T. ) ;
#719 = ORIENTED_EDGE ( 'NONE', *, *, #3450, .F. ) ;
#720 = DIRECTION ( 'NONE',  ( 0.0000000000000000000, 0.0000000000000000000, -1.000000000000000000 ) ) ;
#721 = FACE_OUTER_BOUND ( 'NONE', #2591, .T. ) ;
#722 = DIRECTION ( 'NONE',  ( -0.0000000000000000000, 1.000000000000000000, -0.0000000000000000000 ) ) ;
#723 = CARTESIAN_POINT ( 'NONE',  ( 9.989999999999996700, -4.049999999999999800, -0.9649999999999990800 ) ) ;
#724 = SURFACE_STYLE_FILL_AREA ( #342 ) ;
#725 = CARTESIAN_POINT ( 'NONE',  ( 9.989999999999996700, -4.049999999999999800, -8.585000000000000900 ) ) ;
#726 =( GEOMETRIC_REPRESENTATION_CONTEXT ( 3 ) GLOBAL_UNCERTAINTY_ASSIGNED_CONTEXT ( ( #1983 ) ) GLOBAL_UNIT_ASSIGNED_CONTEXT ( ( #1262, #2098, #38 ) ) REPRESENTATION_CONTEXT ( 'NONE', 'WORKASPACE' ) );
#727 = SURFACE_STYLE_USAGE ( .BOTH. , #4437 ) ;
#728 = SURFACE_STYLE_USAGE ( .BOTH. , #669 ) ;
#729 = PLANE ( 'NONE',  #1296 ) ;
#730 = FACE_OUTER_BOUND ( 'NONE', #639, .T. ) ;
#731 = VERTEX_POINT ( 'NONE', #3000 ) ;
#732 =( LENGTH_UNIT ( ) NAMED_UNIT ( * ) SI_UNIT ( .MILLI., .METRE. ) );
#733 = FACE_OUTER_BOUND ( 'NONE', #1727, .T. ) ;
#734 =( GEOMETRIC_REPRESENTATION_CONTEXT ( 3 ) GLOBAL_UNCERTAINTY_ASSIGNED_CONTEXT ( ( #3301 ) ) GLOBAL_UNIT_ASSIGNED_CONTEXT ( ( #408, #4935, #2458 ) ) REPRESENTATION_CONTEXT ( 'NONE', 'WORKASPACE' ) );
#735 = CARTESIAN_POINT ( 'NONE',  ( 6.676311338635463800, 5.051000000000001000, -5.205917668354676800 ) ) ;
#736 = FILL_AREA_STYLE ('',( #1915 ) ) ;
#737 = DIRECTION ( 'NONE',  ( -0.0000000000000000000, 1.000000000000000000, 0.0000000000000000000 ) ) ;
#738 = ORIENTED_EDGE ( 'NONE', *, *, #2349, .F. ) ;
#739 = EDGE_CURVE ( 'NONE', #1980, #3747, #5188, .T. ) ;
#740 = FACE_OUTER_BOUND ( 'NONE', #2225, .T. ) ;
#741 = UNCERTAINTY_MEASURE_WITH_UNIT (LENGTH_MEASURE( 1.000000000000000100E-005 ), #27, 'distance_accuracy_value', 'NONE');
#742 = UNCERTAINTY_MEASURE_WITH_UNIT (LENGTH_MEASURE( 1.000000000000000100E-005 ), #4475, 'distance_accuracy_value', 'NONE');
#743 = PLANE ( 'NONE',  #4360 ) ;
#744 = ORIENTED_EDGE ( 'NONE', *, *, #3819, .F. ) ;
#745 = DIRECTION ( 'NONE',  ( -0.9615454294334486700, 0.0000000000000000000, -0.2746459304916875600 ) ) ;
#746 = DIRECTION ( 'NONE',  ( -0.9601763114327617200, 0.0000000000000000000, -0.2793947940878217000 ) ) ;
#747 = DIRECTION ( 'NONE',  ( 0.0000000000000000000, 0.0000000000000000000, -1.000000000000000000 ) ) ;
#748 = DIRECTION ( 'NONE',  ( -1.000000000000000000, 0.0000000000000000000, -9.912705577010435800E-015 ) ) ;
#749 = LINE ( 'NONE', #4989, #360 ) ;
#750 = LINE ( 'NONE', #3231, #2682 ) ;
#751 = DIRECTION ( 'NONE',  ( 4.956352788505211600E-015, 0.0000000000000000000, 1.000000000000000000 ) ) ;
#752 = ORIENTED_EDGE ( 'NONE', *, *, #2924, .F. ) ;
#753 = DIRECTION ( 'NONE',  ( 0.0000000000000000000, -1.000000000000000000, -0.0000000000000000000 ) ) ;
#754 =( LENGTH_UNIT ( ) NAMED_UNIT ( * ) SI_UNIT ( .MILLI., .METRE. ) );
#755 = STYLED_ITEM ( 'NONE', ( #4289 ), #3264 ) ;
#756 = DIRECTION ( 'NONE',  ( -0.0000000000000000000, -1.000000000000000000, -0.0000000000000000000 ) ) ;
#757 = EDGE_LOOP ( 'NONE', ( #4018, #2397, #182, #95 ) ) ;
#758 = ORIENTED_EDGE ( 'NONE', *, *, #282, .F. ) ;
#759 = CARTESIAN_POINT ( 'NONE',  ( 7.144954577053015400, 5.051000000000001000, -4.341699067862130300 ) ) ;
#760 = EDGE_CURVE ( 'NONE', #3552, #2993, #1748, .T. ) ;
#761 = DIRECTION ( 'NONE',  ( -1.000000000000000000, 0.0000000000000000000, 0.0000000000000000000 ) ) ;
#762 = ORIENTED_EDGE ( 'NONE', *, *, #4825, .T. ) ;
#763 = COLOUR_RGB ( '',0.7921568627450980000, 0.8196078431372548800, 0.9333333333333333500 ) ;
#764 = MECHANICAL_DESIGN_GEOMETRIC_PRESENTATION_REPRESENTATION (  '', ( #3991 ), #385 ) ;
#765 = SURFACE_SIDE_STYLE ('',( #4639 ) ) ;
#766 =( NAMED_UNIT ( * ) PLANE_ANGLE_UNIT ( ) SI_UNIT ( $, .RADIAN. ) );
#767 = VERTEX_POINT ( 'NONE', #4592 ) ;
#768 = FILL_AREA_STYLE_COLOUR ( '', #333 ) ;
#769 = VECTOR ( 'NONE', #4816, 1000.000000000000000 ) ;
#770 =( NAMED_UNIT ( * ) PLANE_ANGLE_UNIT ( ) SI_UNIT ( $, .RADIAN. ) );
#771 = DIRECTION ( 'NONE',  ( -1.000000000000000000, 0.0000000000000000000, -0.0000000000000000000 ) ) ;
#772 = PRODUCT_CONTEXT ( 'NONE', #1556, 'mechanical' ) ;
#773 = VECTOR ( 'NONE', #2428, 1000.000000000000000 ) ;
#774 = EDGE_CURVE ( 'NONE', #1377, #5244, #1624, .T. ) ;
#775 = VERTEX_POINT ( 'NONE', #2125 ) ;
#776 =( NAMED_UNIT ( * ) SI_UNIT ( $, .STERADIAN. ) SOLID_ANGLE_UNIT ( ) );
#777 = ADVANCED_FACE ( 'NONE', ( #192 ), #3461, .F. ) ;
#778 = LINE ( 'NONE', #3751, #4991 ) ;
#779 = CARTESIAN_POINT ( 'NONE',  ( 3.290000000000000500, 0.0000000000000000000, -9.000000000000000000 ) ) ;
#780 = AXIS2_PLACEMENT_3D ( 'NONE', #3266, #2880, #2837 ) ;
#781 = EDGE_LOOP ( 'NONE', ( #1772, #2972, #5377, #4653, #1715, #3425, #2421, #849, #4568, #1935, #4307 ) ) ;
#782 = ORIENTED_EDGE ( 'NONE', *, *, #380, .F. ) ;
#783 =( LENGTH_UNIT ( ) NAMED_UNIT ( * ) SI_UNIT ( .MILLI., .METRE. ) );
#784 = ORIENTED_EDGE ( 'NONE', *, *, #2934, .T. ) ;
#785 = FACE_OUTER_BOUND ( 'NONE', #3871, .T. ) ;
#786 = DIRECTION ( 'NONE',  ( -0.9612934544747530100, 0.0000000000000000000, -0.2755265765475193900 ) ) ;
#787 = CARTESIAN_POINT ( 'NONE',  ( 8.815885471881168600, 5.051000000000001000, -3.996226937848596600 ) ) ;
#788 = FILL_AREA_STYLE ('',( #768 ) ) ;
#789 = EDGE_LOOP ( 'NONE', ( #31, #2686, #1460, #1558 ) ) ;
#790 = SURFACE_STYLE_FILL_AREA ( #3997 ) ;
#791 = FILL_AREA_STYLE ('',( #2387 ) ) ;
#792 = AXIS2_PLACEMENT_3D ( 'NONE', #4564, #2051, #609 ) ;
#793 = EDGE_CURVE ( 'NONE', #366, #1572, #263, .T. ) ;
#794 = ORIENTED_EDGE ( 'NONE', *, *, #4445, .F. ) ;
#795 = LINE ( 'NONE', #3353, #4946 ) ;
#796 = DIRECTION ( 'NONE',  ( -1.000000000000000000, 0.0000000000000000000, -0.0000000000000000000 ) ) ;
#797 = UNCERTAINTY_MEASURE_WITH_UNIT (LENGTH_MEASURE( 1.000000000000000100E-005 ), #2920, 'distance_accuracy_value', 'NONE');
#798 = PRESENTATION_STYLE_ASSIGNMENT (( #2755 ) ) ;
#799 = CARTESIAN_POINT ( 'NONE',  ( 11.82999999999999700, -4.049999999999999800, -0.9649999999999990800 ) ) ;
#800 = AXIS2_PLACEMENT_3D ( 'NONE', #330, #748, #3185 ) ;
#801 = PRESENTATION_STYLE_ASSIGNMENT (( #3535 ) ) ;
#802 = EDGE_CURVE ( 'NONE', #4875, #407, #1355, .T. ) ;
#803 = SURFACE_STYLE_FILL_AREA ( #2259 ) ;
#804 = CARTESIAN_POINT ( 'NONE',  ( 4.906650958062761500, 5.051000000000001000, -4.653056172982758200 ) ) ;
#805 = DIRECTION ( 'NONE',  ( -1.000000000000000000, -0.0000000000000000000, -0.0000000000000000000 ) ) ;
#806 =( GEOMETRIC_REPRESENTATION_CONTEXT ( 3 ) GLOBAL_UNCERTAINTY_ASSIGNED_CONTEXT ( ( #797 ) ) GLOBAL_UNIT_ASSIGNED_CONTEXT ( ( #2920, #17, #1185 ) ) REPRESENTATION_CONTEXT ( 'NONE', 'WORKASPACE' ) );
#807 = ADVANCED_FACE ( 'NONE', ( #2342 ), #1561, .F. ) ;
#808 = CARTESIAN_POINT ( 'NONE',  ( 12.17999999999999600, 0.0000000000000000000, -0.6149999999999988800 ) ) ;
#809 = SURFACE_SIDE_STYLE ('',( #517 ) ) ;
#810 = VECTOR ( 'NONE', #653, 1000.000000000000100 ) ;
#811 = AXIS2_PLACEMENT_3D ( 'NONE', #616, #3527, #1440 ) ;
#812 = SURFACE_SIDE_STYLE ('',( #3985 ) ) ;
#813 =( GEOMETRIC_REPRESENTATION_CONTEXT ( 3 ) GLOBAL_UNCERTAINTY_ASSIGNED_CONTEXT ( ( #2079 ) ) GLOBAL_UNIT_ASSIGNED_CONTEXT ( ( #1140, #4863, #4501 ) ) REPRESENTATION_CONTEXT ( 'NONE', 'WORKASPACE' ) );
#814 = UNCERTAINTY_MEASURE_WITH_UNIT (LENGTH_MEASURE( 1.000000000000000100E-005 ), #3947, 'distance_accuracy_value', 'NONE');
#815 = SURFACE_SIDE_STYLE ('',( #2992 ) ) ;
#816 =( NAMED_UNIT ( * ) SI_UNIT ( $, .STERADIAN. ) SOLID_ANGLE_UNIT ( ) );
#817 = VERTEX_POINT ( 'NONE', #4024 ) ;
#818 = CARTESIAN_POINT ( 'NONE',  ( 6.749999999999999100, -4.049999999999999800, -8.235000000000001200 ) ) ;
#819 = VERTEX_POINT ( 'NONE', #4485 ) ;
#820 =( NAMED_UNIT ( * ) PLANE_ANGLE_UNIT ( ) SI_UNIT ( $, .RADIAN. ) );
#821 = EDGE_CURVE ( 'NONE', #2548, #972, #1491, .T. ) ;
#822 =( NAMED_UNIT ( * ) SI_UNIT ( $, .STERADIAN. ) SOLID_ANGLE_UNIT ( ) );
#823 =( GEOMETRIC_REPRESENTATION_CONTEXT ( 3 ) GLOBAL_UNCERTAINTY_ASSIGNED_CONTEXT ( ( #3911 ) ) GLOBAL_UNIT_ASSIGNED_CONTEXT ( ( #1820, #246, #612 ) ) REPRESENTATION_CONTEXT ( 'NONE', 'WORKASPACE' ) );
#824 = ORIENTED_EDGE ( 'NONE', *, *, #3313, .T. ) ;
#825 = CARTESIAN_POINT ( 'NONE',  ( 12.52999999999999600, -4.049999999999999800, -8.235000000000001200 ) ) ;
#826 = MECHANICAL_DESIGN_GEOMETRIC_PRESENTATION_REPRESENTATION (  '', ( #922 ), #5264 ) ;
#827 = ADVANCED_FACE ( 'NONE', ( #2950 ), #4423, .T. ) ;
#828 = EDGE_CURVE ( 'NONE', #2724, #4187, #2213, .T. ) ;
#829 = EDGE_LOOP ( 'NONE', ( #1003, #43, #5254, #1741 ) ) ;
#830 = LINE ( 'NONE', #808, #5030 ) ;
#831 = ORIENTED_EDGE ( 'NONE', *, *, #218, .T. ) ;
#832 = SURFACE_STYLE_USAGE ( .BOTH. , #3340 ) ;
#833 = SURFACE_STYLE_FILL_AREA ( #556 ) ;
#834 = ORIENTED_EDGE ( 'NONE', *, *, #3727, .T. ) ;
#835 =( GEOMETRIC_REPRESENTATION_CONTEXT ( 3 ) GLOBAL_UNCERTAINTY_ASSIGNED_CONTEXT ( ( #2143 ) ) GLOBAL_UNIT_ASSIGNED_CONTEXT ( ( #1414, #98, #3020 ) ) REPRESENTATION_CONTEXT ( 'NONE', 'WORKASPACE' ) );
#836 = SURFACE_STYLE_USAGE ( .BOTH. , #4112 ) ;
#837 = SURFACE_STYLE_FILL_AREA ( #588 ) ;
#838 = CARTESIAN_POINT ( 'NONE',  ( 4.209999999999999100, -4.049999999999999800, -8.584999999999983100 ) ) ;
#839 = EDGE_CURVE ( 'NONE', #5204, #2407, #5129, .T. ) ;
#840 = ORIENTED_EDGE ( 'NONE', *, *, #2613, .F. ) ;
#842 = VECTOR ( 'NONE', #4353, 1000.000000000000000 ) ;
#841 = CARTESIAN_POINT ( 'NONE',  ( 11.82999999999999700, -0.0000000000000000000, -8.585000000000000900 ) ) ;
#843 = CYLINDRICAL_SURFACE ( 'NONE', #1659, 0.3499999999999996400 ) ;
#844 = SURFACE_SIDE_STYLE ('',( #3781 ) ) ;
#845 = ORIENTED_EDGE ( 'NONE', *, *, #2349, .T. ) ;
#846 = LINE ( 'NONE', #735, #5114 ) ;
#847 = FACE_OUTER_BOUND ( 'NONE', #4540, .T. ) ;
#848 = COLOUR_RGB ( '',0.8980392156862745400, 0.9215686274509803400, 0.9294117647058823800 ) ;
#849 = ORIENTED_EDGE ( 'NONE', *, *, #4944, .F. ) ;
#850 = DIRECTION ( 'NONE',  ( 1.000000000000000000, 0.0000000000000000000, 0.0000000000000000000 ) ) ;
#851 = VECTOR ( 'NONE', #4609, 1000.000000000000000 ) ;
#852 = SURFACE_SIDE_STYLE ('',( #3964 ) ) ;
#853 = ADVANCED_FACE ( 'NONE', ( #730 ), #301, .F. ) ;
#854 = MECHANICAL_DESIGN_GEOMETRIC_PRESENTATION_REPRESENTATION (  '', ( #5211 ), #4880 ) ;
#855 = VERTEX_POINT ( 'NONE', #3651 ) ;
#856 = CARTESIAN_POINT ( 'NONE',  ( 6.617081432004043000, 5.050000000000000700, -3.996226937848596600 ) ) ;
#857 = COLOUR_RGB ( '',0.8980392156862745400, 0.9215686274509803400, 0.9294117647058823800 ) ;
#858 = AXIS2_PLACEMENT_3D ( 'NONE', #3232, #2388, #5276 ) ;
#859 = FILL_AREA_STYLE_COLOUR ( '', #2932 ) ;
#860 =( NAMED_UNIT ( * ) SI_UNIT ( $, .STERADIAN. ) SOLID_ANGLE_UNIT ( ) );
#861 = SURFACE_STYLE_FILL_AREA ( #791 ) ;
#862 = DIRECTION ( 'NONE',  ( 0.2762033010287890900, 0.0000000000000000000, -0.9610992334305548100 ) ) ;
#863 = VECTOR ( 'NONE', #1146, 1000.000000000000000 ) ;
#864 = CARTESIAN_POINT ( 'NONE',  ( 2.940000000000000800, 0.0000000000000000000, 0.0000000000000000000 ) ) ;
#865 = SURFACE_STYLE_FILL_AREA ( #2722 ) ;
#866 = STYLED_ITEM ( 'NONE', ( #3389 ), #2070 ) ;
#867 = LINE ( 'NONE', #1889, #5269 ) ;
#868 = CARTESIAN_POINT ( 'NONE',  ( 2.369999999999999700, -4.049999999999999800, -8.584999999999965300 ) ) ;
#869 = CARTESIAN_POINT ( 'NONE',  ( 7.449999999999999300, -4.049999999999999800, -8.585000000000000900 ) ) ;
#870 = AXIS2_PLACEMENT_3D ( 'NONE', #3502, #4040, #5138 ) ;
#871 = EDGE_CURVE ( 'NONE', #550, #1164, #3214, .T. ) ;
#872 = ORIENTED_EDGE ( 'NONE', *, *, #2691, .F. ) ;
#873 = DIRECTION ( 'NONE',  ( 0.2762517575166150200, 0.0000000000000000000, -0.9610853065513910200 ) ) ;
#874 = PRESENTATION_LAYER_ASSIGNMENT (  '', '', ( #2749 ) ) ;
#875 = DIRECTION ( 'NONE',  ( -0.9617234872620594700, 0.0000000000000000000, -0.2740217765954074400 ) ) ;
#876 = VECTOR ( 'NONE', #664, 1000.000000000000000 ) ;
#877 = ADVANCED_FACE ( 'NONE', ( #1247 ), #4911, .F. ) ;
#878 = ORIENTED_EDGE ( 'NONE', *, *, #1072, .T. ) ;
#879 = VERTEX_POINT ( 'NONE', #4083 ) ;
#880 = DIRECTION ( 'NONE',  ( 1.000000000000000000, 0.0000000000000000000, 0.0000000000000000000 ) ) ;
#881 = ORIENTED_EDGE ( 'NONE', *, *, #4264, .T. ) ;
#882 = STYLED_ITEM ( 'NONE', ( #290 ), #2666 ) ;
#883 = DIRECTION ( 'NONE',  ( 1.000000000000000000, 0.0000000000000000000, 0.0000000000000000000 ) ) ;
#884 = EDGE_CURVE ( 'NONE', #1012, #965, #4417, .T. ) ;
#885 = ORIENTED_EDGE ( 'NONE', *, *, #1020, .F. ) ;
#886 = SURFACE_SIDE_STYLE ('',( #1113 ) ) ;
#887 = SURFACE_SIDE_STYLE ('',( #2865 ) ) ;
#888 = ORIENTED_EDGE ( 'NONE', *, *, #4218, .T. ) ;
#889 = FILL_AREA_STYLE_COLOUR ( '', #3887 ) ;
#890 = PRESENTATION_STYLE_ASSIGNMENT (( #3245 ) ) ;
#891 = PRESENTATION_LAYER_ASSIGNMENT (  '', '', ( #4668 ) ) ;
#892 = ORIENTED_EDGE ( 'NONE', *, *, #3976, .T. ) ;
#893 = SURFACE_STYLE_FILL_AREA ( #1927 ) ;
#894 = EDGE_LOOP ( 'NONE', ( #881, #5220, #2457, #3948 ) ) ;
#895 = COLOUR_RGB ( '',0.6941176470588235100, 0.09803921568627450800, 0.09803921568627450800 ) ;
#896 = UNCERTAINTY_MEASURE_WITH_UNIT (LENGTH_MEASURE( 1.000000000000000100E-005 ), #4953, 'distance_accuracy_value', 'NONE');
#897 = SURFACE_SIDE_STYLE ('',( #2212 ) ) ;
#898 = PRESENTATION_LAYER_ASSIGNMENT (  '', '', ( #3795 ) ) ;
#899 = ORIENTED_EDGE ( 'NONE', *, *, #1941, .T. ) ;
#900 = DIRECTION ( 'NONE',  ( 1.000000000000000000, 0.0000000000000000000, 0.0000000000000000000 ) ) ;
#901 = UNCERTAINTY_MEASURE_WITH_UNIT (LENGTH_MEASURE( 1.000000000000000100E-005 ), #5251, 'distance_accuracy_value', 'NONE');
#902 = ADVANCED_FACE ( 'NONE', ( #721 ), #4949, .F. ) ;
#903 = VECTOR ( 'NONE', #4421, 1000.000000000000000 ) ;
#904 = COLOUR_RGB ( '',1.000000000000000000, 1.000000000000000000, 1.000000000000000000 ) ;
#905 = PRESENTATION_LAYER_ASSIGNMENT (  '', '', ( #1375 ) ) ;
#906 = CARTESIAN_POINT ( 'NONE',  ( 0.0000000000000000000, 0.0000000000000000000, -9.000000000000000000 ) ) ;
#907 = LINE ( 'NONE', #1970, #2928 ) ;
#908 = PLANE ( 'NONE',  #3626 ) ;
#909 = ORIENTED_EDGE ( 'NONE', *, *, #2324, .F. ) ;
#910 = PRESENTATION_STYLE_ASSIGNMENT (( #5279 ) ) ;
#911 = PLANE ( 'NONE',  #4644 ) ;
#912 = CARTESIAN_POINT ( 'NONE',  ( 9.639999999999997000, -4.049999999999999800, -0.6149999999999988800 ) ) ;
#913 = EDGE_LOOP ( 'NONE', ( #3958, #585, #3875, #700 ) ) ;
#914 = LINE ( 'NONE', #4056, #4800 ) ;
#915 = SURFACE_STYLE_FILL_AREA ( #4524 ) ;
#916 =( NAMED_UNIT ( * ) PLANE_ANGLE_UNIT ( ) SI_UNIT ( $, .RADIAN. ) );
#917 = CARTESIAN_POINT ( 'NONE',  ( 1.669999999999999700, -4.049999999999999800, -0.9650000000000345000 ) ) ;
#918 = LINE ( 'NONE', #93, #2561 ) ;
#919 = VECTOR ( 'NONE', #605, 1000.000000000000000 ) ;
#920 = MECHANICAL_DESIGN_GEOMETRIC_PRESENTATION_REPRESENTATION (  '', ( #4459 ), #2228 ) ;
#921 = DIRECTION ( 'NONE',  ( 0.0000000000000000000, 0.0000000000000000000, 1.000000000000000000 ) ) ;
#922 = STYLED_ITEM ( 'NONE', ( #801 ), #926 ) ;
#923 = DIRECTION ( 'NONE',  ( -0.0000000000000000000, 1.000000000000000000, -0.0000000000000000000 ) ) ;
#924 = EDGE_CURVE ( 'NONE', #2006, #4757, #4048, .T. ) ;
#925 =( NAMED_UNIT ( * ) PLANE_ANGLE_UNIT ( ) SI_UNIT ( $, .RADIAN. ) );
#926 = ADVANCED_FACE ( 'NONE', ( #2344 ), #200, .F. ) ;
#927 = VERTEX_POINT ( 'NONE', #2257 ) ;
#928 = MECHANICAL_DESIGN_GEOMETRIC_PRESENTATION_REPRESENTATION (  '', ( #1851 ), #188 ) ;
#929 = SURFACE_SIDE_STYLE ('',( #5249 ) ) ;
#930 = PRESENTATION_LAYER_ASSIGNMENT (  '', '', ( #655 ) ) ;
#931 = ORIENTED_EDGE ( 'NONE', *, *, #1779, .F. ) ;
#932 = EDGE_CURVE ( 'NONE', #5247, #5183, #2611, .T. ) ;
#933 = CARTESIAN_POINT ( 'NONE',  ( 6.865940461821950600, 5.051000000000001000, -3.996226937848596600 ) ) ;
#934 = FACE_OUTER_BOUND ( 'NONE', #3962, .T. ) ;
#935 = CARTESIAN_POINT ( 'NONE',  ( 0.0000000000000000000, -4.049999999999999800, 0.0000000000000000000 ) ) ;
#936 = ORIENTED_EDGE ( 'NONE', *, *, #5343, .F. ) ;
#937 = CARTESIAN_POINT ( 'NONE',  ( 9.989999999999996700, 0.0000000000000000000, -8.585000000000000900 ) ) ;
#938 = ORIENTED_EDGE ( 'NONE', *, *, #527, .F. ) ;
#939 = PLANE ( 'NONE',  #175 ) ;
#940 = UNCERTAINTY_MEASURE_WITH_UNIT (LENGTH_MEASURE( 1.000000000000000100E-005 ), #2037, 'distance_accuracy_value', 'NONE');
#941 =( GEOMETRIC_REPRESENTATION_CONTEXT ( 3 ) GLOBAL_UNCERTAINTY_ASSIGNED_CONTEXT ( ( #4699 ) ) GLOBAL_UNIT_ASSIGNED_CONTEXT ( ( #1023, #2252, #215 ) ) REPRESENTATION_CONTEXT ( 'NONE', 'WORKASPACE' ) );
#942 = ORIENTED_EDGE ( 'NONE', *, *, #1841, .F. ) ;
#943 = CARTESIAN_POINT ( 'NONE',  ( 7.144954577053014500, 5.050000000000000700, -4.341699067862131200 ) ) ;
#944 = CARTESIAN_POINT ( 'NONE',  ( 11.26000000000000000, 0.0000000000000000000, -9.000000000000000000 ) ) ;
#945 = CARTESIAN_POINT ( 'NONE',  ( 8.815885471881168600, 5.050000000000000700, -3.996226937848596600 ) ) ;
#946 = AXIS2_PLACEMENT_3D ( 'NONE', #3919, #5161, #1386 ) ;
#947 = LINE ( 'NONE', #2408, #4922 ) ;
#948 = ORIENTED_EDGE ( 'NONE', *, *, #127, .T. ) ;
#949 = CARTESIAN_POINT ( 'NONE',  ( 11.82999999999999700, -4.049999999999999800, -0.6149999999999989900 ) ) ;
#950 = SURFACE_SIDE_STYLE ('',( #3337 ) ) ;
#951 = LINE ( 'NONE', #4959, #1665 ) ;
#952 = VECTOR ( 'NONE', #3058, 1000.000000000000000 ) ;
#953 =( NAMED_UNIT ( * ) PLANE_ANGLE_UNIT ( ) SI_UNIT ( $, .RADIAN. ) );
#954 = EDGE_LOOP ( 'NONE', ( #1722, #4997, #443, #5227, #2646, #942, #3419, #300, #752, #5043, #1734, #5028, #4525, #3184, #2478, #4870, #5055, #4085, #758, #5003 ) ) ;
#955 = SURFACE_SIDE_STYLE ('',( #2712 ) ) ;
#956 = MECHANICAL_DESIGN_GEOMETRIC_PRESENTATION_REPRESENTATION (  '', ( #4668 ), #4964 ) ;
#957 = EDGE_CURVE ( 'NONE', #1325, #3810, #3280, .T. ) ;
#958 = DIRECTION ( 'NONE',  ( -0.9620200793798614500, 0.0000000000000000000, -0.2729786930695601900 ) ) ;
#959 = FACE_OUTER_BOUND ( 'NONE', #121, .T. ) ;
#960 = ORIENTED_EDGE ( 'NONE', *, *, #2881, .T. ) ;
#961 = VECTOR ( 'NONE', #2290, 1000.000000000000000 ) ;
#962 = PRESENTATION_STYLE_ASSIGNMENT (( #4737 ) ) ;
#963 = SURFACE_STYLE_USAGE ( .BOTH. , #3845 ) ;
#964 =( NAMED_UNIT ( * ) PLANE_ANGLE_UNIT ( ) SI_UNIT ( $, .RADIAN. ) );
#965 = VERTEX_POINT ( 'NONE', #3091 ) ;
#966 = EDGE_CURVE ( 'NONE', #2077, #2866, #413, .T. ) ;
#967 = LINE ( 'NONE', #3169, #3397 ) ;
#968 = SURFACE_STYLE_FILL_AREA ( #2639 ) ;
#969 = CARTESIAN_POINT ( 'NONE',  ( 12.52999999999999600, -4.049999999999999800, -8.585000000000000900 ) ) ;
#970 = ORIENTED_EDGE ( 'NONE', *, *, #4676, .T. ) ;
#971 = PRESENTATION_LAYER_ASSIGNMENT (  '', '', ( #2490 ) ) ;
#972 = VERTEX_POINT ( 'NONE', #3503 ) ;
#973 = VECTOR ( 'NONE', #2576, 1000.000000000000000 ) ;
#974 = PLANE ( 'NONE',  #548 ) ;
#975 = DIRECTION ( 'NONE',  ( -0.0000000000000000000, 0.0000000000000000000, 1.000000000000000000 ) ) ;
#976 = CARTESIAN_POINT ( 'NONE',  ( 7.449999999999999300, -4.049999999999999800, -8.235000000000001200 ) ) ;
#977 = VERTEX_POINT ( 'NONE', #4701 ) ;
#978 = CARTESIAN_POINT ( 'NONE',  ( 11.82999999999999700, 0.0000000000000000000, -0.6149999999999989900 ) ) ;
#979 = PRESENTATION_STYLE_ASSIGNMENT (( #3476 ) ) ;
#980 = EDGE_CURVE ( 'NONE', #965, #1267, #1950, .T. ) ;
#981 = SURFACE_STYLE_USAGE ( .BOTH. , #1804 ) ;
#982 = PLANE ( 'NONE',  #2075 ) ;
#983 = DIRECTION ( 'NONE',  ( -0.0000000000000000000, 1.000000000000000000, -0.0000000000000000000 ) ) ;
#984 = STYLED_ITEM ( 'NONE', ( #1693 ), #807 ) ;
#985 = EDGE_CURVE ( 'NONE', #3246, #5082, #3012, .T. ) ;
#986 = SURFACE_SIDE_STYLE ('',( #2417 ) ) ;
#987 = CARTESIAN_POINT ( 'NONE',  ( 8.815885471881168600, 5.051000000000001000, -3.996226937848596600 ) ) ;
#988 = LINE ( 'NONE', #3993, #2960 ) ;
#989 = ORIENTED_EDGE ( 'NONE', *, *, #498, .T. ) ;
#990 = DIRECTION ( 'NONE',  ( -0.0000000000000000000, 1.000000000000000000, -0.0000000000000000000 ) ) ;
#991 = STYLED_ITEM ( 'NONE', ( #2129 ), #3773 ) ;
#992 = SURFACE_SIDE_STYLE ('',( #2615 ) ) ;
#993 = STYLED_ITEM ( 'NONE', ( #3612 ), #2174 ) ;
#994 = COLOUR_RGB ( '',0.6941176470588235100, 0.09803921568627450800, 0.09803921568627450800 ) ;
#995 = ORIENTED_EDGE ( 'NONE', *, *, #4928, .T. ) ;
#996 = ORIENTED_EDGE ( 'NONE', *, *, #2744, .T. ) ;
#997 = LINE ( 'NONE', #3497, #479 ) ;
#998 = ORIENTED_EDGE ( 'NONE', *, *, #3407, .F. ) ;
#999 = EDGE_CURVE ( 'NONE', #125, #5170, #2494, .T. ) ;
#1000 = PLANE ( 'NONE',  #270 ) ;
#1001 = CARTESIAN_POINT ( 'NONE',  ( 10.12468452440929100, 5.050000000000000700, -4.972322583850103500 ) ) ;
#1002 = FACE_OUTER_BOUND ( 'NONE', #2083, .T. ) ;
#1003 = ORIENTED_EDGE ( 'NONE', *, *, #3517, .T. ) ;
#1004 = DIRECTION ( 'NONE',  ( -0.0000000000000000000, -1.000000000000000000, -0.0000000000000000000 ) ) ;
#1006 = CARTESIAN_POINT ( 'NONE',  ( 2.020000000000000000, 0.0000000000000000000, -0.6150000000000344100 ) ) ;
#1005 = CARTESIAN_POINT ( 'NONE',  ( 6.926306928424502900, 5.050000000000000700, -5.073182798732029000 ) ) ;
#1007 = UNCERTAINTY_MEASURE_WITH_UNIT (LENGTH_MEASURE( 1.000000000000000100E-005 ), #4115, 'distance_accuracy_value', 'NONE');
#1008 = SURFACE_SIDE_STYLE ('',( #4713 ) ) ;
#1009 = SURFACE_STYLE_FILL_AREA ( #1223 ) ;
#1010 = DIRECTION ( 'NONE',  ( 0.0000000000000000000, 0.0000000000000000000, 1.000000000000000000 ) ) ;
#1011 = UNCERTAINTY_MEASURE_WITH_UNIT (LENGTH_MEASURE( 1.000000000000000100E-005 ), #5071, 'distance_accuracy_value', 'NONE');
#1012 = VERTEX_POINT ( 'NONE', #5160 ) ;
#1013 = STYLED_ITEM ( 'NONE', ( #25 ), #3235 ) ;
#1014 = CARTESIAN_POINT ( 'NONE',  ( 11.82999999999999700, -4.049999999999999800, -8.585000000000000900 ) ) ;
#1015 = ORIENTED_EDGE ( 'NONE', *, *, #2438, .T. ) ;
#1016 = CIRCLE ( 'NONE', #1985, 0.3499999999999996400 ) ;
#1017 = PRESENTATION_LAYER_ASSIGNMENT (  '', '', ( #5373 ) ) ;
#1018 = CARTESIAN_POINT ( 'NONE',  ( 11.82999999999999700, -4.049999999999999800, -8.235000000000001200 ) ) ;
#1019 = LINE ( 'NONE', #5137, #4149 ) ;
#1020 = EDGE_CURVE ( 'NONE', #5034, #2000, #4670, .T. ) ;
#1021 = PRESENTATION_STYLE_ASSIGNMENT (( #4636 ) ) ;
#1022 = ORIENTED_EDGE ( 'NONE', *, *, #985, .F. ) ;
#1023 =( LENGTH_UNIT ( ) NAMED_UNIT ( * ) SI_UNIT ( .MILLI., .METRE. ) );
#1024 = FILL_AREA_STYLE_COLOUR ( '', #848 ) ;
#1025 =( NAMED_UNIT ( * ) SI_UNIT ( $, .STERADIAN. ) SOLID_ANGLE_UNIT ( ) );
#1026 = COLOUR_RGB ( '',0.8980392156862745400, 0.9215686274509803400, 0.9294117647058823800 ) ;
#1027 = AXIS2_PLACEMENT_3D ( 'NONE', #3915, #1415, #555 ) ;
#1028 = ORIENTED_EDGE ( 'NONE', *, *, #4608, .F. ) ;
#1029 = SURFACE_SIDE_STYLE ('',( #4420 ) ) ;
#1030 = ORIENTED_EDGE ( 'NONE', *, *, #4218, .F. ) ;
#1031 =( GEOMETRIC_REPRESENTATION_CONTEXT ( 3 ) GLOBAL_UNCERTAINTY_ASSIGNED_CONTEXT ( ( #3513 ) ) GLOBAL_UNIT_ASSIGNED_CONTEXT ( ( #783, #1545, #3224 ) ) REPRESENTATION_CONTEXT ( 'NONE', 'WORKASPACE' ) );
#1032 = FILL_AREA_STYLE_COLOUR ( '', #1054 ) ;
#1033 = EDGE_CURVE ( 'NONE', #2422, #977, #265, .T. ) ;
#1034 = EDGE_LOOP ( 'NONE', ( #3379, #4600, #3493, #453 ) ) ;
#1035 =( LENGTH_UNIT ( ) NAMED_UNIT ( * ) SI_UNIT ( .MILLI., .METRE. ) );
#1036 = SURFACE_STYLE_USAGE ( .BOTH. , #2751 ) ;
#1037 = DIRECTION ( 'NONE',  ( 0.0000000000000000000, 0.0000000000000000000, 1.000000000000000000 ) ) ;
#1038 = DIRECTION ( 'NONE',  ( -0.0000000000000000000, -1.000000000000000000, -0.0000000000000000000 ) ) ;
#1039 = SURFACE_STYLE_USAGE ( .BOTH. , #3555 ) ;
#1040 = LINE ( 'NONE', #690, #2433 ) ;
#1041 = DIRECTION ( 'NONE',  ( 0.0000000000000000000, 0.0000000000000000000, 1.000000000000000000 ) ) ;
#1042 = STYLED_ITEM ( 'NONE', ( #3223 ), #2879 ) ;
#1043 =( NAMED_UNIT ( * ) PLANE_ANGLE_UNIT ( ) SI_UNIT ( $, .RADIAN. ) );
#1044 = FILL_AREA_STYLE_COLOUR ( '', #436 ) ;
#1045 = CARTESIAN_POINT ( 'NONE',  ( 8.397586906936778600, 5.051000000000001000, -4.527026645096021300 ) ) ;
#1046 = DIRECTION ( 'NONE',  ( 0.0000000000000000000, 0.0000000000000000000, -1.000000000000000000 ) ) ;
#1047 = PRESENTATION_LAYER_ASSIGNMENT (  '', '', ( #3577 ) ) ;
#1048 =( LENGTH_UNIT ( ) NAMED_UNIT ( * ) SI_UNIT ( .MILLI., .METRE. ) );
#1049 = ORIENTED_EDGE ( 'NONE', *, *, #2520, .T. ) ;
#1050 = EDGE_CURVE ( 'NONE', #3388, #1683, #2209, .T. ) ;
#1051 = PLANE ( 'NONE',  #2442 ) ;
#1052 = CARTESIAN_POINT ( 'NONE',  ( 12.52999999999999600, -4.049999999999999800, -0.6149999999999988800 ) ) ;
#1053 = CARTESIAN_POINT ( 'NONE',  ( 6.926306928424502900, 5.051000000000001000, -5.073182798732029000 ) ) ;
#1054 = COLOUR_RGB ( '',0.6941176470588235100, 0.09803921568627450800, 0.09803921568627450800 ) ;
#1055 = AXIS2_PLACEMENT_3D ( 'NONE', #2507, #44, #4624 ) ;
#1056 = ORIENTED_EDGE ( 'NONE', *, *, #4114, .T. ) ;
#1057 =( GEOMETRIC_REPRESENTATION_CONTEXT ( 3 ) GLOBAL_UNCERTAINTY_ASSIGNED_CONTEXT ( ( #460 ) ) GLOBAL_UNIT_ASSIGNED_CONTEXT ( ( #485, #1678, #3374 ) ) REPRESENTATION_CONTEXT ( 'NONE', 'WORKASPACE' ) );
#1058 = EDGE_LOOP ( 'NONE', ( #3139, #1147, #2905, #4931 ) ) ;
#1059 = CARTESIAN_POINT ( 'NONE',  ( 6.749999999999999100, -4.049999999999999800, -8.585000000000000900 ) ) ;
#1060 = PLANE ( 'NONE',  #299 ) ;
#1061 = ORIENTED_EDGE ( 'NONE', *, *, #3040, .T. ) ;
#1062 =( NAMED_UNIT ( * ) SI_UNIT ( $, .STERADIAN. ) SOLID_ANGLE_UNIT ( ) );
#1063 = DIRECTION ( 'NONE',  ( -0.0000000000000000000, -1.000000000000000000, -0.0000000000000000000 ) ) ;
#1064 = SURFACE_SIDE_STYLE ('',( #893 ) ) ;
#1065 = VERTEX_POINT ( 'NONE', #4355 ) ;
#1066 =( NAMED_UNIT ( * ) SI_UNIT ( $, .STERADIAN. ) SOLID_ANGLE_UNIT ( ) );
#1067 = PRESENTATION_STYLE_ASSIGNMENT (( #2288 ) ) ;
#1068 = FILL_AREA_STYLE ('',( #1530 ) ) ;
#1069 = CARTESIAN_POINT ( 'NONE',  ( 7.188433192280297300, 5.051000000000001000, -3.996226937848596600 ) ) ;
#1070 = SURFACE_STYLE_FILL_AREA ( #631 ) ;
#1071 = DIRECTION ( 'NONE',  ( -0.9610876102172797300, 0.0000000000000000000, -0.2762437428917409200 ) ) ;
#1072 = EDGE_CURVE ( 'NONE', #4299, #1830, #2085, .T. ) ;
#1073 = ORIENTED_EDGE ( 'NONE', *, *, #1234, .F. ) ;
#1074 = DIRECTION ( 'NONE',  ( 0.0000000000000000000, -1.000000000000000000, 0.0000000000000000000 ) ) ;
#1075 = PRESENTATION_LAYER_ASSIGNMENT (  '', '', ( #1013 ) ) ;
#1076 = CARTESIAN_POINT ( 'NONE',  ( 0.0000000000000000000, 5.050000000000000700, -9.199999999999999300 ) ) ;
#1077 = SURFACE_STYLE_FILL_AREA ( #5287 ) ;
#1078 = LINE ( 'NONE', #3366, #4591 ) ;
#1079 = ORIENTED_EDGE ( 'NONE', *, *, #4162, .T. ) ;
#1080 = LINE ( 'NONE', #1467, #842 ) ;
#1081 =( GEOMETRIC_REPRESENTATION_CONTEXT ( 3 ) GLOBAL_UNCERTAINTY_ASSIGNED_CONTEXT ( ( #417 ) ) GLOBAL_UNIT_ASSIGNED_CONTEXT ( ( #4675, #964, #2637 ) ) REPRESENTATION_CONTEXT ( 'NONE', 'WORKASPACE' ) );
#1082 = PLANE ( 'NONE',  #110 ) ;
#1083 = FACE_OUTER_BOUND ( 'NONE', #2261, .T. ) ;
#1084 = EDGE_CURVE ( 'NONE', #624, #1325, #1101, .T. ) ;
#1085 = ORIENTED_EDGE ( 'NONE', *, *, #37, .T. ) ;
#1086 =( NAMED_UNIT ( * ) PLANE_ANGLE_UNIT ( ) SI_UNIT ( $, .RADIAN. ) );
#1087 = LINE ( 'NONE', #4677, #6 ) ;
#1088 = VERTEX_POINT ( 'NONE', #4773 ) ;
#1089 = DIRECTION ( 'NONE',  ( 1.000000000000000000, -0.0000000000000000000, -0.0000000000000000000 ) ) ;
#1090 = DIRECTION ( 'NONE',  ( -0.0000000000000000000, 1.000000000000000000, -0.0000000000000000000 ) ) ;
#1091 = VERTEX_POINT ( 'NONE', #151 ) ;
#1092 =( GEOMETRIC_REPRESENTATION_CONTEXT ( 3 ) GLOBAL_UNCERTAINTY_ASSIGNED_CONTEXT ( ( #1011 ) ) GLOBAL_UNIT_ASSIGNED_CONTEXT ( ( #5071, #2596, #145 ) ) REPRESENTATION_CONTEXT ( 'NONE', 'WORKASPACE' ) );
#1093 = CYLINDRICAL_SURFACE ( 'NONE', #2106, 0.3499999999999996400 ) ;
#1094 = CARTESIAN_POINT ( 'NONE',  ( 4.209999999999999100, -4.049999999999999800, -8.234999999999981700 ) ) ;
#1095 = PLANE ( 'NONE',  #4015 ) ;
#1096 = DIRECTION ( 'NONE',  ( 1.000000000000000000, 0.0000000000000000000, -0.0000000000000000000 ) ) ;
#1097 = FILL_AREA_STYLE_COLOUR ( '', #1495 ) ;
#1098 = AXIS2_PLACEMENT_3D ( 'NONE', #2221, #4321, #1812 ) ;
#1099 = ORIENTED_EDGE ( 'NONE', *, *, #4966, .T. ) ;
#1100 =( LENGTH_UNIT ( ) NAMED_UNIT ( * ) SI_UNIT ( .MILLI., .METRE. ) );
#1101 = LINE ( 'NONE', #3110, #3136 ) ;
#1102 =( NAMED_UNIT ( * ) SI_UNIT ( $, .STERADIAN. ) SOLID_ANGLE_UNIT ( ) );
#1103 = CARTESIAN_POINT ( 'NONE',  ( 6.490253737695161000, 5.051000000000001000, -4.975659249163766300 ) ) ;
#1104 = EDGE_CURVE ( 'NONE', #1980, #1578, #1807, .T. ) ;
#1105 = UNCERTAINTY_MEASURE_WITH_UNIT (LENGTH_MEASURE( 1.000000000000000100E-005 ), #3702, 'distance_accuracy_value', 'NONE');
#1106 = CARTESIAN_POINT ( 'NONE',  ( 8.249878123737223800, 5.051000000000001000, -5.205917668354676800 ) ) ;
#1107 = SURFACE_STYLE_FILL_AREA ( #2828 ) ;
#1108 = SURFACE_STYLE_USAGE ( .BOTH. , #1175 ) ;
#1109 = ADVANCED_FACE ( 'NONE', ( #3908 ), #1953, .F. ) ;
#1110 = CARTESIAN_POINT ( 'NONE',  ( 6.394753193036271100, 5.051000000000001000, -4.226371333128317300 ) ) ;
#1111 = DIRECTION ( 'NONE',  ( 4.956352788505119300E-015, 0.0000000000000000000, 1.000000000000000000 ) ) ;
#1112 = PLANE ( 'NONE',  #800 ) ;
#1113 = SURFACE_STYLE_FILL_AREA ( #2447 ) ;
#1114 = SURFACE_STYLE_USAGE ( .BOTH. , #271 ) ;
#1115 = CARTESIAN_POINT ( 'NONE',  ( 4.362595052319494300, 5.051000000000001000, -5.205917668354676800 ) ) ;
#1116 = DIRECTION ( 'NONE',  ( -0.0000000000000000000, 1.000000000000000000, -0.0000000000000000000 ) ) ;
#1117 = DIRECTION ( 'NONE',  ( -1.000000000000000000, 0.0000000000000000000, -0.0000000000000000000 ) ) ;
#1118 = ORIENTED_EDGE ( 'NONE', *, *, #3976, .F. ) ;
#1119 = ORIENTED_EDGE ( 'NONE', *, *, #4810, .T. ) ;
#1120 = PLANE ( 'NONE',  #4511 ) ;
#1121 =( LENGTH_UNIT ( ) NAMED_UNIT ( * ) SI_UNIT ( .MILLI., .METRE. ) );
#1122 = SURFACE_SIDE_STYLE ('',( #1107 ) ) ;
#1123 = EDGE_CURVE ( 'NONE', #3427, #2556, #914, .T. ) ;
#1124 = LINE ( 'NONE', #906, #2105 ) ;
#1125 = UNCERTAINTY_MEASURE_WITH_UNIT (LENGTH_MEASURE( 1.000000000000000100E-005 ), #3226, 'distance_accuracy_value', 'NONE');
#1126 = EDGE_LOOP ( 'NONE', ( #3703, #4489, #840, #4312 ) ) ;
#1127 = STYLED_ITEM ( 'NONE', ( #526 ), #2095 ) ;
#1128 = DIRECTION ( 'NONE',  ( 0.3725077383644757000, -0.0000000000000000000, 0.9280290862136721900 ) ) ;
#1129 = SURFACE_STYLE_FILL_AREA ( #583 ) ;
#1130 = CARTESIAN_POINT ( 'NONE',  ( 7.448944730396791900, 5.050000000000000700, -3.996226937848596600 ) ) ;
#1131 = VERTEX_POINT ( 'NONE', #575 ) ;
#1132 = ORIENTED_EDGE ( 'NONE', *, *, #3883, .T. ) ;
#1133 =( NAMED_UNIT ( * ) SI_UNIT ( $, .STERADIAN. ) SOLID_ANGLE_UNIT ( ) );
#1134 = CARTESIAN_POINT ( 'NONE',  ( 7.756345844204541400, 5.050000000000000700, -3.996226937848596600 ) ) ;
#1135 = CARTESIAN_POINT ( 'NONE',  ( 6.749999999999999100, -4.049999999999999800, -8.585000000000000900 ) ) ;
#1136 = STYLED_ITEM ( 'NONE', ( #1846 ), #4216 ) ;
#1137 = DIRECTION ( 'NONE',  ( 7.938847109812747400E-005, 0.0000000000000000000, -0.9999999968487353100 ) ) ;
#1138 = CARTESIAN_POINT ( 'NONE',  ( 0.0000000000000000000, -4.049999999999999800, 0.0000000000000000000 ) ) ;
#1139 = DIRECTION ( 'NONE',  ( 1.000000000000000000, 0.0000000000000000000, 0.0000000000000000000 ) ) ;
#1140 =( LENGTH_UNIT ( ) NAMED_UNIT ( * ) SI_UNIT ( .MILLI., .METRE. ) );
#1141 = EDGE_LOOP ( 'NONE', ( #107, #1613, #2024, #3835 ) ) ;
#1142 = EDGE_CURVE ( 'NONE', #1749, #187, #2144, .T. ) ;
#1143 = PLANE ( 'NONE',  #1818 ) ;
#1144 = COLOUR_RGB ( '',0.8980392156862745400, 0.9215686274509803400, 0.9294117647058823800 ) ;
#1145 = ADVANCED_FACE ( 'NONE', ( #3583 ), #3247, .F. ) ;
#1146 = DIRECTION ( 'NONE',  ( -0.0000000000000000000, 1.000000000000000000, -0.0000000000000000000 ) ) ;
#1147 = ORIENTED_EDGE ( 'NONE', *, *, #980, .F. ) ;
#1148 = STYLED_ITEM ( 'NONE', ( #3036 ), #5362 ) ;
#1149 = PRESENTATION_STYLE_ASSIGNMENT (( #288 ) ) ;
#1150 = ORIENTED_EDGE ( 'NONE', *, *, #1694, .F. ) ;
#1151 = DIRECTION ( 'NONE',  ( 0.0000000000000000000, -0.0000000000000000000, 1.000000000000000000 ) ) ;
#1152 = COLOUR_RGB ( '',0.8980392156862745400, 0.9215686274509803400, 0.9294117647058823800 ) ;
#1153 = PRESENTATION_LAYER_ASSIGNMENT (  '', '', ( #3013 ) ) ;
#1154 = VECTOR ( 'NONE', #2679, 1000.000000000000000 ) ;
#1155 = SURFACE_STYLE_FILL_AREA ( #2088 ) ;
#1156 = CARTESIAN_POINT ( 'NONE',  ( 2.370000000000000600, -4.049999999999999800, -0.7900000000000362300 ) ) ;
#1157 = ORIENTED_EDGE ( 'NONE', *, *, #4661, .F. ) ;
#1158 =( NAMED_UNIT ( * ) PLANE_ANGLE_UNIT ( ) SI_UNIT ( $, .RADIAN. ) );
#1159 = DIRECTION ( 'NONE',  ( 0.0000000000000000000, -0.0000000000000000000, -1.000000000000000000 ) ) ;
#1160 =( NAMED_UNIT ( * ) PLANE_ANGLE_UNIT ( ) SI_UNIT ( $, .RADIAN. ) );
#1161 = COLOUR_RGB ( '',1.000000000000000000, 1.000000000000000000, 1.000000000000000000 ) ;
#1162 = EDGE_CURVE ( 'NONE', #4134, #2868, #5328, .T. ) ;
#1163 = FILL_AREA_STYLE ('',( #3669 ) ) ;
#1164 = VERTEX_POINT ( 'NONE', #4414 ) ;
#1165 = DIRECTION ( 'NONE',  ( -1.000000000000000000, -0.0000000000000000000, -0.0000000000000000000 ) ) ;
#1166 = DIRECTION ( 'NONE',  ( -0.0000000000000000000, -1.000000000000000000, -0.0000000000000000000 ) ) ;
#1167 = SURFACE_STYLE_USAGE ( .BOTH. , #4950 ) ;
#1168 = EDGE_LOOP ( 'NONE', ( #824, #4940, #4728, #3328 ) ) ;
#1169 = FACE_OUTER_BOUND ( 'NONE', #4692, .T. ) ;
#1170 = ORIENTED_EDGE ( 'NONE', *, *, #4162, .F. ) ;
#1171 =( GEOMETRIC_REPRESENTATION_CONTEXT ( 3 ) GLOBAL_UNCERTAINTY_ASSIGNED_CONTEXT ( ( #2544 ) ) GLOBAL_UNIT_ASSIGNED_CONTEXT ( ( #4985, #2080, #2459 ) ) REPRESENTATION_CONTEXT ( 'NONE', 'WORKASPACE' ) );
#1172 = EDGE_CURVE ( 'NONE', #3711, #3402, #3008, .T. ) ;
#1173 = VERTEX_POINT ( 'NONE', #1488 ) ;
#1174 = CARTESIAN_POINT ( 'NONE',  ( 4.909999999999999300, 0.0000000000000000000, -0.9650000000000168400 ) ) ;
#1175 = SURFACE_SIDE_STYLE ('',( #178 ) ) ;
#1176 = PRESENTATION_LAYER_ASSIGNMENT (  '', '', ( #425 ) ) ;
#1177 = ADVANCED_FACE ( 'NONE', ( #2025 ), #1112, .F. ) ;
#1178 = DIRECTION ( 'NONE',  ( 1.000000000000000000, -0.0000000000000000000, 0.0000000000000000000 ) ) ;
#1179 = CARTESIAN_POINT ( 'NONE',  ( 7.449999999999999300, -4.049999999999999800, -8.235000000000001200 ) ) ;
#1180 = CARTESIAN_POINT ( 'NONE',  ( 1.669999999999999700, -4.049999999999999800, -8.584999999999963500 ) ) ;
#1181 = STYLED_ITEM ( 'NONE', ( #4826 ), #2522 ) ;
#1182 = PRESENTATION_STYLE_ASSIGNMENT (( #126 ) ) ;
#1183 = PLANE ( 'NONE',  #482 ) ;
#1184 = CARTESIAN_POINT ( 'NONE',  ( 1.669999999999999700, 0.0000000000000000000, -8.234999999999965700 ) ) ;
#1185 =( NAMED_UNIT ( * ) SI_UNIT ( $, .STERADIAN. ) SOLID_ANGLE_UNIT ( ) );
#1186 =( NAMED_UNIT ( * ) SI_UNIT ( $, .STERADIAN. ) SOLID_ANGLE_UNIT ( ) );
#1187 = CARTESIAN_POINT ( 'NONE',  ( 12.52999999999999600, -4.049999999999999800, -8.585000000000000900 ) ) ;
#1188 = UNCERTAINTY_MEASURE_WITH_UNIT (LENGTH_MEASURE( 1.000000000000000100E-005 ), #4007, 'distance_accuracy_value', 'NONE');
#1189 = ORIENTED_EDGE ( 'NONE', *, *, #3219, .F. ) ;
#1190 = SURFACE_SIDE_STYLE ('',( #5069 ) ) ;
#1191 =( NAMED_UNIT ( * ) SI_UNIT ( $, .STERADIAN. ) SOLID_ANGLE_UNIT ( ) );
#1192 = LINE ( 'NONE', #4685, #2820 ) ;
#1193 = CARTESIAN_POINT ( 'NONE',  ( 6.749999999999999100, 0.0000000000000000000, -0.6149999999999989900 ) ) ;
#1194 = FILL_AREA_STYLE_COLOUR ( '', #51 ) ;
#1195 = DIRECTION ( 'NONE',  ( 0.4668459304955208100, 0.0000000000000000000, -0.8843386665637613700 ) ) ;
#1196 = PRESENTATION_STYLE_ASSIGNMENT (( #4032 ) ) ;
#1197 = ORIENTED_EDGE ( 'NONE', *, *, #871, .F. ) ;
#1198 = CARTESIAN_POINT ( 'NONE',  ( 0.0000000000000000000, 5.050000000000000700, 0.0000000000000000000 ) ) ;
#1199 = PRESENTATION_LAYER_ASSIGNMENT (  '', '', ( #634 ) ) ;
#1200 = SURFACE_STYLE_FILL_AREA ( #3945 ) ;
#1201 = UNCERTAINTY_MEASURE_WITH_UNIT (LENGTH_MEASURE( 1.000000000000000100E-005 ), #1035, 'distance_accuracy_value', 'NONE');
#1202 = FILL_AREA_STYLE ('',( #3705 ) ) ;
#1203 =( GEOMETRIC_REPRESENTATION_CONTEXT ( 3 ) GLOBAL_UNCERTAINTY_ASSIGNED_CONTEXT ( ( #1381 ) ) GLOBAL_UNIT_ASSIGNED_CONTEXT ( ( #3973, #3616, #3597 ) ) REPRESENTATION_CONTEXT ( 'NONE', 'WORKASPACE' ) );
#1204 = ADVANCED_FACE ( 'NONE', ( #2731 ), #3990, .F. ) ;
#1205 = VERTEX_POINT ( 'NONE', #5253 ) ;
#1206 = EDGE_CURVE ( 'NONE', #3815, #1830, #76, .T. ) ;
#1207 =( LENGTH_UNIT ( ) NAMED_UNIT ( * ) SI_UNIT ( .MILLI., .METRE. ) );
#1208 = ORIENTED_EDGE ( 'NONE', *, *, #345, .T. ) ;
#1209 = CARTESIAN_POINT ( 'NONE',  ( 14.19999999999999900, 5.050000000000000700, -9.199999999999999300 ) ) ;
#1210 = PLANE ( 'NONE',  #780 ) ;
#1211 = ORIENTED_EDGE ( 'NONE', *, *, #1242, .T. ) ;
#1212 =( LENGTH_UNIT ( ) NAMED_UNIT ( * ) SI_UNIT ( .MILLI., .METRE. ) );
#1213 = PRESENTATION_LAYER_ASSIGNMENT (  '', '', ( #4745 ) ) ;
#1214 = CARTESIAN_POINT ( 'NONE',  ( 12.52999999999999600, -4.049999999999999800, -0.6149999999999988800 ) ) ;
#1215 = EDGE_CURVE ( 'NONE', #4786, #1164, #5058, .T. ) ;
#1216 = ORIENTED_EDGE ( 'NONE', *, *, #3951, .T. ) ;
#1217 = SURFACE_SIDE_STYLE ('',( #1408 ) ) ;
#1218 = VERTEX_POINT ( 'NONE', #1180 ) ;
#1219 = PRESENTATION_STYLE_ASSIGNMENT (( #3627 ) ) ;
#1220 = ORIENTED_EDGE ( 'NONE', *, *, #498, .F. ) ;
#1221 = LINE ( 'NONE', #1254, #2065 ) ;
#1222 = COLOUR_RGB ( '',0.8980392156862745400, 0.9215686274509803400, 0.9294117647058823800 ) ;
#1223 = FILL_AREA_STYLE ('',( #3299 ) ) ;
#1224 = ORIENTED_EDGE ( 'NONE', *, *, #4351, .T. ) ;
#1225 = ADVANCED_FACE ( 'NONE', ( #5001 ), #4122, .F. ) ;
#1226 = SURFACE_STYLE_USAGE ( .BOTH. , #2047 ) ;
#1227 = AXIS2_PLACEMENT_3D ( 'NONE', #2735, #1413, #1445 ) ;
#1228 = FACE_OUTER_BOUND ( 'NONE', #4109, .T. ) ;
#1229 = ORIENTED_EDGE ( 'NONE', *, *, #693, .F. ) ;
#1230 = LINE ( 'NONE', #547, #2130 ) ;
#1231 = DIRECTION ( 'NONE',  ( -0.2762033010287890400, 0.0000000000000000000, 0.9610992334305548100 ) ) ;
#1232 = STYLED_ITEM ( 'NONE', ( #4678 ), #426 ) ;
#1233 = FILL_AREA_STYLE_COLOUR ( '', #2123 ) ;
#1234 = EDGE_CURVE ( 'NONE', #4212, #4786, #3782, .T. ) ;
#1235 = EDGE_LOOP ( 'NONE', ( #236, #1982, #4396, #1455 ) ) ;
#1236 = PRESENTATION_STYLE_ASSIGNMENT (( #1167 ) ) ;
#1237 =( NAMED_UNIT ( * ) SI_UNIT ( $, .STERADIAN. ) SOLID_ANGLE_UNIT ( ) );
#1238 = SURFACE_SIDE_STYLE ('',( #4790 ) ) ;
#1239 = VECTOR ( 'NONE', #1770, 1000.000000000000000 ) ;
#1240 = PRESENTATION_LAYER_ASSIGNMENT (  '', '', ( #2736 ) ) ;
#1241 = SURFACE_STYLE_FILL_AREA ( #289 ) ;
#1242 = EDGE_CURVE ( 'NONE', #855, #219, #3062, .T. ) ;
#1243 = DIRECTION ( 'NONE',  ( -0.3829140317376929500, -0.0000000000000000000, -0.9237839814038697500 ) ) ;
#1244 = DIRECTION ( 'NONE',  ( 0.0000000000000000000, 0.0000000000000000000, -1.000000000000000000 ) ) ;
#1245 = AXIS2_PLACEMENT_3D ( 'NONE', #5213, #2296, #1960 ) ;
#1246 = LINE ( 'NONE', #2690, #196 ) ;
#1247 = FACE_OUTER_BOUND ( 'NONE', #318, .T. ) ;
#1248 = VECTOR ( 'NONE', #4345, 1000.000000000000000 ) ;
#1249 = EDGE_CURVE ( 'NONE', #2651, #1464, #3399, .T. ) ;
#1250 = FILL_AREA_STYLE_COLOUR ( '', #3860 ) ;
#1251 = FACE_OUTER_BOUND ( 'NONE', #2914, .T. ) ;
#1252 = CARTESIAN_POINT ( 'NONE',  ( 12.52999999999999600, 0.0000000000000000000, -8.235000000000001200 ) ) ;
#1253 =( GEOMETRIC_REPRESENTATION_CONTEXT ( 3 ) GLOBAL_UNCERTAINTY_ASSIGNED_CONTEXT ( ( #1499 ) ) GLOBAL_UNIT_ASSIGNED_CONTEXT ( ( #3596, #3989, #1468 ) ) REPRESENTATION_CONTEXT ( 'NONE', 'WORKASPACE' ) );
#1254 = CARTESIAN_POINT ( 'NONE',  ( 6.401760145451919300, 5.050000000000000700, -3.996226937848596600 ) ) ;
#1255 = ADVANCED_FACE ( 'NONE', ( #3961 ), #1294, .T. ) ;
#1256 = DIRECTION ( 'NONE',  ( -1.000000000000000000, 0.0000000000000000000, 0.0000000000000000000 ) ) ;
#1257 = ORIENTED_EDGE ( 'NONE', *, *, #1890, .F. ) ;
#1258 =( LENGTH_UNIT ( ) NAMED_UNIT ( * ) SI_UNIT ( .MILLI., .METRE. ) );
#1259 = VERTEX_POINT ( 'NONE', #3154 ) ;
#1260 = STYLED_ITEM ( 'NONE', ( #2649 ), #61 ) ;
#1261 = COLOUR_RGB ( '',1.000000000000000000, 1.000000000000000000, 1.000000000000000000 ) ;
#1262 =( LENGTH_UNIT ( ) NAMED_UNIT ( * ) SI_UNIT ( .MILLI., .METRE. ) );
#1263 = DIRECTION ( 'NONE',  ( 0.2755520632520548900, -0.0000000000000000000, -0.9612861490927326900 ) ) ;
#1264 = ORIENTED_EDGE ( 'NONE', *, *, #2841, .T. ) ;
#1265 = MECHANICAL_DESIGN_GEOMETRIC_PRESENTATION_REPRESENTATION (  '', ( #3349 ), #1203 ) ;
#1266 = EDGE_CURVE ( 'NONE', #2165, #3684, #4479, .T. ) ;
#1267 = VERTEX_POINT ( 'NONE', #5045 ) ;
#1268 = CARTESIAN_POINT ( 'NONE',  ( 4.014950853507274400, 5.051000000000001000, -3.996226937848596600 ) ) ;
#1269 = FACE_OUTER_BOUND ( 'NONE', #4155, .T. ) ;
#1270 = MECHANICAL_DESIGN_GEOMETRIC_PRESENTATION_REPRESENTATION (  '', ( #3505 ), #4611 ) ;
#1271 = VECTOR ( 'NONE', #4914, 1000.000000000000000 ) ;
#1272 = ORIENTED_EDGE ( 'NONE', *, *, #484, .F. ) ;
#1273 = FILL_AREA_STYLE_COLOUR ( '', #1834 ) ;
#1274 = FILL_AREA_STYLE ('',( #5068 ) ) ;
#1275 = LINE ( 'NONE', #2291, #769 ) ;
#1276 = ADVANCED_FACE ( 'NONE', ( #1169 ), #4230, .F. ) ;
#1277 = FACE_OUTER_BOUND ( 'NONE', #643, .T. ) ;
#1278 = ORIENTED_EDGE ( 'NONE', *, *, #2662, .F. ) ;
#1279 = DIRECTION ( 'NONE',  ( 1.000000000000000000, 0.0000000000000000000, -0.0000000000000000000 ) ) ;
#1280 = COLOUR_RGB ( '',0.8980392156862745400, 0.9215686274509803400, 0.9294117647058823800 ) ;
#1281 = CARTESIAN_POINT ( 'NONE',  ( 3.290000000000000500, 0.0000000000000000000, -0.2000000000000000100 ) ) ;
#1282 = LINE ( 'NONE', #2086, #3707 ) ;
#1283 = EDGE_CURVE ( 'NONE', #4589, #3924, #3268, .T. ) ;
#1284 = VECTOR ( 'NONE', #4555, 1000.000000000000000 ) ;
#1285 = ORIENTED_EDGE ( 'NONE', *, *, #2134, .T. ) ;
#1287 = COLOUR_RGB ( '',1.000000000000000000, 1.000000000000000000, 1.000000000000000000 ) ;
#1286 = CARTESIAN_POINT ( 'NONE',  ( 4.909999999999999300, -4.049999999999999800, -0.6150000000000166400 ) ) ;
#1288 = DIRECTION ( 'NONE',  ( 1.000000000000000000, 0.0000000000000000000, 0.0000000000000000000 ) ) ;
#1289 = VERTEX_POINT ( 'NONE', #2967 ) ;
#1290 = CARTESIAN_POINT ( 'NONE',  ( 5.073273000045511500, 5.051000000000001000, -5.205917668354676800 ) ) ;
#1291 = ORIENTED_EDGE ( 'NONE', *, *, #3040, .F. ) ;
#1292 = CARTESIAN_POINT ( 'NONE',  ( 10.91000000000000000, 7.426175779181613300E-016, -9.000000000000000000 ) ) ;
#1293 = SURFACE_STYLE_FILL_AREA ( #2745 ) ;
#1294 = CYLINDRICAL_SURFACE ( 'NONE', #2956, 0.3499999999999996400 ) ;
#1295 = CARTESIAN_POINT ( 'NONE',  ( 6.749999999999999100, -4.049999999999999800, -8.585000000000000900 ) ) ;
#1296 = AXIS2_PLACEMENT_3D ( 'NONE', #1069, #5292, #3585 ) ;
#1297 = ORIENTED_EDGE ( 'NONE', *, *, #3292, .F. ) ;
#1298 = SURFACE_STYLE_USAGE ( .BOTH. , #1309 ) ;
#1299 = EDGE_CURVE ( 'NONE', #5216, #4435, #4039, .T. ) ;
#1300 = VECTOR ( 'NONE', #4227, 1000.000000000000000 ) ;
#1301 = ADVANCED_FACE ( 'NONE', ( #2200 ), #4626, .F. ) ;
#1302 = CARTESIAN_POINT ( 'NONE',  ( 2.369999999999999700, 0.0000000000000000000, -0.9650000000000345000 ) ) ;
#1303 = FACE_OUTER_BOUND ( 'NONE', #1394, .T. ) ;
#1304 = LINE ( 'NONE', #226, #3015 ) ;
#1305 = CARTESIAN_POINT ( 'NONE',  ( 9.289999999999997400, -4.049999999999999800, -8.585000000000000900 ) ) ;
#1306 = STYLED_ITEM ( 'NONE', ( #4842 ), #4344 ) ;
#1307 = EDGE_CURVE ( 'NONE', #3241, #2785, #3648, .T. ) ;
#1308 = FACE_OUTER_BOUND ( 'NONE', #2401, .T. ) ;
#1309 = SURFACE_SIDE_STYLE ('',( #2756 ) ) ;
#1310 = DIRECTION ( 'NONE',  ( -0.0000000000000000000, 0.0000000000000000000, 1.000000000000000000 ) ) ;
#1311 = STYLED_ITEM ( 'NONE', ( #1149 ), #5081 ) ;
#1312 = SURFACE_STYLE_FILL_AREA ( #2203 ) ;
#1313 = DIRECTION ( 'NONE',  ( 0.05375259206908285200, 0.0000000000000000000, -0.9985542843760947300 ) ) ;
#1314 = PRESENTATION_STYLE_ASSIGNMENT (( #2974 ) ) ;
#1315 = VERTEX_POINT ( 'NONE', #71 ) ;
#1316 = CARTESIAN_POINT ( 'NONE',  ( 5.073273000045510600, 5.050000000000000700, -5.205917668354676000 ) ) ;
#1317 = VECTOR ( 'NONE', #97, 1000.000000000000000 ) ;
#1318 = ORIENTED_EDGE ( 'NONE', *, *, #718, .T. ) ;
#1319 = PRESENTATION_LAYER_ASSIGNMENT (  '', '', ( #24 ) ) ;
#1320 = VECTOR ( 'NONE', #636, 1000.000000000000200 ) ;
#1321 = ORIENTED_EDGE ( 'NONE', *, *, #3472, .T. ) ;
#1322 = DIRECTION ( 'NONE',  ( -0.0000000000000000000, 1.000000000000000000, -0.0000000000000000000 ) ) ;
#1323 = CARTESIAN_POINT ( 'NONE',  ( 9.168322353241782400, 5.051000000000001000, -3.996226937848597500 ) ) ;
#1324 = VECTOR ( 'NONE', #418, 1000.000000000000000 ) ;
#1325 = VERTEX_POINT ( 'NONE', #3016 ) ;
#1326 = CARTESIAN_POINT ( 'NONE',  ( 7.449999999999999300, -4.049999999999999800, -0.9649999999999990800 ) ) ;
#1327 = FACE_OUTER_BOUND ( 'NONE', #304, .T. ) ;
#1328 = STYLED_ITEM ( 'NONE', ( #2941 ), #1301 ) ;
#1329 = EDGE_CURVE ( 'NONE', #2993, #1676, #4659, .T. ) ;
#1330 = FILL_AREA_STYLE_COLOUR ( '', #5074 ) ;
#1331 = ORIENTED_EDGE ( 'NONE', *, *, #4002, .T. ) ;
#1332 = UNCERTAINTY_MEASURE_WITH_UNIT (LENGTH_MEASURE( 1.000000000000000100E-005 ), #2802, 'distance_accuracy_value', 'NONE');
#1333 = VECTOR ( 'NONE', #3551, 1000.000000000000000 ) ;
#1334 = PRESENTATION_LAYER_ASSIGNMENT (  '', '', ( #348 ) ) ;
#1335 = LINE ( 'NONE', #1326, #1922 ) ;
#1336 = PLANE ( 'NONE',  #542 ) ;
#1337 = DIRECTION ( 'NONE',  ( -0.0000000000000000000, -1.000000000000000000, -0.0000000000000000000 ) ) ;
#1338 = PRESENTATION_LAYER_ASSIGNMENT (  '', '', ( #516 ) ) ;
#1339 = ORIENTED_EDGE ( 'NONE', *, *, #1814, .T. ) ;
#1340 = CARTESIAN_POINT ( 'NONE',  ( 4.547192410558964500, 5.051000000000001000, -4.653056172982742200 ) ) ;
#1341 = FACE_OUTER_BOUND ( 'NONE', #1608, .T. ) ;
#1342 = FACE_OUTER_BOUND ( 'NONE', #1502, .T. ) ;
#1343 = AXIS2_PLACEMENT_3D ( 'NONE', #4526, #4696, #1664 ) ;
#1344 = ORIENTED_EDGE ( 'NONE', *, *, #4769, .T. ) ;
#1345 =( NAMED_UNIT ( * ) SI_UNIT ( $, .STERADIAN. ) SOLID_ANGLE_UNIT ( ) );
#1346 = VECTOR ( 'NONE', #307, 1000.000000000000000 ) ;
#1347 = ORIENTED_EDGE ( 'NONE', *, *, #3864, .T. ) ;
#1348 = DIRECTION ( 'NONE',  ( 0.9611542233438685700, -0.0000000000000000000, 0.2760118818968576000 ) ) ;
#1349 = ORIENTED_EDGE ( 'NONE', *, *, #4251, .F. ) ;
#1350 = ORIENTED_EDGE ( 'NONE', *, *, #1890, .T. ) ;
#1351 = LINE ( 'NONE', #2943, #851 ) ;
#1352 = EDGE_CURVE ( 'NONE', #2548, #349, #2258, .T. ) ;
#1353 =( LENGTH_UNIT ( ) NAMED_UNIT ( * ) SI_UNIT ( .MILLI., .METRE. ) );
#1354 = DIRECTION ( 'NONE',  ( -1.000000000000000000, 0.0000000000000000000, -0.0000000000000000000 ) ) ;
#1355 = LINE ( 'NONE', #1372, #1239 ) ;
#1356 = VECTOR ( 'NONE', #1451, 1000.000000000000000 ) ;
#1357 = PRESENTATION_LAYER_ASSIGNMENT (  '', '', ( #2531 ) ) ;
#1358 = ORIENTED_EDGE ( 'NONE', *, *, #1249, .F. ) ;
#1359 = FACE_OUTER_BOUND ( 'NONE', #611, .T. ) ;
#1360 = CARTESIAN_POINT ( 'NONE',  ( 5.661972997095286800, 5.051000000000001000, -5.205917668354676800 ) ) ;
#1361 = SURFACE_STYLE_FILL_AREA ( #2304 ) ;
#1362 = MECHANICAL_DESIGN_GEOMETRIC_PRESENTATION_REPRESENTATION (  '', ( #5184 ), #1811 ) ;
#1363 = DIRECTION ( 'NONE',  ( -1.000000000000000000, -0.0000000000000000000, -0.0000000000000000000 ) ) ;
#1364 = EDGE_CURVE ( 'NONE', #2657, #1481, #1797, .T. ) ;
#1365 = PLANE ( 'NONE',  #1027 ) ;
#1366 = VECTOR ( 'NONE', #557, 1000.000000000000000 ) ;
#1367 = CARTESIAN_POINT ( 'NONE',  ( 6.676311338635463800, 5.051000000000001000, -5.205917668354676800 ) ) ;
#1368 = CARTESIAN_POINT ( 'NONE',  ( 9.081208083500273500, 5.050000000000000700, -4.974059236185391700 ) ) ;
#1369 = LINE ( 'NONE', #1214, #3293 ) ;
#1370 = AXIS2_PLACEMENT_3D ( 'NONE', #560, #2653, #4656 ) ;
#1371 = CARTESIAN_POINT ( 'NONE',  ( 4.358931573360483600, 5.051000000000001000, -3.996226937848596600 ) ) ;
#1372 = CARTESIAN_POINT ( 'NONE',  ( 8.881202783233808500, 5.050000000000000700, -4.226415471414234100 ) ) ;
#1373 = DIRECTION ( 'NONE',  ( 0.0000000000000000000, 0.0000000000000000000, -1.000000000000000000 ) ) ;
#1374 = VECTOR ( 'NONE', #4550, 1000.000000000000000 ) ;
#1375 = STYLED_ITEM ( 'NONE', ( #3813 ), #4545 ) ;
#1376 = ADVANCED_FACE ( 'NONE', ( #1544 ), #3812, .F. ) ;
#1377 = VERTEX_POINT ( 'NONE', #869 ) ;
#1378 = EDGE_CURVE ( 'NONE', #4194, #464, #3894, .T. ) ;
#1379 = CARTESIAN_POINT ( 'NONE',  ( 11.82999999999999700, 0.0000000000000000000, -8.235000000000001200 ) ) ;
#1380 = ORIENTED_EDGE ( 'NONE', *, *, #1084, .T. ) ;
#1381 = UNCERTAINTY_MEASURE_WITH_UNIT (LENGTH_MEASURE( 1.000000000000000100E-005 ), #3973, 'distance_accuracy_value', 'NONE');
#1382 = CARTESIAN_POINT ( 'NONE',  ( 9.448968307528209800, 5.051000000000001000, -4.972348877486177300 ) ) ;
#1384 = CARTESIAN_POINT ( 'NONE',  ( 9.289999999999997400, 0.0000000000000000000, -8.585000000000000900 ) ) ;
#1383 = SURFACE_SIDE_STYLE ('',( #833 ) ) ;
#1385 = ORIENTED_EDGE ( 'NONE', *, *, #3586, .F. ) ;
#1386 = DIRECTION ( 'NONE',  ( -9.912705577010222800E-015, 0.0000000000000000000, 1.000000000000000000 ) ) ;
#1387 = EDGE_LOOP ( 'NONE', ( #782, #5158, #663, #1987 ) ) ;
#1388 = SURFACE_STYLE_USAGE ( .BOTH. , #3822 ) ;
#1389 = PRESENTATION_STYLE_ASSIGNMENT (( #2966 ) ) ;
#1390 = MECHANICAL_DESIGN_GEOMETRIC_PRESENTATION_REPRESENTATION (  '', ( #531 ), #823 ) ;
#1391 = ORIENTED_EDGE ( 'NONE', *, *, #4322, .T. ) ;
#1392 =( NAMED_UNIT ( * ) SI_UNIT ( $, .STERADIAN. ) SOLID_ANGLE_UNIT ( ) );
#1393 = MECHANICAL_DESIGN_GEOMETRIC_PRESENTATION_REPRESENTATION (  '', ( #4188 ), #674 ) ;
#1394 = EDGE_LOOP ( 'NONE', ( #3160, #5, #4627, #2107 ) ) ;
#1395 = DIRECTION ( 'NONE',  ( 3.097720492815730600E-016, 0.0000000000000000000, -1.000000000000000000 ) ) ;
#1396 = EDGE_LOOP ( 'NONE', ( #4046, #3946, #2550, #3784 ) ) ;
#1397 = AXIS2_PLACEMENT_3D ( 'NONE', #2197, #4674, #2606 ) ;
#1398 = ADVANCED_FACE ( 'NONE', ( #847 ), #982, .F. ) ;
#1399 = UNCERTAINTY_MEASURE_WITH_UNIT (LENGTH_MEASURE( 1.000000000000000100E-005 ), #2430, 'distance_accuracy_value', 'NONE');
#1400 = UNCERTAINTY_MEASURE_WITH_UNIT (LENGTH_MEASURE( 1.000000000000000100E-005 ), #5166, 'distance_accuracy_value', 'NONE');
#1401 = FACE_OUTER_BOUND ( 'NONE', #2541, .T. ) ;
#1402 = ORIENTED_EDGE ( 'NONE', *, *, #1142, .T. ) ;
#1403 = PRESENTATION_LAYER_ASSIGNMENT (  '', '', ( #1136 ) ) ;
#1404 = VECTOR ( 'NONE', #2558, 1000.000000000000000 ) ;
#1405 = DIRECTION ( 'NONE',  ( 0.0000000000000000000, 0.0000000000000000000, 1.000000000000000000 ) ) ;
#1406 = ORIENTED_EDGE ( 'NONE', *, *, #4402, .F. ) ;
#1407 = EDGE_CURVE ( 'NONE', #1259, #4184, #179, .T. ) ;
#1408 = SURFACE_STYLE_FILL_AREA ( #4128 ) ;
#1409 = VECTOR ( 'NONE', #883, 1000.000000000000000 ) ;
#1410 = CARTESIAN_POINT ( 'NONE',  ( 5.178910637437359000, 5.051000000000001000, -3.996226937848596600 ) ) ;
#1411 = ORIENTED_EDGE ( 'NONE', *, *, #4133, .T. ) ;
#1412 = LINE ( 'NONE', #3791, #2605 ) ;
#1413 = DIRECTION ( 'NONE',  ( 0.0000000000000000000, -1.000000000000000000, 0.0000000000000000000 ) ) ;
#1414 =( LENGTH_UNIT ( ) NAMED_UNIT ( * ) SI_UNIT ( .MILLI., .METRE. ) );
#1415 = DIRECTION ( 'NONE',  ( 3.097720492815722700E-016, 0.0000000000000000000, -1.000000000000000000 ) ) ;
#1417 = DIRECTION ( 'NONE',  ( 1.000000000000000000, -0.0000000000000000000, -0.0000000000000000000 ) ) ;
#1416 = DIRECTION ( 'NONE',  ( -0.0000000000000000000, -1.000000000000000000, -0.0000000000000000000 ) ) ;
#1418 = VERTEX_POINT ( 'NONE', #3030 ) ;
#1419 =( NAMED_UNIT ( * ) SI_UNIT ( $, .STERADIAN. ) SOLID_ANGLE_UNIT ( ) );
#1420 = FILL_AREA_STYLE ('',( #1435 ) ) ;
#1421 = VECTOR ( 'NONE', #708, 1000.000000000000000 ) ;
#1422 = AXIS2_PLACEMENT_3D ( 'NONE', #2049, #1570, #2502 ) ;
#1423 = EDGE_CURVE ( 'NONE', #1377, #5118, #1230, .T. ) ;
#1424 =( NAMED_UNIT ( * ) PLANE_ANGLE_UNIT ( ) SI_UNIT ( $, .RADIAN. ) );
#1425 = COLOUR_RGB ( '',1.000000000000000000, 1.000000000000000000, 1.000000000000000000 ) ;
#1426 =( LENGTH_UNIT ( ) NAMED_UNIT ( * ) SI_UNIT ( .MILLI., .METRE. ) );
#1427 = ORIENTED_EDGE ( 'NONE', *, *, #3790, .F. ) ;
#1428 =( NAMED_UNIT ( * ) PLANE_ANGLE_UNIT ( ) SI_UNIT ( $, .RADIAN. ) );
#1429 = PLANE ( 'NONE',  #1343 ) ;
#1430 = EDGE_CURVE ( 'NONE', #3747, #4875, #4602, .T. ) ;
#1431 =( NAMED_UNIT ( * ) PLANE_ANGLE_UNIT ( ) SI_UNIT ( $, .RADIAN. ) );
#1432 = FACE_OUTER_BOUND ( 'NONE', #3302, .T. ) ;
#1433 = FILL_AREA_STYLE_COLOUR ( '', #2538 ) ;
#1434 = PRESENTATION_LAYER_ASSIGNMENT (  '', '', ( #3696 ) ) ;
#1435 = FILL_AREA_STYLE_COLOUR ( '', #4811 ) ;
#1436 = AXIS2_PLACEMENT_3D ( 'NONE', #5004, #921, #4156 ) ;
#1437 = CYLINDRICAL_SURFACE ( 'NONE', #1436, 0.3499999999999996400 ) ;
#1438 = FACE_OUTER_BOUND ( 'NONE', #789, .T. ) ;
#1439 = VERTEX_POINT ( 'NONE', #2216 ) ;
#1440 = DIRECTION ( 'NONE',  ( 1.000000000000000000, 0.0000000000000000000, -0.0000000000000000000 ) ) ;
#1441 = VECTOR ( 'NONE', #1895, 1000.000000000000000 ) ;
#1442 = ORIENTED_EDGE ( 'NONE', *, *, #4502, .T. ) ;
#1443 = VECTOR ( 'NONE', #4339, 1000.000000000000000 ) ;
#1444 = ORIENTED_EDGE ( 'NONE', *, *, #261, .T. ) ;
#1445 = DIRECTION ( 'NONE',  ( 0.0000000000000000000, -0.0000000000000000000, -1.000000000000000000 ) ) ;
#1446 = CARTESIAN_POINT ( 'NONE',  ( 7.450000000000000200, -4.049999999999999800, -0.7900000000000008100 ) ) ;
#1447 = FACE_OUTER_BOUND ( 'NONE', #1537, .T. ) ;
#1448 = ORIENTED_EDGE ( 'NONE', *, *, #4127, .T. ) ;
#1449 = DIRECTION ( 'NONE',  ( -9.912705577010222800E-015, 0.0000000000000000000, 1.000000000000000000 ) ) ;
#1450 =( LENGTH_UNIT ( ) NAMED_UNIT ( * ) SI_UNIT ( .MILLI., .METRE. ) );
#1451 = DIRECTION ( 'NONE',  ( -0.0000000000000000000, 1.000000000000000000, -0.0000000000000000000 ) ) ;
#1452 = LINE ( 'NONE', #2511, #2242 ) ;
#1453 = DIRECTION ( 'NONE',  ( 1.000000000000000000, -0.0000000000000000000, -0.0000000000000000000 ) ) ;
#1454 = DIRECTION ( 'NONE',  ( -0.9999891854650020400, 0.0000000000000000000, -0.004650693823676656400 ) ) ;
#1455 = ORIENTED_EDGE ( 'NONE', *, *, #2901, .T. ) ;
#1456 = SURFACE_STYLE_FILL_AREA ( #221 ) ;
#1457 =( GEOMETRIC_REPRESENTATION_CONTEXT ( 3 ) GLOBAL_UNCERTAINTY_ASSIGNED_CONTEXT ( ( #2962 ) ) GLOBAL_UNIT_ASSIGNED_CONTEXT ( ( #630, #2680, #1852 ) ) REPRESENTATION_CONTEXT ( 'NONE', 'WORKASPACE' ) );
#1458 = VECTOR ( 'NONE', #1973, 1000.000000000000000 ) ;
#1459 = CARTESIAN_POINT ( 'NONE',  ( 9.793482366010957600, 5.050000000000000700, -4.972348877483165500 ) ) ;
#1460 = ORIENTED_EDGE ( 'NONE', *, *, #3279, .F. ) ;
#1461 = DIRECTION ( 'NONE',  ( 1.000000000000000000, 0.0000000000000000000, 0.0000000000000000000 ) ) ;
#1462 = COLOUR_RGB ( '',1.000000000000000000, 1.000000000000000000, 1.000000000000000000 ) ;
#1463 = EDGE_CURVE ( 'NONE', #2268, #5034, #2414, .T. ) ;
#1464 = VERTEX_POINT ( 'NONE', #4262 ) ;
#1465 = CARTESIAN_POINT ( 'NONE',  ( 9.989999999999998400, -4.049999999999999800, -8.409999999999998400 ) ) ;
#1466 = SURFACE_SIDE_STYLE ('',( #3558 ) ) ;
#1467 = CARTESIAN_POINT ( 'NONE',  ( 0.0000000000000000000, 5.050000000000000700, 0.0000000000000000000 ) ) ;
#1468 =( NAMED_UNIT ( * ) SI_UNIT ( $, .STERADIAN. ) SOLID_ANGLE_UNIT ( ) );
#1469 = SURFACE_SIDE_STYLE ('',( #409 ) ) ;
#1470 = PRESENTATION_LAYER_ASSIGNMENT (  '', '', ( #305 ) ) ;
#1471 = ORIENTED_EDGE ( 'NONE', *, *, #2419, .T. ) ;
#1472 = VECTOR ( 'NONE', #1038, 1000.000000000000000 ) ;
#1473 =( NAMED_UNIT ( * ) PLANE_ANGLE_UNIT ( ) SI_UNIT ( $, .RADIAN. ) );
#1474 = ORIENTED_EDGE ( 'NONE', *, *, #3579, .F. ) ;
#1475 = VECTOR ( 'NONE', #2608, 1000.000000000000200 ) ;
#1476 = STYLED_ITEM ( 'NONE', ( #1021 ), #4049 ) ;
#1477 = ORIENTED_EDGE ( 'NONE', *, *, #4364, .F. ) ;
#1479 = SURFACE_STYLE_FILL_AREA ( #5122 ) ;
#1478 = SURFACE_SIDE_STYLE ('',( #1293 ) ) ;
#1480 = EDGE_CURVE ( 'NONE', #4698, #2165, #1087, .T. ) ;
#1481 = VERTEX_POINT ( 'NONE', #1805 ) ;
#1482 = VECTOR ( 'NONE', #1256, 1000.000000000000000 ) ;
#1483 = SURFACE_SIDE_STYLE ('',( #2473 ) ) ;
#1484 = CARTESIAN_POINT ( 'NONE',  ( 9.289999999999997400, -4.049999999999999800, -8.235000000000001200 ) ) ;
#1485 = CARTESIAN_POINT ( 'NONE',  ( 6.328972429650926700, 5.051000000000001000, -4.527026645098537500 ) ) ;
#1486 = VECTOR ( 'NONE', #3917, 1000.000000000000000 ) ;
#1487 = DIRECTION ( 'NONE',  ( 0.0000000000000000000, 0.0000000000000000000, 1.000000000000000000 ) ) ;
#1488 = CARTESIAN_POINT ( 'NONE',  ( 9.512917331921675800, 5.050000000000000700, -3.996226937848599300 ) ) ;
#1489 = VECTOR ( 'NONE', #3967, 1000.000000000000100 ) ;
#1490 = DIRECTION ( 'NONE',  ( -0.9612861490927326900, 0.0000000000000000000, -0.2755520632520549500 ) ) ;
#1491 = LINE ( 'NONE', #2789, #3520 ) ;
#1492 = STYLED_ITEM ( 'NONE', ( #4427 ), #2846 ) ;
#1493 = FILL_AREA_STYLE_COLOUR ( '', #4957 ) ;
#1494 = VECTOR ( 'NONE', #102, 1000.000000000000000 ) ;
#1495 = COLOUR_RGB ( '',1.000000000000000000, 1.000000000000000000, 1.000000000000000000 ) ;
#1496 = AXIS2_PLACEMENT_3D ( 'NONE', #2302, #3572, #5202 ) ;
#1497 = FILL_AREA_STYLE_COLOUR ( '', #1287 ) ;
#1498 = EDGE_CURVE ( 'NONE', #187, #366, #1867, .T. ) ;
#1499 = UNCERTAINTY_MEASURE_WITH_UNIT (LENGTH_MEASURE( 1.000000000000000100E-005 ), #3596, 'distance_accuracy_value', 'NONE');
#1500 = SURFACE_STYLE_USAGE ( .BOTH. , #1483 ) ;
#1501 = MECHANICAL_DESIGN_GEOMETRIC_PRESENTATION_REPRESENTATION (  '', ( #600 ), #5342 ) ;
#1502 = EDGE_LOOP ( 'NONE', ( #2631, #1257, #4975, #1596 ) ) ;
#1503 = DIRECTION ( 'NONE',  ( 0.0000000000000000000, 0.0000000000000000000, -1.000000000000000000 ) ) ;
#1504 = CARTESIAN_POINT ( 'NONE',  ( 5.873634483847333800, 5.051000000000001000, -4.750656964556244900 ) ) ;
#1505 = LINE ( 'NONE', #5052, #2902 ) ;
#1506 =( GEOMETRIC_REPRESENTATION_CONTEXT ( 3 ) GLOBAL_UNCERTAINTY_ASSIGNED_CONTEXT ( ( #1979 ) ) GLOBAL_UNIT_ASSIGNED_CONTEXT ( ( #656, #2805, #3233 ) ) REPRESENTATION_CONTEXT ( 'NONE', 'WORKASPACE' ) );
#1507 =( NAMED_UNIT ( * ) SI_UNIT ( $, .STERADIAN. ) SOLID_ANGLE_UNIT ( ) );
#1508 = EDGE_LOOP ( 'NONE', ( #4594, #1641, #4756, #784 ) ) ;
#1509 = CARTESIAN_POINT ( 'NONE',  ( 7.449999999999999300, 0.0000000000000000000, -8.585000000000000900 ) ) ;
#1510 = CARTESIAN_POINT ( 'NONE',  ( 9.989999999999996700, -4.049999999999999800, -8.235000000000001200 ) ) ;
#1511 = DIRECTION ( 'NONE',  ( -0.2746459304916875100, 0.0000000000000000000, 0.9615454294334485600 ) ) ;
#1512 = EDGE_CURVE ( 'NONE', #3810, #1855, #2594, .T. ) ;
#1513 = LINE ( 'NONE', #1459, #1320 ) ;
#1514 = CARTESIAN_POINT ( 'NONE',  ( 0.0000000000000000000, -4.049999999999999800, 0.0000000000000000000 ) ) ;
#1515 = ORIENTED_EDGE ( 'NONE', *, *, #839, .T. ) ;
#1516 = ADVANCED_FACE ( 'NONE', ( #4217 ), #22, .F. ) ;
#1517 = ORIENTED_EDGE ( 'NONE', *, *, #4045, .T. ) ;
#1518 =( NAMED_UNIT ( * ) PLANE_ANGLE_UNIT ( ) SI_UNIT ( $, .RADIAN. ) );
#1519 = FILL_AREA_STYLE_COLOUR ( '', #23 ) ;
#1520 = MECHANICAL_DESIGN_GEOMETRIC_PRESENTATION_REPRESENTATION (  '', ( #2490 ), #4977 ) ;
#1521 = DIRECTION ( 'NONE',  ( -1.000000000000000000, 0.0000000000000000000, 0.0000000000000000000 ) ) ;
#1522 = ORIENTED_EDGE ( 'NONE', *, *, #3172, .F. ) ;
#1523 =( NAMED_UNIT ( * ) SI_UNIT ( $, .STERADIAN. ) SOLID_ANGLE_UNIT ( ) );
#1524 = CARTESIAN_POINT ( 'NONE',  ( 2.369999999999999700, -4.049999999999999800, -0.9650000000000345000 ) ) ;
#1525 = PLANE ( 'NONE',  #1639 ) ;
#1526 = CARTESIAN_POINT ( 'NONE',  ( 4.906650958062761500, 5.051000000000001000, -4.653056172982758200 ) ) ;
#1527 = ORIENTED_EDGE ( 'NONE', *, *, #461, .F. ) ;
#1528 = FACE_OUTER_BOUND ( 'NONE', #2917, .T. ) ;
#1529 = DIRECTION ( 'NONE',  ( -0.0000000000000000000, -1.000000000000000000, -0.0000000000000000000 ) ) ;
#1530 = FILL_AREA_STYLE_COLOUR ( '', #538 ) ;
#1531 = CARTESIAN_POINT ( 'NONE',  ( 4.909999999999999300, -4.049999999999999800, -8.584999999999983100 ) ) ;
#1532 = AXIS2_PLACEMENT_3D ( 'NONE', #2378, #720, #2226 ) ;
#1533 =( NAMED_UNIT ( * ) PLANE_ANGLE_UNIT ( ) SI_UNIT ( $, .RADIAN. ) );
#1534 = FACE_OUTER_BOUND ( 'NONE', #2284, .T. ) ;
#1535 = ORIENTED_EDGE ( 'NONE', *, *, #5157, .T. ) ;
#1536 = SURFACE_STYLE_FILL_AREA ( #4144 ) ;
#1537 = EDGE_LOOP ( 'NONE', ( #3089, #2060, #4926, #5093 ) ) ;
#1538 = COLOUR_RGB ( '',0.6941176470588235100, 0.09803921568627450800, 0.09803921568627450800 ) ;
#1539 = AXIS2_PLACEMENT_3D ( 'NONE', #3028, #4625, #465 ) ;
#1540 = VECTOR ( 'NONE', #923, 1000.000000000000000 ) ;
#1541 = EDGE_CURVE ( 'NONE', #4483, #1832, #3954, .T. ) ;
#1542 = ORIENTED_EDGE ( 'NONE', *, *, #395, .F. ) ;
#1543 = LINE ( 'NONE', #5296, #1733 ) ;
#1544 = FACE_OUTER_BOUND ( 'NONE', #2640, .T. ) ;
#1545 =( NAMED_UNIT ( * ) PLANE_ANGLE_UNIT ( ) SI_UNIT ( $, .RADIAN. ) );
#1546 = FILL_AREA_STYLE_COLOUR ( '', #637 ) ;
#1547 = PRESENTATION_LAYER_ASSIGNMENT (  '', '', ( #4398 ) ) ;
#1548 = ADVANCED_FACE ( 'NONE', ( #5174 ), #4968, .F. ) ;
#1549 = DIRECTION ( 'NONE',  ( 0.0000000000000000000, 0.0000000000000000000, -1.000000000000000000 ) ) ;
#1550 = PLANE ( 'NONE',  #4052 ) ;
#1551 = EDGE_LOOP ( 'NONE', ( #1278, #998, #1709, #2580 ) ) ;
#1552 = MECHANICAL_DESIGN_GEOMETRIC_PRESENTATION_REPRESENTATION (  '', ( #3795 ), #1092 ) ;
#1553 = CARTESIAN_POINT ( 'NONE',  ( 8.249878123737225600, 5.050000000000000700, -5.205917668354676800 ) ) ;
#1554 = FILL_AREA_STYLE ('',( #336 ) ) ;
#1555 = DIRECTION ( 'NONE',  ( 1.000000000000000000, 0.0000000000000000000, 0.0000000000000000000 ) ) ;
#1556 = APPLICATION_CONTEXT ( 'automotive_design' ) ;
#1557 = MECHANICAL_DESIGN_GEOMETRIC_PRESENTATION_REPRESENTATION (  '', ( #3511 ), #4518 ) ;
#1558 = ORIENTED_EDGE ( 'NONE', *, *, #4688, .T. ) ;
#1559 = UNCERTAINTY_MEASURE_WITH_UNIT (LENGTH_MEASURE( 1.000000000000000100E-005 ), #1353, 'distance_accuracy_value', 'NONE');
#1560 = CARTESIAN_POINT ( 'NONE',  ( 9.147901039164724000, 5.051000000000001000, -5.205917668354676800 ) ) ;
#1561 = PLANE ( 'NONE',  #4995 ) ;
#1562 = EDGE_CURVE ( 'NONE', #4461, #1065, #2021, .T. ) ;
#1563 = FILL_AREA_STYLE_COLOUR ( '', #4346 ) ;
#1564 = SURFACE_STYLE_FILL_AREA ( #3277 ) ;
#1565 = DIRECTION ( 'NONE',  ( 0.4668459304955208100, 0.0000000000000000000, -0.8843386665637613700 ) ) ;
#1566 = FILL_AREA_STYLE_COLOUR ( '', #1538 ) ;
#1567 = FILL_AREA_STYLE_COLOUR ( '', #2530 ) ;
#1568 =( NAMED_UNIT ( * ) PLANE_ANGLE_UNIT ( ) SI_UNIT ( $, .RADIAN. ) );
#1569 = CARTESIAN_POINT ( 'NONE',  ( 2.940000000000000800, 0.0000000000000000000, -9.199999999999999300 ) ) ;
#1570 = DIRECTION ( 'NONE',  ( 1.000000000000000000, 0.0000000000000000000, -0.0000000000000000000 ) ) ;
#1571 = PRESENTATION_LAYER_ASSIGNMENT (  '', '', ( #3642 ) ) ;
#1572 = VERTEX_POINT ( 'NONE', #3322 ) ;
#1573 = UNCERTAINTY_MEASURE_WITH_UNIT (LENGTH_MEASURE( 1.000000000000000100E-005 ), #574, 'distance_accuracy_value', 'NONE');
#1574 = CARTESIAN_POINT ( 'NONE',  ( 9.168322353241782400, 5.051000000000001000, -3.996226937848597500 ) ) ;
#1575 = EDGE_CURVE ( 'NONE', #4535, #3815, #73, .T. ) ;
#1576 = CARTESIAN_POINT ( 'NONE',  ( 0.0000000000000000000, 0.0000000000000000000, -0.2000000000000000100 ) ) ;
#1577 = VECTOR ( 'NONE', #4791, 1000.000000000000000 ) ;
#1578 = VERTEX_POINT ( 'NONE', #2929 ) ;
#1579 =( GEOMETRIC_REPRESENTATION_CONTEXT ( 3 ) GLOBAL_UNCERTAINTY_ASSIGNED_CONTEXT ( ( #3071 ) ) GLOBAL_UNIT_ASSIGNED_CONTEXT ( ( #4323, #1431, #199 ) ) REPRESENTATION_CONTEXT ( 'NONE', 'WORKASPACE' ) );
#1580 = DIRECTION ( 'NONE',  ( 0.2759782365590800500, 0.0000000000000000000, -0.9611638845408937400 ) ) ;
#1581 = FACE_OUTER_BOUND ( 'NONE', #1588, .T. ) ;
#1582 = ORIENTED_EDGE ( 'NONE', *, *, #584, .T. ) ;
#1583 = ORIENTED_EDGE ( 'NONE', *, *, #3864, .F. ) ;
#1584 = CARTESIAN_POINT ( 'NONE',  ( 2.369999999999999700, 0.0000000000000000000, -0.6150000000000343000 ) ) ;
#1585 = DIRECTION ( 'NONE',  ( -0.0000000000000000000, -1.000000000000000000, -0.0000000000000000000 ) ) ;
#1586 = AXIS2_PLACEMENT_3D ( 'NONE', #4448, #1967, #3677 ) ;
#1587 = CARTESIAN_POINT ( 'NONE',  ( 7.449999999999999300, -4.049999999999999800, -0.9649999999999990800 ) ) ;
#1588 = EDGE_LOOP ( 'NONE', ( #5285, #5163, #440, #1448 ) ) ;
#1589 = EDGE_CURVE ( 'NONE', #3038, #497, #4784, .T. ) ;
#1590 =( NAMED_UNIT ( * ) SI_UNIT ( $, .STERADIAN. ) SOLID_ANGLE_UNIT ( ) );
#1591 = FACE_OUTER_BOUND ( 'NONE', #4910, .T. ) ;
#1592 = SURFACE_STYLE_USAGE ( .BOTH. , #1190 ) ;
#1593 = ORIENTED_EDGE ( 'NONE', *, *, #428, .T. ) ;
#1594 = DIRECTION ( 'NONE',  ( -1.000000000000000000, 0.0000000000000000000, 0.0000000000000000000 ) ) ;
#1595 = ORIENTED_EDGE ( 'NONE', *, *, #2772, .T. ) ;
#1596 = ORIENTED_EDGE ( 'NONE', *, *, #1803, .T. ) ;
#1597 = DIRECTION ( 'NONE',  ( -0.9999960426590095400, 0.0000000000000000000, -0.002813301676023248500 ) ) ;
#1598 = LINE ( 'NONE', #5156, #1333 ) ;
#1599 = ADVANCED_FACE ( 'NONE', ( #4534 ), #4575, .F. ) ;
#1600 = DIRECTION ( 'NONE',  ( -1.000000000000000000, 0.0000000000000000000, -3.097720492815730600E-016 ) ) ;
#1601 = STYLED_ITEM ( 'NONE', ( #2452 ), #2573 ) ;
#1602 = DIRECTION ( 'NONE',  ( -0.0000000000000000000, 0.0000000000000000000, -1.000000000000000000 ) ) ;
#1603 = VERTEX_POINT ( 'NONE', #4915 ) ;
#1604 = LINE ( 'NONE', #2014, #3565 ) ;
#1605 = PLANE ( 'NONE',  #1422 ) ;
#1606 = SURFACE_STYLE_USAGE ( .BOTH. , #4113 ) ;
#1607 = STYLED_ITEM ( 'NONE', ( #1810 ), #618 ) ;
#1608 = EDGE_LOOP ( 'NONE', ( #4573, #4153, #4610, #4976 ) ) ;
#1610 = LINE ( 'NONE', #666, #3051 ) ;
#1609 = FILL_AREA_STYLE ('',( #2369 ) ) ;
#1611 = DIRECTION ( 'NONE',  ( -0.7145695586381823900, 0.0000000000000000000, 0.6995643972270410000 ) ) ;
#1612 = SURFACE_SIDE_STYLE ('',( #724 ) ) ;
#1613 = ORIENTED_EDGE ( 'NONE', *, *, #2175, .F. ) ;
#1614 = FACE_OUTER_BOUND ( 'NONE', #3034, .T. ) ;
#1615 = MECHANICAL_DESIGN_GEOMETRIC_PRESENTATION_REPRESENTATION (  '', ( #2736 ), #4389 ) ;
#1616 = EDGE_CURVE ( 'NONE', #2000, #3044, #4794, .T. ) ;
#1617 = ORIENTED_EDGE ( 'NONE', *, *, #439, .T. ) ;
#1618 =( NAMED_UNIT ( * ) PLANE_ANGLE_UNIT ( ) SI_UNIT ( $, .RADIAN. ) );
#1619 = VECTOR ( 'NONE', #4066, 1000.000000000000000 ) ;
#1620 = FILL_AREA_STYLE_COLOUR ( '', #1861 ) ;
#1621 = MECHANICAL_DESIGN_GEOMETRIC_PRESENTATION_REPRESENTATION (  '', ( #348 ), #806 ) ;
#1622 = UNCERTAINTY_MEASURE_WITH_UNIT (LENGTH_MEASURE( 1.000000000000000100E-005 ), #668, 'distance_accuracy_value', 'NONE');
#1623 = STYLED_ITEM ( 'NONE', ( #2687 ), #2554 ) ;
#1624 = LINE ( 'NONE', #5009, #2672 ) ;
#1625 = UNCERTAINTY_MEASURE_WITH_UNIT (LENGTH_MEASURE( 1.000000000000000100E-005 ), #2696, 'distance_accuracy_value', 'NONE');
#1626 = VECTOR ( 'NONE', #629, 1000.000000000000000 ) ;
#1627 = ORIENTED_EDGE ( 'NONE', *, *, #2400, .T. ) ;
#1628 = CARTESIAN_POINT ( 'NONE',  ( 9.289999999999997400, -4.049999999999999800, -0.9649999999999990800 ) ) ;
#1629 = PRESENTATION_STYLE_ASSIGNMENT (( #5301 ) ) ;
#1630 = PRESENTATION_LAYER_ASSIGNMENT (  '', '', ( #4205 ) ) ;
#1631 =( NAMED_UNIT ( * ) PLANE_ANGLE_UNIT ( ) SI_UNIT ( $, .RADIAN. ) );
#1632 = ADVANCED_FACE ( 'NONE', ( #2326 ), #3521, .F. ) ;
#1633 = CARTESIAN_POINT ( 'NONE',  ( 7.144954577053015400, 5.051000000000001000, -4.341699067862130300 ) ) ;
#1634 = VECTOR ( 'NONE', #3216, 1000.000000000000000 ) ;
#1635 = PRESENTATION_STYLE_ASSIGNMENT (( #5316 ) ) ;
#1636 = CARTESIAN_POINT ( 'NONE',  ( 4.209999999999999100, -4.049999999999999800, -0.9650000000000168400 ) ) ;
#1637 = DIRECTION ( 'NONE',  ( -0.2755265765475193300, 0.0000000000000000000, 0.9612934544747529000 ) ) ;
#1638 = PLANE ( 'NONE',  #489 ) ;
#1639 = AXIS2_PLACEMENT_3D ( 'NONE', #1969, #1151, #4895 ) ;
#1640 = LINE ( 'NONE', #4373, #1822 ) ;
#1641 = ORIENTED_EDGE ( 'NONE', *, *, #884, .T. ) ;
#1642 = UNCERTAINTY_MEASURE_WITH_UNIT (LENGTH_MEASURE( 1.000000000000000100E-005 ), #2177, 'distance_accuracy_value', 'NONE');
#1643 = AXIS2_PLACEMENT_3D ( 'NONE', #3191, #1490, #2410 ) ;
#1644 =( NAMED_UNIT ( * ) PLANE_ANGLE_UNIT ( ) SI_UNIT ( $, .RADIAN. ) );
#1645 = VECTOR ( 'NONE', #230, 1000.000000000000100 ) ;
#1646 = CARTESIAN_POINT ( 'NONE',  ( 9.289999999999997400, 0.0000000000000000000, -0.6149999999999989900 ) ) ;
#1647 = PRESENTATION_LAYER_ASSIGNMENT (  '', '', ( #1607 ) ) ;
#1648 = ORIENTED_EDGE ( 'NONE', *, *, #603, .F. ) ;
#1649 = EDGE_CURVE ( 'NONE', #3552, #64, #2489, .T. ) ;
#1650 = SURFACE_STYLE_USAGE ( .BOTH. , #1238 ) ;
#1651 = SURFACE_STYLE_FILL_AREA ( #3879 ) ;
#1652 = ORIENTED_EDGE ( 'NONE', *, *, #1463, .T. ) ;
#1653 = VERTEX_POINT ( 'NONE', #3090 ) ;
#1654 =( GEOMETRIC_REPRESENTATION_CONTEXT ( 3 ) GLOBAL_UNCERTAINTY_ASSIGNED_CONTEXT ( ( #1559 ) ) GLOBAL_UNIT_ASSIGNED_CONTEXT ( ( #1353, #5066, #3445 ) ) REPRESENTATION_CONTEXT ( 'NONE', 'WORKASPACE' ) );
#1655 = DIRECTION ( 'NONE',  ( -0.0000000000000000000, 1.000000000000000000, -0.0000000000000000000 ) ) ;
#1656 = VECTOR ( 'NONE', #452, 1000.000000000000000 ) ;
#1657 = ADVANCED_FACE ( 'NONE', ( #5320 ), #3481, .F. ) ;
#1658 = VERTEX_POINT ( 'NONE', #4700 ) ;
#1659 = AXIS2_PLACEMENT_3D ( 'NONE', #1292, #1745, #4582 ) ;
#1660 = DIRECTION ( 'NONE',  ( 1.000000000000000000, 0.0000000000000000000, 0.0000000000000000000 ) ) ;
#1661 = DIRECTION ( 'NONE',  ( -1.000000000000000000, 0.0000000000000000000, -9.912705577010435800E-015 ) ) ;
#1662 = EDGE_CURVE ( 'NONE', #4435, #4646, #4157, .T. ) ;
#1663 = ORIENTED_EDGE ( 'NONE', *, *, #2082, .F. ) ;
#1664 = DIRECTION ( 'NONE',  ( 0.0000000000000000000, -0.0000000000000000000, -1.000000000000000000 ) ) ;
#1665 = VECTOR ( 'NONE', #3345, 1000.000000000000000 ) ;
#1666 =( NAMED_UNIT ( * ) SI_UNIT ( $, .STERADIAN. ) SOLID_ANGLE_UNIT ( ) );
#1667 = ORIENTED_EDGE ( 'NONE', *, *, #3629, .T. ) ;
#1668 = FACE_OUTER_BOUND ( 'NONE', #4324, .T. ) ;
#1669 = LINE ( 'NONE', #1286, #2859 ) ;
#1670 = SURFACE_STYLE_USAGE ( .BOTH. , #4984 ) ;
#1671 = ORIENTED_EDGE ( 'NONE', *, *, #4298, .F. ) ;
#1672 = VECTOR ( 'NONE', #1951, 1000.000000000000000 ) ;
#1673 = DIRECTION ( 'NONE',  ( 1.000000000000000000, -0.0000000000000000000, -0.0000000000000000000 ) ) ;
#1674 = MECHANICAL_DESIGN_GEOMETRIC_PRESENTATION_REPRESENTATION (  '', ( #2531 ), #2987 ) ;
#1675 = LINE ( 'NONE', #77, #4861 ) ;
#1676 = VERTEX_POINT ( 'NONE', #604 ) ;
#1677 = LINE ( 'NONE', #3603, #903 ) ;
#1678 =( NAMED_UNIT ( * ) PLANE_ANGLE_UNIT ( ) SI_UNIT ( $, .RADIAN. ) );
#1679 = FACE_OUTER_BOUND ( 'NONE', #1034, .T. ) ;
#1680 = PRESENTATION_LAYER_ASSIGNMENT (  '', '', ( #5046 ) ) ;
#1681 = SURFACE_SIDE_STYLE ('',( #4240 ) ) ;
#1682 = EDGE_CURVE ( 'NONE', #1218, #3335, #4404, .T. ) ;
#1683 = VERTEX_POINT ( 'NONE', #5136 ) ;
#1684 = CARTESIAN_POINT ( 'NONE',  ( 1.669999999999999700, 0.0000000000000000000, -0.9650000000000345000 ) ) ;
#1685 = ADVANCED_FACE ( 'NONE', ( #122 ), #1365, .F. ) ;
#1686 = DIRECTION ( 'NONE',  ( -1.000000000000000000, 0.0000000000000000000, 0.0000000000000000000 ) ) ;
#1687 = ORIENTED_EDGE ( 'NONE', *, *, #3819, .T. ) ;
#1688 = PRESENTATION_LAYER_ASSIGNMENT (  '', '', ( #1127 ) ) ;
#1689 = PRESENTATION_STYLE_ASSIGNMENT (( #1592 ) ) ;
#1690 =( LENGTH_UNIT ( ) NAMED_UNIT ( * ) SI_UNIT ( .MILLI., .METRE. ) );
#1691 =( LENGTH_UNIT ( ) NAMED_UNIT ( * ) SI_UNIT ( .MILLI., .METRE. ) );
#1692 = PRESENTATION_LAYER_ASSIGNMENT (  '', '', ( #5128 ) ) ;
#1693 = PRESENTATION_STYLE_ASSIGNMENT (( #3605 ) ) ;
#1694 = EDGE_CURVE ( 'NONE', #1464, #879, #2655, .T. ) ;
#1695 = CARTESIAN_POINT ( 'NONE',  ( 2.940000000000000800, 0.0000000000000000000, -9.000000000000000000 ) ) ;
#1696 = VECTOR ( 'NONE', #507, 1000.000000000000000 ) ;
#1697 = PRESENTATION_LAYER_ASSIGNMENT (  '', '', ( #41 ) ) ;
#1698 = DIRECTION ( 'NONE',  ( 0.0000000000000000000, 0.0000000000000000000, -1.000000000000000000 ) ) ;
#1699 = CARTESIAN_POINT ( 'NONE',  ( 5.724167524494057500, 5.050000000000000700, -4.226371333128317300 ) ) ;
#1700 = FACE_OUTER_BOUND ( 'NONE', #4334, .T. ) ;
#1701 = PRESENTATION_LAYER_ASSIGNMENT (  '', '', ( #594 ) ) ;
#1702 = CARTESIAN_POINT ( 'NONE',  ( 4.707035546987861500, 5.051000000000001000, -5.205917668354676800 ) ) ;
#1703 =( NAMED_UNIT ( * ) PLANE_ANGLE_UNIT ( ) SI_UNIT ( $, .RADIAN. ) );
#1704 = ADVANCED_FACE ( 'NONE', ( #1679 ), #572, .F. ) ;
#1705 = ORIENTED_EDGE ( 'NONE', *, *, #1921, .T. ) ;
#1706 = EDGE_CURVE ( 'NONE', #1088, #100, #4994, .T. ) ;
#1707 = PRESENTATION_STYLE_ASSIGNMENT (( #1298 ) ) ;
#1708 = CARTESIAN_POINT ( 'NONE',  ( 9.448968307528209800, 5.051000000000001000, -4.972348877486177300 ) ) ;
#1709 = ORIENTED_EDGE ( 'NONE', *, *, #149, .F. ) ;
#1710 = SURFACE_STYLE_FILL_AREA ( #1827 ) ;
#1711 =( NAMED_UNIT ( * ) SI_UNIT ( $, .STERADIAN. ) SOLID_ANGLE_UNIT ( ) );
#1712 = ORIENTED_EDGE ( 'NONE', *, *, #3670, .T. ) ;
#1713 = CARTESIAN_POINT ( 'NONE',  ( 6.617081432004043000, 5.051000000000001000, -3.996226937848596600 ) ) ;
#1714 = STYLED_ITEM ( 'NONE', ( #2011 ), #1599 ) ;
#1715 = ORIENTED_EDGE ( 'NONE', *, *, #112, .F. ) ;
#1716 = FILL_AREA_STYLE_COLOUR ( '', #4038 ) ;
#1717 = STYLED_ITEM ( 'NONE', ( #2925 ), #3873 ) ;
#1718 = SURFACE_STYLE_FILL_AREA ( #3263 ) ;
#1719 = ORIENTED_EDGE ( 'NONE', *, *, #3450, .T. ) ;
#1720 = PRESENTATION_LAYER_ASSIGNMENT (  '', '', ( #1181 ) ) ;
#1721 = SURFACE_SIDE_STYLE ('',( #15 ) ) ;
#1722 = ORIENTED_EDGE ( 'NONE', *, *, #1072, .F. ) ;
#1723 = AXIS2_PLACEMENT_3D ( 'NONE', #2093, #4179, #2875 ) ;
#1724 = DIRECTION ( 'NONE',  ( 0.2759782365590800500, 0.0000000000000000000, -0.9611638845408937400 ) ) ;
#1725 = PRESENTATION_STYLE_ASSIGNMENT (( #267 ) ) ;
#1726 = CARTESIAN_POINT ( 'NONE',  ( 7.188433192280297300, 5.051000000000001000, -3.996226937848596600 ) ) ;
#1727 = EDGE_LOOP ( 'NONE', ( #3230, #1028, #2323, #3115 ) ) ;
#1729 = LINE ( 'NONE', #2443, #59 ) ;
#1728 = DIRECTION ( 'NONE',  ( -0.0000000000000000000, 1.000000000000000000, -0.0000000000000000000 ) ) ;
#1730 = ADVANCED_FACE ( 'NONE', ( #3640 ), #1051, .F. ) ;
#1731 = VECTOR ( 'NONE', #4221, 1000.000000000000000 ) ;
#1732 = FILL_AREA_STYLE_COLOUR ( '', #5133 ) ;
#1733 = VECTOR ( 'NONE', #3255, 1000.000000000000000 ) ;
#1734 = ORIENTED_EDGE ( 'NONE', *, *, #1307, .F. ) ;
#1735 = UNCERTAINTY_MEASURE_WITH_UNIT (LENGTH_MEASURE( 1.000000000000000100E-005 ), #5319, 'distance_accuracy_value', 'NONE');
#1736 = DIRECTION ( 'NONE',  ( -0.0000000000000000000, 1.000000000000000000, -0.0000000000000000000 ) ) ;
#1737 = CARTESIAN_POINT ( 'NONE',  ( 6.749999999999999100, -4.049999999999999800, -0.9649999999999990800 ) ) ;
#1738 = VERTEX_POINT ( 'NONE', #2238 ) ;
#1739 =( NAMED_UNIT ( * ) SI_UNIT ( $, .STERADIAN. ) SOLID_ANGLE_UNIT ( ) );
#1740 = PRESENTATION_LAYER_ASSIGNMENT (  '', '', ( #3979 ) ) ;
#1741 = ORIENTED_EDGE ( 'NONE', *, *, #2501, .T. ) ;
#1742 = PRESENTATION_STYLE_ASSIGNMENT (( #2545 ) ) ;
#1743 = FILL_AREA_STYLE_COLOUR ( '', #1767 ) ;
#1744 = PRESENTATION_LAYER_ASSIGNMENT (  '', '', ( #2990 ) ) ;
#1745 = DIRECTION ( 'NONE',  ( 0.0000000000000000000, 0.0000000000000000000, -1.000000000000000000 ) ) ;
#1746 = EDGE_CURVE ( 'NONE', #3815, #1653, #1080, .T. ) ;
#1747 = CARTESIAN_POINT ( 'NONE',  ( 1.669999999999999700, 0.0000000000000000000, -8.584999999999963500 ) ) ;
#1748 = LINE ( 'NONE', #1290, #3011 ) ;
#1749 = VERTEX_POINT ( 'NONE', #4832 ) ;
#1750 = SURFACE_SIDE_STYLE ('',( #4228 ) ) ;
#1751 = COLOUR_RGB ( '',1.000000000000000000, 1.000000000000000000, 1.000000000000000000 ) ;
#1752 = STYLED_ITEM ( 'NONE', ( #1219 ), #2045 ) ;
#1753 = UNCERTAINTY_MEASURE_WITH_UNIT (LENGTH_MEASURE( 1.000000000000000100E-005 ), #3075, 'distance_accuracy_value', 'NONE');
#1754 = VECTOR ( 'NONE', #1825, 1000.000000000000000 ) ;
#1755 = UNCERTAINTY_MEASURE_WITH_UNIT (LENGTH_MEASURE( 1.000000000000000100E-005 ), #4243, 'distance_accuracy_value', 'NONE');
#1756 = DIRECTION ( 'NONE',  ( -1.000000000000000000, 0.0000000000000000000, -0.0000000000000000000 ) ) ;
#1757 = CARTESIAN_POINT ( 'NONE',  ( 8.815885471881168600, 5.051000000000001000, -3.996226937848596600 ) ) ;
#1758 = FACE_OUTER_BOUND ( 'NONE', #3451, .T. ) ;
#1759 = SURFACE_STYLE_USAGE ( .BOTH. , #4244 ) ;
#1760 =( GEOMETRIC_REPRESENTATION_CONTEXT ( 3 ) GLOBAL_UNCERTAINTY_ASSIGNED_CONTEXT ( ( #4474 ) ) GLOBAL_UNIT_ASSIGNED_CONTEXT ( ( #2239, #3904, #3619 ) ) REPRESENTATION_CONTEXT ( 'NONE', 'WORKASPACE' ) );
#1761 = EDGE_CURVE ( 'NONE', #2804, #2185, #4787, .T. ) ;
#1762 = CARTESIAN_POINT ( 'NONE',  ( 9.989999999999996700, -4.049999999999999800, -0.6149999999999988800 ) ) ;
#1763 = DIRECTION ( 'NONE',  ( -1.000000000000000000, 0.0000000000000000000, -4.956352788505111400E-015 ) ) ;
#1764 = ORIENTED_EDGE ( 'NONE', *, *, #10, .T. ) ;
#1765 = CARTESIAN_POINT ( 'NONE',  ( 6.749999999999999100, 0.0000000000000000000, -8.585000000000000900 ) ) ;
#1766 = VECTOR ( 'NONE', #2126, 1000.000000000000000 ) ;
#1767 = COLOUR_RGB ( '',0.8980392156862745400, 0.9215686274509803400, 0.9294117647058823800 ) ;
#1768 = ORIENTED_EDGE ( 'NONE', *, *, #449, .F. ) ;
#1769 = DIRECTION ( 'NONE',  ( 0.7145695586381823900, -0.0000000000000000000, -0.6995643972270410000 ) ) ;
#1770 = DIRECTION ( 'NONE',  ( -1.000000000000000000, 0.0000000000000000000, 0.0000000000000000000 ) ) ;
#1771 =( NAMED_UNIT ( * ) PLANE_ANGLE_UNIT ( ) SI_UNIT ( $, .RADIAN. ) );
#1772 = ORIENTED_EDGE ( 'NONE', *, *, #2264, .F. ) ;
#1773 = VERTEX_POINT ( 'NONE', #5102 ) ;
#1774 = EDGE_CURVE ( 'NONE', #5208, #3574, #570, .T. ) ;
#1775 = CARTESIAN_POINT ( 'NONE',  ( 4.209999999999999100, 0.0000000000000000000, -8.584999999999983100 ) ) ;
#1776 = VERTEX_POINT ( 'NONE', #3615 ) ;
#1777 = SURFACE_SIDE_STYLE ('',( #1479 ) ) ;
#1778 =( LENGTH_UNIT ( ) NAMED_UNIT ( * ) SI_UNIT ( .MILLI., .METRE. ) );
#1779 = EDGE_CURVE ( 'NONE', #4510, #2785, #3772, .T. ) ;
#1780 = LINE ( 'NONE', #1816, #773 ) ;
#1781 = DIRECTION ( 'NONE',  ( -0.0000000000000000000, -1.000000000000000000, -0.0000000000000000000 ) ) ;
#1782 = ORIENTED_EDGE ( 'NONE', *, *, #1541, .T. ) ;
#1783 = AXIS2_PLACEMENT_3D ( 'NONE', #1560, #399, #2434 ) ;
#1784 = DIRECTION ( 'NONE',  ( 1.000000000000000000, 0.0000000000000000000, -0.0000000000000000000 ) ) ;
#1785 = EDGE_CURVE ( 'NONE', #5370, #249, #3890, .T. ) ;
#1786 = ORIENTED_EDGE ( 'NONE', *, *, #3851, .T. ) ;
#1787 = PRESENTATION_STYLE_ASSIGNMENT (( #3143 ) ) ;
#1788 = SURFACE_STYLE_FILL_AREA ( #1798 ) ;
#1789 = VECTOR ( 'NONE', #446, 1000.000000000000000 ) ;
#1790 = AXIS2_PLACEMENT_3D ( 'NONE', #2697, #3534, #1487 ) ;
#1791 = VERTEX_POINT ( 'NONE', #3182 ) ;
#1792 =( NAMED_UNIT ( * ) PLANE_ANGLE_UNIT ( ) SI_UNIT ( $, .RADIAN. ) );
#1793 = SURFACE_STYLE_USAGE ( .BOTH. , #1777 ) ;
#1794 = ORIENTED_EDGE ( 'NONE', *, *, #282, .T. ) ;
#1795 = PRESENTATION_STYLE_ASSIGNMENT (( #4536 ) ) ;
#1796 = PLANE ( 'NONE',  #34 ) ;
#1797 = LINE ( 'NONE', #1340, #3576 ) ;
#1798 = FILL_AREA_STYLE ('',( #1433 ) ) ;
#1799 =( NAMED_UNIT ( * ) PLANE_ANGLE_UNIT ( ) SI_UNIT ( $, .RADIAN. ) );
#1800 = ORIENTED_EDGE ( 'NONE', *, *, #966, .T. ) ;
#1801 = LINE ( 'NONE', #4466, #2730 ) ;
#1802 = VECTOR ( 'NONE', #3797, 1000.000000000000000 ) ;
#1803 = EDGE_CURVE ( 'NONE', #4256, #3955, #3, .T. ) ;
#1804 = SURFACE_SIDE_STYLE ('',( #4019 ) ) ;
#1805 = CARTESIAN_POINT ( 'NONE',  ( 4.547192410558964500, 5.051000000000001000, -4.653056172982742200 ) ) ;
#1806 = ORIENTED_EDGE ( 'NONE', *, *, #5223, .F. ) ;
#1807 = LINE ( 'NONE', #987, #2806 ) ;
#1808 = VECTOR ( 'NONE', #1594, 1000.000000000000000 ) ;
#1809 = FILL_AREA_STYLE ('',( #3869 ) ) ;
#1810 = PRESENTATION_STYLE_ASSIGNMENT (( #2590 ) ) ;
#1811 =( GEOMETRIC_REPRESENTATION_CONTEXT ( 3 ) GLOBAL_UNCERTAINTY_ASSIGNED_CONTEXT ( ( #3868 ) ) GLOBAL_UNIT_ASSIGNED_CONTEXT ( ( #5281, #2371, #4891 ) ) REPRESENTATION_CONTEXT ( 'NONE', 'WORKASPACE' ) );
#1812 = DIRECTION ( 'NONE',  ( 0.0000000000000000000, -0.0000000000000000000, -1.000000000000000000 ) ) ;
#1813 = VECTOR ( 'NONE', #1166, 1000.000000000000000 ) ;
#1814 = EDGE_CURVE ( 'NONE', #855, #3839, #1862, .T. ) ;
#1815 = FILL_AREA_STYLE_COLOUR ( '', #4867 ) ;
#1816 = CARTESIAN_POINT ( 'NONE',  ( 5.939106279213127100, 5.050000000000000700, -4.975659249163766300 ) ) ;
#1817 = DIRECTION ( 'NONE',  ( 0.2746459304916875600, 0.0000000000000000000, -0.9615454294334485600 ) ) ;
#1818 = AXIS2_PLACEMENT_3D ( 'NONE', #3587, #3195, #4781 ) ;
#1819 = FACE_OUTER_BOUND ( 'NONE', #3475, .T. ) ;
#1820 =( LENGTH_UNIT ( ) NAMED_UNIT ( * ) SI_UNIT ( .MILLI., .METRE. ) );
#1821 = VECTOR ( 'NONE', #4294, 1000.000000000000000 ) ;
#1822 = VECTOR ( 'NONE', #1932, 1000.000000000000000 ) ;
#1823 = STYLED_ITEM ( 'NONE', ( #2923 ), #4876 ) ;
#1824 = EDGE_LOOP ( 'NONE', ( #519, #2777, #1427, #2603 ) ) ;
#1825 = DIRECTION ( 'NONE',  ( -0.0000000000000000000, 1.000000000000000000, -0.0000000000000000000 ) ) ;
#1826 = EDGE_CURVE ( 'NONE', #187, #4933, #115, .T. ) ;
#1827 = FILL_AREA_STYLE ('',( #5221 ) ) ;
#1828 = CARTESIAN_POINT ( 'NONE',  ( 8.881202783233808500, 5.050000000000000700, -4.226415471414234100 ) ) ;
#1829 = EDGE_LOOP ( 'NONE', ( #298, #2375, #2546, #1667 ) ) ;
#1830 = VERTEX_POINT ( 'NONE', #3952 ) ;
#1831 = PLANE ( 'NONE',  #946 ) ;
#1832 = VERTEX_POINT ( 'NONE', #4770 ) ;
#1833 = SURFACE_STYLE_USAGE ( .BOTH. , #992 ) ;
#1834 = COLOUR_RGB ( '',1.000000000000000000, 1.000000000000000000, 1.000000000000000000 ) ;
#1835 = AXIS2_PLACEMENT_3D ( 'NONE', #2648, #958, #155 ) ;
#1836 = VERTEX_POINT ( 'NONE', #5270 ) ;
#1837 = SURFACE_SIDE_STYLE ('',( #4690 ) ) ;
#1838 = AXIS2_PLACEMENT_3D ( 'NONE', #5067, #5024, #2146 ) ;
#1839 = COLOUR_RGB ( '',1.000000000000000000, 1.000000000000000000, 1.000000000000000000 ) ;
#1840 =( NAMED_UNIT ( * ) PLANE_ANGLE_UNIT ( ) SI_UNIT ( $, .RADIAN. ) );
#1841 = EDGE_CURVE ( 'NONE', #381, #5208, #1610, .T. ) ;
#1842 = ORIENTED_EDGE ( 'NONE', *, *, #317, .T. ) ;
#1843 = UNCERTAINTY_MEASURE_WITH_UNIT (LENGTH_MEASURE( 1.000000000000000100E-005 ), #269, 'distance_accuracy_value', 'NONE');
#1844 = PLANE ( 'NONE',  #5040 ) ;
#1845 =( NAMED_UNIT ( * ) PLANE_ANGLE_UNIT ( ) SI_UNIT ( $, .RADIAN. ) );
#1846 = PRESENTATION_STYLE_ASSIGNMENT (( #727 ) ) ;
#1847 = SURFACE_STYLE_USAGE ( .BOTH. , #5159 ) ;
#1848 = FILL_AREA_STYLE_COLOUR ( '', #622 ) ;
#1849 = EDGE_LOOP ( 'NONE', ( #1085, #3889, #3260, #1350 ) ) ;
#1850 = CARTESIAN_POINT ( 'NONE',  ( 12.17999999999999600, -4.049999999999999800, -8.585000000000000900 ) ) ;
#1851 = STYLED_ITEM ( 'NONE', ( #2721 ), #1730 ) ;
#1852 =( NAMED_UNIT ( * ) SI_UNIT ( $, .STERADIAN. ) SOLID_ANGLE_UNIT ( ) );
#1853 = PRESENTATION_STYLE_ASSIGNMENT (( #5369 ) ) ;
#1854 = DIRECTION ( 'NONE',  ( 1.000000000000000000, 0.0000000000000000000, 0.0000000000000000000 ) ) ;
#1855 = VERTEX_POINT ( 'NONE', #626 ) ;
#1856 =( GEOMETRIC_REPRESENTATION_CONTEXT ( 3 ) GLOBAL_UNCERTAINTY_ASSIGNED_CONTEXT ( ( #5372 ) ) GLOBAL_UNIT_ASSIGNED_CONTEXT ( ( #4497, #1158, #1996 ) ) REPRESENTATION_CONTEXT ( 'NONE', 'WORKASPACE' ) );
#1857 = DIRECTION ( 'NONE',  ( -0.0000000000000000000, -0.0000000000000000000, -1.000000000000000000 ) ) ;
#1858 = VERTEX_POINT ( 'NONE', #3988 ) ;
#1859 = EDGE_CURVE ( 'NONE', #965, #5089, #2481, .T. ) ;
#1860 = VECTOR ( 'NONE', #4063, 1000.000000000000000 ) ;
#1861 = COLOUR_RGB ( '',1.000000000000000000, 1.000000000000000000, 1.000000000000000000 ) ;
#1862 = LINE ( 'NONE', #1526, #1672 ) ;
#1863 = PLANE ( 'NONE',  #2166 ) ;
#1864 = ORIENTED_EDGE ( 'NONE', *, *, #2009, .T. ) ;
#1865 =( LENGTH_UNIT ( ) NAMED_UNIT ( * ) SI_UNIT ( .MILLI., .METRE. ) );
#1866 = CARTESIAN_POINT ( 'NONE',  ( 8.461388803700311100, 5.051000000000001000, -4.750616504455980900 ) ) ;
#1867 = LINE ( 'NONE', #3046, #4108 ) ;
#1868 = DIRECTION ( 'NONE',  ( -0.0000000000000000000, 1.000000000000000000, -0.0000000000000000000 ) ) ;
#1869 =( LENGTH_UNIT ( ) NAMED_UNIT ( * ) SI_UNIT ( .MILLI., .METRE. ) );
#1870 = ORIENTED_EDGE ( 'NONE', *, *, #3327, .T. ) ;
#1871 = FILL_AREA_STYLE ('',( #3147 ) ) ;
#1872 = FACE_OUTER_BOUND ( 'NONE', #4831, .T. ) ;
#1873 = PRESENTATION_LAYER_ASSIGNMENT (  '', '', ( #1601 ) ) ;
#1874 = DIRECTION ( 'NONE',  ( -0.2762517575166150200, 0.0000000000000000000, 0.9610853065513910200 ) ) ;
#1875 = COLOUR_RGB ( '',1.000000000000000000, 1.000000000000000000, 1.000000000000000000 ) ;
#1876 = STYLED_ITEM ( 'NONE', ( #5131 ), #448 ) ;
#1877 = DIRECTION ( 'NONE',  ( 0.2763173343570119500, 0.0000000000000000000, -0.9610664548998862900 ) ) ;
#1878 = LINE ( 'NONE', #3931, #1754 ) ;
#1879 = FILL_AREA_STYLE ('',( #2233 ) ) ;
#1880 = DIRECTION ( 'NONE',  ( -0.0000000000000000000, -0.0000000000000000000, -1.000000000000000000 ) ) ;
#1881 =( GEOMETRIC_REPRESENTATION_CONTEXT ( 3 ) GLOBAL_UNCERTAINTY_ASSIGNED_CONTEXT ( ( #495 ) ) GLOBAL_UNIT_ASSIGNED_CONTEXT ( ( #243, #2778, #1066 ) ) REPRESENTATION_CONTEXT ( 'NONE', 'WORKASPACE' ) );
#1882 =( LENGTH_UNIT ( ) NAMED_UNIT ( * ) SI_UNIT ( .MILLI., .METRE. ) );
#1883 = EDGE_CURVE ( 'NONE', #251, #2135, #2329, .T. ) ;
#1884 = DIRECTION ( 'NONE',  ( -0.0000000000000000000, 1.000000000000000000, -0.0000000000000000000 ) ) ;
#1885 = FILL_AREA_STYLE_COLOUR ( '', #2267 ) ;
#1886 =( GEOMETRIC_REPRESENTATION_CONTEXT ( 3 ) GLOBAL_UNCERTAINTY_ASSIGNED_CONTEXT ( ( #4874 ) ) GLOBAL_UNIT_ASSIGNED_CONTEXT ( ( #5358, #3317, #816 ) ) REPRESENTATION_CONTEXT ( 'NONE', 'WORKASPACE' ) );
#1887 = FILL_AREA_STYLE ('',( #4079 ) ) ;
#1888 = DIRECTION ( 'NONE',  ( -1.000000000000000000, 0.0000000000000000000, -3.097720492815722700E-016 ) ) ;
#1889 = CARTESIAN_POINT ( 'NONE',  ( 4.209999999999999100, 0.0000000000000000000, -8.234999999999981700 ) ) ;
#1890 = EDGE_CURVE ( 'NONE', #4093, #4401, #4101, .T. ) ;
#1891 = VECTOR ( 'NONE', #4041, 1000.000000000000000 ) ;
#1892 = VERTEX_POINT ( 'NONE', #3554 ) ;
#1893 = PLANE ( 'NONE',  #3025 ) ;
#1894 = ADVANCED_FACE ( 'NONE', ( #785 ), #3636, .F. ) ;
#1895 = DIRECTION ( 'NONE',  ( -0.0000000000000000000, -1.000000000000000000, -0.0000000000000000000 ) ) ;
#1896 = PRESENTATION_LAYER_ASSIGNMENT (  '', '', ( #586 ) ) ;
#1897 = LINE ( 'NONE', #4731, #434 ) ;
#1898 = UNCERTAINTY_MEASURE_WITH_UNIT (LENGTH_MEASURE( 1.000000000000000100E-005 ), #3838, 'distance_accuracy_value', 'NONE');
#1899 = LINE ( 'NONE', #2332, #1443 ) ;
#1900 =( LENGTH_UNIT ( ) NAMED_UNIT ( * ) SI_UNIT ( .MILLI., .METRE. ) );
#1901 = EDGE_LOOP ( 'NONE', ( #4190, #5365, #3215, #1687 ) ) ;
#1902 = CARTESIAN_POINT ( 'NONE',  ( 9.081208083500273500, 5.051000000000001000, -4.974059236185391700 ) ) ;
#1903 = SURFACE_SIDE_STYLE ('',( #2164 ) ) ;
#1904 = FILL_AREA_STYLE ('',( #4390 ) ) ;
#1905 = ORIENTED_EDGE ( 'NONE', *, *, #1826, .F. ) ;
#1906 = CARTESIAN_POINT ( 'NONE',  ( 7.450000000000000200, 0.0000000000000000000, -0.7900000000000008100 ) ) ;
#1907 = CARTESIAN_POINT ( 'NONE',  ( 5.809832587082340200, 5.051000000000001000, -4.527026645098537500 ) ) ;
#1908 = CARTESIAN_POINT ( 'NONE',  ( 14.19999999999999900, 5.050000000000000700, -9.199999999999999300 ) ) ;
#1909 = CARTESIAN_POINT ( 'NONE',  ( 4.014950853507274400, 5.050000000000000700, -3.996226937848596600 ) ) ;
#1910 = PRESENTATION_LAYER_ASSIGNMENT (  '', '', ( #4242 ) ) ;
#1911 = ORIENTED_EDGE ( 'NONE', *, *, #3352, .T. ) ;
#1912 = SURFACE_SIDE_STYLE ('',( #790 ) ) ;
#1913 = PRESENTATION_LAYER_ASSIGNMENT (  '', '', ( #3814 ) ) ;
#1914 = SURFACE_STYLE_FILL_AREA ( #688 ) ;
#1915 = FILL_AREA_STYLE_COLOUR ( '', #2542 ) ;
#1916 = SURFACE_STYLE_USAGE ( .BOTH. , #4406 ) ;
#1917 = ORIENTED_EDGE ( 'NONE', *, *, #1033, .T. ) ;
#1918 =( NAMED_UNIT ( * ) PLANE_ANGLE_UNIT ( ) SI_UNIT ( $, .RADIAN. ) );
#1919 = UNCERTAINTY_MEASURE_WITH_UNIT (LENGTH_MEASURE( 1.000000000000000100E-005 ), #3127, 'distance_accuracy_value', 'NONE');
#1920 = CIRCLE ( 'NONE', #414, 0.3499999999999996400 ) ;
#1921 = EDGE_CURVE ( 'NONE', #80, #3097, #907, .T. ) ;
#1922 = VECTOR ( 'NONE', #4271, 1000.000000000000000 ) ;
#1923 = ORIENTED_EDGE ( 'NONE', *, *, #3364, .T. ) ;
#1924 = CARTESIAN_POINT ( 'NONE',  ( 11.82999999999999700, -4.049999999999999800, -0.6149999999999989900 ) ) ;
#1925 = DIRECTION ( 'NONE',  ( 1.000000000000000000, 0.0000000000000000000, 0.0000000000000000000 ) ) ;
#1926 = FILL_AREA_STYLE ('',( #685 ) ) ;
#1927 = FILL_AREA_STYLE ('',( #4008 ) ) ;
#1928 = DIRECTION ( 'NONE',  ( -0.0000000000000000000, -1.000000000000000000, -0.0000000000000000000 ) ) ;
#1929 = MECHANICAL_DESIGN_GEOMETRIC_PRESENTATION_REPRESENTATION (  '', ( #2578 ), #3959 ) ;
#1930 = ORIENTED_EDGE ( 'NONE', *, *, #999, .F. ) ;
#1931 = SURFACE_SIDE_STYLE ('',( #2919 ) ) ;
#1932 = DIRECTION ( 'NONE',  ( -0.0000000000000000000, -1.000000000000000000, -0.0000000000000000000 ) ) ;
#1933 = CIRCLE ( 'NONE', #4335, 0.3499999999999996400 ) ;
#1934 = CARTESIAN_POINT ( 'NONE',  ( 6.617081432004043000, 5.050000000000000700, -3.996226937848596600 ) ) ;
#1935 = ORIENTED_EDGE ( 'NONE', *, *, #2134, .F. ) ;
#1936 = VECTOR ( 'NONE', #2393, 999.9999999999998900 ) ;
#1937 =( GEOMETRIC_REPRESENTATION_CONTEXT ( 3 ) GLOBAL_UNCERTAINTY_ASSIGNED_CONTEXT ( ( #5268 ) ) GLOBAL_UNIT_ASSIGNED_CONTEXT ( ( #116, #2645, #147 ) ) REPRESENTATION_CONTEXT ( 'NONE', 'WORKASPACE' ) );
#1938 = CARTESIAN_POINT ( 'NONE',  ( 8.881202783233808500, 5.051000000000001000, -4.226415471414234100 ) ) ;
#1939 = CARTESIAN_POINT ( 'NONE',  ( 5.939106279213127100, 5.051000000000001000, -4.975659249163766300 ) ) ;
#1940 =( NAMED_UNIT ( * ) SI_UNIT ( $, .STERADIAN. ) SOLID_ANGLE_UNIT ( ) );
#1941 = EDGE_CURVE ( 'NONE', #231, #767, #400, .T. ) ;
#1942 = ORIENTED_EDGE ( 'NONE', *, *, #3832, .T. ) ;
#1943 = VECTOR ( 'NONE', #2090, 1000.000000000000000 ) ;
#1944 = PRESENTATION_STYLE_ASSIGNMENT (( #1759 ) ) ;
#1945 = DIRECTION ( 'NONE',  ( 0.2764273280489792900, 0.0000000000000000000, -0.9610348236706627300 ) ) ;
#1946 = CARTESIAN_POINT ( 'NONE',  ( 5.178910637437358100, 5.050000000000000700, -3.996226937848596600 ) ) ;
#1947 = ORIENTED_EDGE ( 'NONE', *, *, #793, .F. ) ;
#1948 = CARTESIAN_POINT ( 'NONE',  ( 8.397586906936778600, 5.051000000000001000, -4.527026645096021300 ) ) ;
#1949 = PLANE ( 'NONE',  #1532 ) ;
#1950 = LINE ( 'NONE', #4325, #1356 ) ;
#1951 = DIRECTION ( 'NONE',  ( -0.0000000000000000000, -1.000000000000000000, -0.0000000000000000000 ) ) ;
#1952 = SURFACE_SIDE_STYLE ('',( #3381 ) ) ;
#1953 = PLANE ( 'NONE',  #3276 ) ;
#1954 = PLANE ( 'NONE',  #2609 ) ;
#1955 = CARTESIAN_POINT ( 'NONE',  ( 9.639999999999997000, -4.049999999999999800, -8.585000000000000900 ) ) ;
#1956 = DIRECTION ( 'NONE',  ( -9.912705577010221200E-015, 0.0000000000000000000, 1.000000000000000000 ) ) ;
#1957 = MECHANICAL_DESIGN_GEOMETRIC_PRESENTATION_REPRESENTATION (  '', ( #3526 ), #1457 ) ;
#1958 = CARTESIAN_POINT ( 'NONE',  ( 4.810841445385825900, 5.051000000000001000, -3.996226937848596600 ) ) ;
#1959 = UNCERTAINTY_MEASURE_WITH_UNIT (LENGTH_MEASURE( 1.000000000000000100E-005 ), #1691, 'distance_accuracy_value', 'NONE');
#1960 = DIRECTION ( 'NONE',  ( 1.000000000000000000, 0.0000000000000000000, 0.0000000000000000000 ) ) ;
#1961 = LINE ( 'NONE', #1902, #4890 ) ;
#1962 = ADVANCED_FACE ( 'NONE', ( #4027 ), #4075, .F. ) ;
#1963 =( NAMED_UNIT ( * ) SI_UNIT ( $, .STERADIAN. ) SOLID_ANGLE_UNIT ( ) );
#1964 = DIRECTION ( 'NONE',  ( 0.05375259206908285200, 0.0000000000000000000, -0.9985542843760947300 ) ) ;
#1965 = EDGE_CURVE ( 'NONE', #1683, #715, #1729, .T. ) ;
#1966 = LINE ( 'NONE', #1765, #1821 ) ;
#1967 = DIRECTION ( 'NONE',  ( -0.9615825319869156800, 0.0000000000000000000, -0.2745159998572621100 ) ) ;
#1968 = ORIENTED_EDGE ( 'NONE', *, *, #2705, .F. ) ;
#1969 = CARTESIAN_POINT ( 'NONE',  ( 6.392847890230885200, 5.051000000000001000, -4.750656964556244900 ) ) ;
#1970 = CARTESIAN_POINT ( 'NONE',  ( 9.989999999999996700, -4.049999999999999800, -0.6149999999999988800 ) ) ;
#1971 = FILL_AREA_STYLE ('',( #310 ) ) ;
#1972 = FACE_OUTER_BOUND ( 'NONE', #913, .T. ) ;
#1973 = DIRECTION ( 'NONE',  ( 9.912705577010423200E-015, 0.0000000000000000000, 1.000000000000000000 ) ) ;
#1974 = VERTEX_POINT ( 'NONE', #2836 ) ;
#1975 = SURFACE_SIDE_STYLE ('',( #4751 ) ) ;
#1976 =( NAMED_UNIT ( * ) SI_UNIT ( $, .STERADIAN. ) SOLID_ANGLE_UNIT ( ) );
#1977 = EDGE_CURVE ( 'NONE', #549, #2866, #5313, .T. ) ;
#1978 =( LENGTH_UNIT ( ) NAMED_UNIT ( * ) SI_UNIT ( .MILLI., .METRE. ) );
#1979 = UNCERTAINTY_MEASURE_WITH_UNIT (LENGTH_MEASURE( 1.000000000000000100E-005 ), #656, 'distance_accuracy_value', 'NONE');
#1980 = VERTEX_POINT ( 'NONE', #787 ) ;
#1981 = VECTOR ( 'NONE', #2714, 1000.000000000000000 ) ;
#1982 = ORIENTED_EDGE ( 'NONE', *, *, #3877, .F. ) ;
#1983 = UNCERTAINTY_MEASURE_WITH_UNIT (LENGTH_MEASURE( 1.000000000000000100E-005 ), #1262, 'distance_accuracy_value', 'NONE');
#1984 =( LENGTH_UNIT ( ) NAMED_UNIT ( * ) SI_UNIT ( .MILLI., .METRE. ) );
#1985 = AXIS2_PLACEMENT_3D ( 'NONE', #5252, #4354, #627 ) ;
#1986 = COLOUR_RGB ( '',0.6941176470588235100, 0.09803921568627450800, 0.09803921568627450800 ) ;
#1987 = ORIENTED_EDGE ( 'NONE', *, *, #5062, .T. ) ;
#1988 = FILL_AREA_STYLE ('',( #2031 ) ) ;
#1989 = DIRECTION ( 'NONE',  ( 1.000000000000000000, 0.0000000000000000000, 0.0000000000000000000 ) ) ;
#1990 = LINE ( 'NONE', #5305, #2699 ) ;
#1991 =( NAMED_UNIT ( * ) SI_UNIT ( $, .STERADIAN. ) SOLID_ANGLE_UNIT ( ) );
#1992 = DIRECTION ( 'NONE',  ( -4.956352788505169000E-015, 0.0000000000000000000, 1.000000000000000000 ) ) ;
#1993 = MECHANICAL_DESIGN_GEOMETRIC_PRESENTATION_REPRESENTATION (  '', ( #594 ), #2260 ) ;
#1994 = EDGE_LOOP ( 'NONE', ( #3173, #2534, #2975, #4388 ) ) ;
#1995 = CARTESIAN_POINT ( 'NONE',  ( 10.91000000000000000, 7.426175779181613300E-016, -0.2000000000000000100 ) ) ;
#1996 =( NAMED_UNIT ( * ) SI_UNIT ( $, .STERADIAN. ) SOLID_ANGLE_UNIT ( ) );
#1997 = FILL_AREA_STYLE_COLOUR ( '', #2219 ) ;
#1998 = DIRECTION ( 'NONE',  ( 0.0000000000000000000, 0.0000000000000000000, 1.000000000000000000 ) ) ;
#1999 = EDGE_CURVE ( 'NONE', #1572, #1065, #1604, .T. ) ;
#2000 = VERTEX_POINT ( 'NONE', #1193 ) ;
#2001 = PLANE ( 'NONE',  #2013 ) ;
#2002 = COLOUR_RGB ( '',0.6941176470588235100, 0.09803921568627450800, 0.09803921568627450800 ) ;
#2003 =( NAMED_UNIT ( * ) PLANE_ANGLE_UNIT ( ) SI_UNIT ( $, .RADIAN. ) );
#2004 = FACE_OUTER_BOUND ( 'NONE', #1824, .T. ) ;
#2005 = FACE_OUTER_BOUND ( 'NONE', #4684, .T. ) ;
#2006 = VERTEX_POINT ( 'NONE', #1584 ) ;
#2007 = AXIS2_PLACEMENT_3D ( 'NONE', #2482, #3741, #1597 ) ;
#2008 = VECTOR ( 'NONE', #3376, 1000.000000000000000 ) ;
#2009 = EDGE_CURVE ( 'NONE', #5247, #4241, #3180, .T. ) ;
#2010 = ORIENTED_EDGE ( 'NONE', *, *, #739, .T. ) ;
#2011 = PRESENTATION_STYLE_ASSIGNMENT (( #4527 ) ) ;
#2012 = FILL_AREA_STYLE_COLOUR ( '', #1839 ) ;
#2013 = AXIS2_PLACEMENT_3D ( 'NONE', #5016, #1698, #2560 ) ;
#2014 = CARTESIAN_POINT ( 'NONE',  ( 4.909999999999999300, 0.0000000000000000000, -8.234999999999981700 ) ) ;
#2015 = CARTESIAN_POINT ( 'NONE',  ( 7.144954577053015400, 5.051000000000001000, -4.341699067862130300 ) ) ;
#2016 = ORIENTED_EDGE ( 'NONE', *, *, #2152, .F. ) ;
#2017 =( GEOMETRIC_REPRESENTATION_CONTEXT ( 3 ) GLOBAL_UNCERTAINTY_ASSIGNED_CONTEXT ( ( #4150 ) ) GLOBAL_UNIT_ASSIGNED_CONTEXT ( ( #587, #4680, #4248 ) ) REPRESENTATION_CONTEXT ( 'NONE', 'WORKASPACE' ) );
#2018 = COLOUR_RGB ( '',0.8980392156862745400, 0.9215686274509803400, 0.9294117647058823800 ) ;
#2019 = FILL_AREA_STYLE ('',( #3666 ) ) ;
#2020 = CARTESIAN_POINT ( 'NONE',  ( 4.909999999999999300, -4.049999999999999800, -0.9650000000000168400 ) ) ;
#2021 = LINE ( 'NONE', #5360, #5180 ) ;
#2022 = CARTESIAN_POINT ( 'NONE',  ( 6.394753193036271100, 5.050000000000000700, -4.226371333128317300 ) ) ;
#2023 =( GEOMETRIC_REPRESENTATION_CONTEXT ( 3 ) GLOBAL_UNCERTAINTY_ASSIGNED_CONTEXT ( ( #4691 ) ) GLOBAL_UNIT_ASSIGNED_CONTEXT ( ( #1690, #4543, #4574 ) ) REPRESENTATION_CONTEXT ( 'NONE', 'WORKASPACE' ) );
#2024 = ORIENTED_EDGE ( 'NONE', *, *, #924, .F. ) ;
#2025 = FACE_OUTER_BOUND ( 'NONE', #1126, .T. ) ;
#2026 = ADVANCED_FACE ( 'NONE', ( #4094 ), #5262, .F. ) ;
#2027 =( NAMED_UNIT ( * ) SI_UNIT ( $, .STERADIAN. ) SOLID_ANGLE_UNIT ( ) );
#2028 = VECTOR ( 'NONE', #403, 1000.000000000000000 ) ;
#2029 = VECTOR ( 'NONE', #2181, 1000.000000000000000 ) ;
#2030 = PRESENTATION_STYLE_ASSIGNMENT (( #2742 ) ) ;
#2031 = FILL_AREA_STYLE_COLOUR ( '', #160 ) ;
#2032 = FILL_AREA_STYLE ('',( #3695 ) ) ;
#2033 = SURFACE_SIDE_STYLE ('',( #3125 ) ) ;
#2034 = PRESENTATION_STYLE_ASSIGNMENT (( #3859 ) ) ;
#2035 = PRESENTATION_LAYER_ASSIGNMENT (  '', '', ( #3526 ) ) ;
#2036 = VECTOR ( 'NONE', #3733, 1000.000000000000000 ) ;
#2037 =( LENGTH_UNIT ( ) NAMED_UNIT ( * ) SI_UNIT ( .MILLI., .METRE. ) );
#2038 = DIRECTION ( 'NONE',  ( 1.000000000000000000, 0.0000000000000000000, 0.0000000000000000000 ) ) ;
#2039 = EDGE_CURVE ( 'NONE', #1858, #3744, #3828, .T. ) ;
#2040 = FILL_AREA_STYLE ('',( #2054 ) ) ;
#2041 = ORIENTED_EDGE ( 'NONE', *, *, #3898, .F. ) ;
#2042 = MECHANICAL_DESIGN_GEOMETRIC_PRESENTATION_REPRESENTATION (  '', ( #5194 ), #576 ) ;
#2043 = CARTESIAN_POINT ( 'NONE',  ( 4.547192410558965400, 5.050000000000000700, -4.653056172982742200 ) ) ;
#2044 = LINE ( 'NONE', #177, #4509 ) ;
#2045 = ADVANCED_FACE ( 'NONE', ( #3950 ), #2370, .F. ) ;
#2046 = ORIENTED_EDGE ( 'NONE', *, *, #1364, .T. ) ;
#2047 = SURFACE_SIDE_STYLE ('',( #2392 ) ) ;
#2048 = STYLED_ITEM ( 'NONE', ( #5368 ), #4193 ) ;
#2049 = CARTESIAN_POINT ( 'NONE',  ( 4.209999999999999100, -4.049999999999999800, -8.584999999999983100 ) ) ;
#2050 = EDGE_LOOP ( 'NONE', ( #2313, #4634, #2981, #4761 ) ) ;
#2051 = DIRECTION ( 'NONE',  ( 1.000000000000000000, 0.0000000000000000000, 0.0000000000000000000 ) ) ;
#2052 = EDGE_CURVE ( 'NONE', #3744, #445, #4207, .T. ) ;
#2053 = ORIENTED_EDGE ( 'NONE', *, *, #4802, .F. ) ;
#2054 = FILL_AREA_STYLE_COLOUR ( '', #332 ) ;
#2055 = ORIENTED_EDGE ( 'NONE', *, *, #3024, .F. ) ;
#2056 = SURFACE_SIDE_STYLE ('',( #1009 ) ) ;
#2057 = DIRECTION ( 'NONE',  ( 0.0000000000000000000, -1.000000000000000000, 0.0000000000000000000 ) ) ;
#2058 = AXIS2_PLACEMENT_3D ( 'NONE', #4533, #4515, #1231 ) ;
#2059 = CIRCLE ( 'NONE', #1496, 0.3499999999999996400 ) ;
#2060 = ORIENTED_EDGE ( 'NONE', *, *, #4688, .F. ) ;
#2061 = CARTESIAN_POINT ( 'NONE',  ( 9.989999999999996700, 0.0000000000000000000, -8.235000000000001200 ) ) ;
#2062 = PRESENTATION_LAYER_ASSIGNMENT (  '', '', ( #1232 ) ) ;
#2063 = SURFACE_SIDE_STYLE ('',( #4091 ) ) ;
#2064 = EDGE_CURVE ( 'NONE', #1218, #4159, #3261, .T. ) ;
#2065 = VECTOR ( 'NONE', #4160, 1000.000000000000000 ) ;
#2066 = VECTOR ( 'NONE', #1555, 1000.000000000000000 ) ;
#2067 = ORIENTED_EDGE ( 'NONE', *, *, #2976, .F. ) ;
#2069 = PRESENTATION_STYLE_ASSIGNMENT (( #5308 ) ) ;
#2068 = CARTESIAN_POINT ( 'NONE',  ( 5.471370941386530800, 5.050000000000000700, -5.205917668354676800 ) ) ;
#2070 = ADVANCED_FACE ( 'NONE', ( #4595 ), #3492, .F. ) ;
#2071 = SURFACE_STYLE_FILL_AREA ( #5101 ) ;
#2072 = DIRECTION ( 'NONE',  ( 0.2740217765954074400, 0.0000000000000000000, -0.9617234872620593600 ) ) ;
#2073 = ORIENTED_EDGE ( 'NONE', *, *, #2506, .T. ) ;
#2074 = PRESENTATION_STYLE_ASSIGNMENT (( #3566 ) ) ;
#2075 = AXIS2_PLACEMENT_3D ( 'NONE', #3448, #1373, #4710 ) ;
#2076 = EDGE_CURVE ( 'NONE', #2463, #163, #134, .T. ) ;
#2077 = VERTEX_POINT ( 'NONE', #5094 ) ;
#2078 = LINE ( 'NONE', #5008, #1943 ) ;
#2079 = UNCERTAINTY_MEASURE_WITH_UNIT (LENGTH_MEASURE( 1.000000000000000100E-005 ), #1140, 'distance_accuracy_value', 'NONE');
#2080 =( NAMED_UNIT ( * ) PLANE_ANGLE_UNIT ( ) SI_UNIT ( $, .RADIAN. ) );
#2081 = PRESENTATION_LAYER_ASSIGNMENT (  '', '', ( #4942 ) ) ;
#2082 = EDGE_CURVE ( 'NONE', #1836, #715, #3393, .T. ) ;
#2083 = EDGE_LOOP ( 'NONE', ( #3026, #1297, #3953, #2944 ) ) ;
#2084 = CARTESIAN_POINT ( 'NONE',  ( 8.980521289887407800, 5.051000000000001000, -4.750616504455980900 ) ) ;
#2085 = LINE ( 'NONE', #4309, #19 ) ;
#2086 = CARTESIAN_POINT ( 'NONE',  ( 8.461388803700311100, 5.051000000000001000, -4.750616504455980900 ) ) ;
#2087 = STYLED_ITEM ( 'NONE', ( #890 ), #5250 ) ;
#2088 = FILL_AREA_STYLE ('',( #5036 ) ) ;
#2089 = VECTOR ( 'NONE', #3103, 1000.000000000000000 ) ;
#2090 = DIRECTION ( 'NONE',  ( -0.0000000000000000000, -1.000000000000000000, -0.0000000000000000000 ) ) ;
#2091 = COLOUR_RGB ( '',0.8980392156862745400, 0.9215686274509803400, 0.9294117647058823800 ) ;
#2092 = ORIENTED_EDGE ( 'NONE', *, *, #2234, .T. ) ;
#2093 = CARTESIAN_POINT ( 'NONE',  ( 9.289999999999997400, -4.049999999999999800, -8.235000000000001200 ) ) ;
#2094 = CARTESIAN_POINT ( 'NONE',  ( 4.559164922421128800, 5.050000000000000700, -4.690058771941092900 ) ) ;
#2095 = ADVANCED_FACE ( 'NONE', ( #2424 ), #695, .F. ) ;
#2096 = EDGE_CURVE ( 'NONE', #2185, #2657, #2230, .T. ) ;
#2097 = ORIENTED_EDGE ( 'NONE', *, *, #3983, .F. ) ;
#2098 =( NAMED_UNIT ( * ) PLANE_ANGLE_UNIT ( ) SI_UNIT ( $, .RADIAN. ) );
#2099 = CARTESIAN_POINT ( 'NONE',  ( 9.289999999999997400, -4.049999999999999800, -8.585000000000000900 ) ) ;
#2100 = PRESENTATION_STYLE_ASSIGNMENT (( #4232 ) ) ;
#2101 = DIRECTION ( 'NONE',  ( -0.2740217765954073800, 0.0000000000000000000, 0.9617234872620593600 ) ) ;
#2102 = FACE_BOUND ( 'NONE', #1141, .T. ) ;
#2103 = PRESENTATION_LAYER_ASSIGNMENT (  '', '', ( #2688 ) ) ;
#2104 = ORIENTED_EDGE ( 'NONE', *, *, #3024, .T. ) ;
#2105 = VECTOR ( 'NONE', #3422, 1000.000000000000000 ) ;
#2106 = AXIS2_PLACEMENT_3D ( 'NONE', #779, #4117, #761 ) ;
#2107 = ORIENTED_EDGE ( 'NONE', *, *, #2991, .T. ) ;
#2108 = MECHANICAL_DESIGN_GEOMETRIC_PRESENTATION_REPRESENTATION (  '', ( #4229 ), #1057 ) ;
#2109 = CARTESIAN_POINT ( 'NONE',  ( 4.707035546987861500, 5.051000000000001000, -5.205917668354676800 ) ) ;
#2110 = ORIENTED_EDGE ( 'NONE', *, *, #1364, .F. ) ;
#2111 = COLOUR_RGB ( '',0.8980392156862745400, 0.9215686274509803400, 0.9294117647058823800 ) ;
#2112 = STYLED_ITEM ( 'NONE', ( #5238 ), #4938 ) ;
#2113 = FILL_AREA_STYLE ('',( #4581 ) ) ;
#2114 = VECTOR ( 'NONE', #2495, 1000.000000000000000 ) ;
#2115 = EDGE_CURVE ( 'NONE', #3839, #3885, #4370, .T. ) ;
#2116 = ORIENTED_EDGE ( 'NONE', *, *, #4482, .F. ) ;
#2117 = CARTESIAN_POINT ( 'NONE',  ( 5.809832587082340200, 5.050000000000000700, -4.527026645098537500 ) ) ;
#2118 = ADVANCED_FACE ( 'NONE', ( #296 ), #3892, .F. ) ;
#2119 = VECTOR ( 'NONE', #1529, 1000.000000000000000 ) ;
#2120 = CARTESIAN_POINT ( 'NONE',  ( 4.909999999999999300, 0.0000000000000000000, -8.584999999999983100 ) ) ;
#2121 = ORIENTED_EDGE ( 'NONE', *, *, #2675, .F. ) ;
#2122 = LINE ( 'NONE', #1906, #3112 ) ;
#2123 = COLOUR_RGB ( '',0.8980392156862745400, 0.9215686274509803400, 0.9294117647058823800 ) ;
#2124 = LINE ( 'NONE', #2505, #1284 ) ;
#2125 = CARTESIAN_POINT ( 'NONE',  ( 4.209999999999999100, -4.049999999999999800, -0.9650000000000168400 ) ) ;
#2126 = DIRECTION ( 'NONE',  ( -0.0000000000000000000, -1.000000000000000000, -0.0000000000000000000 ) ) ;
#2127 = EDGE_LOOP ( 'NONE', ( #11, #936, #3827, #872 ) ) ;
#2128 =( GEOMETRIC_REPRESENTATION_CONTEXT ( 3 ) GLOBAL_UNCERTAINTY_ASSIGNED_CONTEXT ( ( #1642 ) ) GLOBAL_UNIT_ASSIGNED_CONTEXT ( ( #2177, #5076, #2602 ) ) REPRESENTATION_CONTEXT ( 'NONE', 'WORKASPACE' ) );
#2129 = PRESENTATION_STYLE_ASSIGNMENT (( #4947 ) ) ;
#2130 = VECTOR ( 'NONE', #2201, 1000.000000000000000 ) ;
#2131 = CARTESIAN_POINT ( 'NONE',  ( 6.394753193036271100, 5.051000000000001000, -4.226371333128317300 ) ) ;
#2132 = PRESENTATION_LAYER_ASSIGNMENT (  '', '', ( #2597 ) ) ;
#2133 = CARTESIAN_POINT ( 'NONE',  ( 4.707035546987861500, 5.050000000000000700, -5.205917668354676800 ) ) ;
#2134 = EDGE_CURVE ( 'NONE', #3086, #4583, #3309, .T. ) ;
#2135 = VERTEX_POINT ( 'NONE', #943 ) ;
#2136 = LINE ( 'NONE', #3978, #1936 ) ;
#2137 = VECTOR ( 'NONE', #3847, 1000.000000000000100 ) ;
#2138 = VERTEX_POINT ( 'NONE', #4689 ) ;
#2139 = PRESENTATION_STYLE_ASSIGNMENT (( #4937 ) ) ;
#2140 = CARTESIAN_POINT ( 'NONE',  ( 7.573578721878718100, 5.051000000000001000, -5.205917668354676800 ) ) ;
#2141 = EDGE_LOOP ( 'NONE', ( #4310, #2853, #4343, #573 ) ) ;
#2142 =( GEOMETRIC_REPRESENTATION_CONTEXT ( 3 ) GLOBAL_UNCERTAINTY_ASSIGNED_CONTEXT ( ( #1919 ) ) GLOBAL_UNIT_ASSIGNED_CONTEXT ( ( #3127, #953, #2663 ) ) REPRESENTATION_CONTEXT ( 'NONE', 'WORKASPACE' ) );
#2143 = UNCERTAINTY_MEASURE_WITH_UNIT (LENGTH_MEASURE( 1.000000000000000100E-005 ), #1414, 'distance_accuracy_value', 'NONE');
#2144 = LINE ( 'NONE', #3074, #4948 ) ;
#2145 = LINE ( 'NONE', #2420, #3010 ) ;
#2146 = DIRECTION ( 'NONE',  ( 0.0000000000000000000, -0.0000000000000000000, 1.000000000000000000 ) ) ;
#2147 = SURFACE_STYLE_USAGE ( .BOTH. , #929 ) ;
#2148 = ADVANCED_FACE ( 'NONE', ( #1447 ), #1336, .F. ) ;
#2149 = PRESENTATION_STYLE_ASSIGNMENT (( #3161 ) ) ;
#2150 = UNCERTAINTY_MEASURE_WITH_UNIT (LENGTH_MEASURE( 1.000000000000000100E-005 ), #3933, 'distance_accuracy_value', 'NONE');
#2151 = PRESENTATION_STYLE_ASSIGNMENT (( #4328 ) ) ;
#2152 = EDGE_CURVE ( 'NONE', #3155, #977, #1513, .T. ) ;
#2153 = FILL_AREA_STYLE_COLOUR ( '', #3093 ) ;
#2154 = VECTOR ( 'NONE', #3515, 1000.000000000000000 ) ;
#2155 = DIRECTION ( 'NONE',  ( 0.0000000000000000000, 0.0000000000000000000, -1.000000000000000000 ) ) ;
#2156 = ORIENTED_EDGE ( 'NONE', *, *, #2182, .T. ) ;
#2157 =( NAMED_UNIT ( * ) PLANE_ANGLE_UNIT ( ) SI_UNIT ( $, .RADIAN. ) );
#2158 = FILL_AREA_STYLE ('',( #1330 ) ) ;
#2159 = ORIENTED_EDGE ( 'NONE', *, *, #3472, .F. ) ;
#2160 = LINE ( 'NONE', #3037, #3146 ) ;
#2161 = UNCERTAINTY_MEASURE_WITH_UNIT (LENGTH_MEASURE( 1.000000000000000100E-005 ), #4311, 'distance_accuracy_value', 'NONE');
#2162 = CARTESIAN_POINT ( 'NONE',  ( 12.52999999999999600, -4.049999999999999800, -8.235000000000001200 ) ) ;
#2163 =( LENGTH_UNIT ( ) NAMED_UNIT ( * ) SI_UNIT ( .MILLI., .METRE. ) );
#2164 = SURFACE_STYLE_FILL_AREA ( #3984 ) ;
#2165 = VERTEX_POINT ( 'NONE', #92 ) ;
#2166 = AXIS2_PLACEMENT_3D ( 'NONE', #1045, #4764, #4712 ) ;
#2167 = VECTOR ( 'NONE', #5217, 1000.000000000000000 ) ;
#2168 = DIRECTION ( 'NONE',  ( 1.000000000000000000, 0.0000000000000000000, -0.0000000000000000000 ) ) ;
#2169 = VECTOR ( 'NONE', #3901, 1000.000000000000000 ) ;
#2170 = DIRECTION ( 'NONE',  ( -1.000000000000000000, 0.0000000000000000000, -0.0000000000000000000 ) ) ;
#2171 = ORIENTED_EDGE ( 'NONE', *, *, #2486, .T. ) ;
#2172 = AXIS2_PLACEMENT_3D ( 'NONE', #1305, #3473, #5115 ) ;
#2173 = FACE_OUTER_BOUND ( 'NONE', #3757, .T. ) ;
#2174 = ADVANCED_FACE ( 'NONE', ( #2173 ), #3118, .F. ) ;
#2175 = EDGE_CURVE ( 'NONE', #4757, #4187, #1897, .T. ) ;
#2176 = ORIENTED_EDGE ( 'NONE', *, *, #3319, .F. ) ;
#2177 =( LENGTH_UNIT ( ) NAMED_UNIT ( * ) SI_UNIT ( .MILLI., .METRE. ) );
#2178 = MECHANICAL_DESIGN_GEOMETRIC_PRESENTATION_REPRESENTATION (  '', ( #3696 ), #1886 ) ;
#2179 = VECTOR ( 'NONE', #1580, 1000.000000000000000 ) ;
#2180 = ORIENTED_EDGE ( 'NONE', *, *, #566, .F. ) ;
#2181 = DIRECTION ( 'NONE',  ( 1.000000000000000000, 0.0000000000000000000, 0.0000000000000000000 ) ) ;
#2182 = EDGE_CURVE ( 'NONE', #1325, #3893, #3300, .T. ) ;
#2183 = DIRECTION ( 'NONE',  ( 4.956352788505211600E-015, 0.0000000000000000000, 1.000000000000000000 ) ) ;
#2184 = VECTOR ( 'NONE', #3717, 1000.000000000000000 ) ;
#2185 = VERTEX_POINT ( 'NONE', #5182 ) ;
#2186 = MECHANICAL_DESIGN_GEOMETRIC_PRESENTATION_REPRESENTATION (  '', ( #2087 ), #322 ) ;
#2187 = COLOUR_RGB ( '',0.8980392156862745400, 0.9215686274509803400, 0.9294117647058823800 ) ;
#2188 = DIRECTION ( 'NONE',  ( -4.956352788505111400E-015, 0.0000000000000000000, 1.000000000000000000 ) ) ;
#2189 = LINE ( 'NONE', #4886, #2066 ) ;
#2190 = LINE ( 'NONE', #1367, #632 ) ;
#2191 = ORIENTED_EDGE ( 'NONE', *, *, #957, .T. ) ;
#2192 = CARTESIAN_POINT ( 'NONE',  ( 0.0000000000000000000, -4.049999999999999800, 0.0000000000000000000 ) ) ;
#2193 =( LENGTH_UNIT ( ) NAMED_UNIT ( * ) SI_UNIT ( .MILLI., .METRE. ) );
#2194 = VECTOR ( 'NONE', #1989, 1000.000000000000000 ) ;
#2195 = ORIENTED_EDGE ( 'NONE', *, *, #4104, .T. ) ;
#2196 = STYLED_ITEM ( 'NONE', ( #4469 ), #16 ) ;
#2197 = CARTESIAN_POINT ( 'NONE',  ( 7.573578721878718100, 5.051000000000001000, -5.205917668354676800 ) ) ;
#2198 = CARTESIAN_POINT ( 'NONE',  ( 4.909999999999999300, -4.049999999999999800, -8.584999999999983100 ) ) ;
#2199 = VERTEX_POINT ( 'NONE', #3568 ) ;
#2200 = FACE_OUTER_BOUND ( 'NONE', #3316, .T. ) ;
#2201 = DIRECTION ( 'NONE',  ( -0.0000000000000000000, 1.000000000000000000, -0.0000000000000000000 ) ) ;
#2202 = ORIENTED_EDGE ( 'NONE', *, *, #3342, .F. ) ;
#2203 = FILL_AREA_STYLE ('',( #3033 ) ) ;
#2204 = PRESENTATION_LAYER_ASSIGNMENT (  '', '', ( #5184 ) ) ;
#2205 = DIRECTION ( 'NONE',  ( 0.2745159998572621100, 0.0000000000000000000, -0.9615825319869156800 ) ) ;
#2206 = EDGE_CURVE ( 'NONE', #4992, #2651, #5084, .T. ) ;
#2207 = EDGE_LOOP ( 'NONE', ( #397, #1768, #651, #4789 ) ) ;
#2208 = UNCERTAINTY_MEASURE_WITH_UNIT (LENGTH_MEASURE( 1.000000000000000100E-005 ), #368, 'distance_accuracy_value', 'NONE');
#2209 = LINE ( 'NONE', #650, #129 ) ;
#2210 = CARTESIAN_POINT ( 'NONE',  ( 3.290000000000000500, 0.0000000000000000000, -9.199999999999999300 ) ) ;
#2211 = STYLED_ITEM ( 'NONE', ( #32 ), #2380 ) ;
#2212 = SURFACE_STYLE_FILL_AREA ( #3863 ) ;
#2213 = LINE ( 'NONE', #5299, #863 ) ;
#2214 =( NAMED_UNIT ( * ) PLANE_ANGLE_UNIT ( ) SI_UNIT ( $, .RADIAN. ) );
#2215 = DIRECTION ( 'NONE',  ( 0.0000000000000000000, 0.0000000000000000000, -1.000000000000000000 ) ) ;
#2216 = CARTESIAN_POINT ( 'NONE',  ( 1.669999999999999700, -4.049999999999999800, -0.6150000000000345200 ) ) ;
#2217 = AXIS2_PLACEMENT_3D ( 'NONE', #2567, #5025, #3404 ) ;
#2218 = EDGE_CURVE ( 'NONE', #2868, #2077, #2044, .T. ) ;
#2219 = COLOUR_RGB ( '',0.8980392156862745400, 0.9215686274509803400, 0.9294117647058823800 ) ;
#2220 = SURFACE_STYLE_USAGE ( .BOTH. , #3464 ) ;
#2221 = CARTESIAN_POINT ( 'NONE',  ( 0.0000000000000000000, 5.051000000000001000, 0.0000000000000000000 ) ) ;
#2222 = DIRECTION ( 'NONE',  ( -0.0000000000000000000, -1.000000000000000000, -0.0000000000000000000 ) ) ;
#2224 = DIRECTION ( 'NONE',  ( 0.2763139702539129700, 0.0000000000000000000, -0.9610674221107068400 ) ) ;
#2223 =( NAMED_UNIT ( * ) SI_UNIT ( $, .STERADIAN. ) SOLID_ANGLE_UNIT ( ) );
#2225 = EDGE_LOOP ( 'NONE', ( #5359, #4965, #3204, #2969 ) ) ;
#2226 = DIRECTION ( 'NONE',  ( -1.000000000000000000, 0.0000000000000000000, -0.0000000000000000000 ) ) ;
#2227 = EDGE_LOOP ( 'NONE', ( #892, #3806, #3714, #2523 ) ) ;
#2228 =( GEOMETRIC_REPRESENTATION_CONTEXT ( 3 ) GLOBAL_UNCERTAINTY_ASSIGNED_CONTEXT ( ( #607 ) ) GLOBAL_UNIT_ASSIGNED_CONTEXT ( ( #3559, #1473, #4758 ) ) REPRESENTATION_CONTEXT ( 'NONE', 'WORKASPACE' ) );
#2229 =( NAMED_UNIT ( * ) SI_UNIT ( $, .STERADIAN. ) SOLID_ANGLE_UNIT ( ) );
#2230 = LINE ( 'NONE', #1371, #2629 ) ;
#2231 = PRESENTATION_LAYER_ASSIGNMENT (  '', '', ( #26 ) ) ;
#2232 = ORIENTED_EDGE ( 'NONE', *, *, #2082, .T. ) ;
#2233 = FILL_AREA_STYLE_COLOUR ( '', #1425 ) ;
#2234 = EDGE_CURVE ( 'NONE', #1653, #488, #4907, .T. ) ;
#2235 = DIRECTION ( 'NONE',  ( -0.0000000000000000000, -1.000000000000000000, -0.0000000000000000000 ) ) ;
#2236 = CARTESIAN_POINT ( 'NONE',  ( 10.91000000000000000, 7.426175779181613300E-016, -0.2000000000000000100 ) ) ;
#2237 = ORIENTED_EDGE ( 'NONE', *, *, #428, .F. ) ;
#2238 = CARTESIAN_POINT ( 'NONE',  ( 9.989999999999996700, -4.049999999999999800, -8.585000000000000900 ) ) ;
#2239 =( LENGTH_UNIT ( ) NAMED_UNIT ( * ) SI_UNIT ( .MILLI., .METRE. ) );
#2240 = STYLED_ITEM ( 'NONE', ( #4209 ), #1632 ) ;
#2241 = SURFACE_STYLE_USAGE ( .BOTH. , #3523 ) ;
#2242 = VECTOR ( 'NONE', #4152, 1000.000000000000000 ) ;
#2243 = CARTESIAN_POINT ( 'NONE',  ( 4.362595052319494300, 5.051000000000001000, -5.205917668354676800 ) ) ;
#2244 = ORIENTED_EDGE ( 'NONE', *, *, #2064, .F. ) ;
#2245 = AXIS2_PLACEMENT_3D ( 'NONE', #4057, #3916, #5257 ) ;
#2246 = EDGE_CURVE ( 'NONE', #1773, #1173, #5151, .T. ) ;
#2247 = ORIENTED_EDGE ( 'NONE', *, *, #2744, .F. ) ;
#2248 = LINE ( 'NONE', #2423, #1154 ) ;
#2249 = UNCERTAINTY_MEASURE_WITH_UNIT (LENGTH_MEASURE( 1.000000000000000100E-005 ), #2348, 'distance_accuracy_value', 'NONE');
#2250 = PRESENTATION_LAYER_ASSIGNMENT (  '', '', ( #1311 ) ) ;
#2251 = ORIENTED_EDGE ( 'NONE', *, *, #4554, .F. ) ;
#2252 =( NAMED_UNIT ( * ) PLANE_ANGLE_UNIT ( ) SI_UNIT ( $, .RADIAN. ) );
#2253 = SURFACE_STYLE_FILL_AREA ( #736 ) ;
#2254 = FILL_AREA_STYLE_COLOUR ( '', #1161 ) ;
#2255 = LINE ( 'NONE', #1323, #3116 ) ;
#2256 = CARTESIAN_POINT ( 'NONE',  ( 9.289999999999997400, -4.049999999999999800, -0.9649999999999990800 ) ) ;
#2257 = CARTESIAN_POINT ( 'NONE',  ( 9.793482366010957600, 5.051000000000001000, -4.972348877483165500 ) ) ;
#2258 = LINE ( 'NONE', #5011, #4272 ) ;
#2259 = FILL_AREA_STYLE ('',( #3098 ) ) ;
#2260 =( GEOMETRIC_REPRESENTATION_CONTEXT ( 3 ) GLOBAL_UNCERTAINTY_ASSIGNED_CONTEXT ( ( #2394 ) ) GLOBAL_UNIT_ASSIGNED_CONTEXT ( ( #2801, #1424, #3137 ) ) REPRESENTATION_CONTEXT ( 'NONE', 'WORKASPACE' ) );
#2261 = EDGE_LOOP ( 'NONE', ( #1331, #3487, #5039, #2232 ) ) ;
#2262 = SURFACE_STYLE_FILL_AREA ( #4823 ) ;
#2263 = VECTOR ( 'NONE', #455, 1000.000000000000000 ) ;
#2264 = EDGE_CURVE ( 'NONE', #4026, #438, #4686, .T. ) ;
#2265 = DIRECTION ( 'NONE',  ( 0.9610664548998864000, -0.0000000000000000000, 0.2763173343570120000 ) ) ;
#2266 = ORIENTED_EDGE ( 'NONE', *, *, #96, .T. ) ;
#2267 = COLOUR_RGB ( '',0.8980392156862745400, 0.9215686274509803400, 0.9294117647058823800 ) ;
#2268 = VERTEX_POINT ( 'NONE', #3152 ) ;
#2269 = DIRECTION ( 'NONE',  ( 0.0000000000000000000, -0.0000000000000000000, 1.000000000000000000 ) ) ;
#2270 = VECTOR ( 'NONE', #3387, 1000.000000000000000 ) ;
#2271 = PRESENTATION_LAYER_ASSIGNMENT (  '', '', ( #1714 ) ) ;
#2272 = DIRECTION ( 'NONE',  ( 0.2746459304916875600, 0.0000000000000000000, -0.9615454294334485600 ) ) ;
#2273 = EDGE_CURVE ( 'NONE', #4572, #4194, #3807, .T. ) ;
#2274 = DIRECTION ( 'NONE',  ( -0.7059037656364863800, -0.0000000000000000000, 0.7083077534943611500 ) ) ;
#2275 = CARTESIAN_POINT ( 'NONE',  ( 7.450000000000000200, -4.049999999999999800, -8.409999999999998400 ) ) ;
#2276 = LINE ( 'NONE', #2243, #4738 ) ;
#2277 = FILL_AREA_STYLE_COLOUR ( '', #857 ) ;
#2278 = ADVANCED_FACE ( 'NONE', ( #606 ), #3588, .F. ) ;
#2279 = MECHANICAL_DESIGN_GEOMETRIC_PRESENTATION_REPRESENTATION (  '', ( #4137 ), #4327 ) ;
#2280 = CARTESIAN_POINT ( 'NONE',  ( 1.669999999999999700, -4.049999999999999800, -0.9650000000000345000 ) ) ;
#2281 =( NAMED_UNIT ( * ) PLANE_ANGLE_UNIT ( ) SI_UNIT ( $, .RADIAN. ) );
#2282 = MECHANICAL_DESIGN_GEOMETRIC_PRESENTATION_REPRESENTATION (  '', ( #1127 ), #3248 ) ;
#2283 = CARTESIAN_POINT ( 'NONE',  ( 9.448968307528209800, 5.051000000000001000, -4.972348877486177300 ) ) ;
#2284 = EDGE_LOOP ( 'NONE', ( #1347, #1157, #2961, #3338 ) ) ;
#2285 = MECHANICAL_DESIGN_GEOMETRIC_PRESENTATION_REPRESENTATION (  '', ( #4548 ), #734 ) ;
#2286 = CARTESIAN_POINT ( 'NONE',  ( 11.82999999999999700, 0.0000000000000000000, -0.6149999999999989900 ) ) ;
#2287 = CARTESIAN_POINT ( 'NONE',  ( 11.82999999999999700, -4.049999999999999800, -0.6149999999999989900 ) ) ;
#2288 = SURFACE_STYLE_USAGE ( .BOTH. , #4767 ) ;
#2289 = EDGE_LOOP ( 'NONE', ( #2446, #4517, #4522, #4446 ) ) ;
#2290 = DIRECTION ( 'NONE',  ( -0.0000000000000000000, -1.000000000000000000, -0.0000000000000000000 ) ) ;
#2291 = CARTESIAN_POINT ( 'NONE',  ( 3.640000000000000100, 0.0000000000000000000, -0.2000000000000000100 ) ) ;
#2292 = FILL_AREA_STYLE ('',( #5193 ) ) ;
#2293 = EDGE_LOOP ( 'NONE', ( #3391, #4220 ) ) ;
#2294 = CARTESIAN_POINT ( 'NONE',  ( 4.358931573360483600, 5.050000000000000700, -3.996226937848596600 ) ) ;
#2295 = SURFACE_SIDE_STYLE ('',( #279 ) ) ;
#2296 = DIRECTION ( 'NONE',  ( -0.0000000000000000000, 0.0000000000000000000, 1.000000000000000000 ) ) ;
#2297 = AXIS2_PLACEMENT_3D ( 'NONE', #2700, #3486, #3506 ) ;
#2298 = ORIENTED_EDGE ( 'NONE', *, *, #828, .T. ) ;
#2299 = CARTESIAN_POINT ( 'NONE',  ( 4.014950853507274400, 5.050000000000000700, -3.996226937848596600 ) ) ;
#2300 = UNCERTAINTY_MEASURE_WITH_UNIT (LENGTH_MEASURE( 1.000000000000000100E-005 ), #1048, 'distance_accuracy_value', 'NONE');
#2301 = PRESENTATION_LAYER_ASSIGNMENT (  '', '', ( #2770 ) ) ;
#2302 = CARTESIAN_POINT ( 'NONE',  ( 10.91000000000000000, 7.426175779181613300E-016, 0.0000000000000000000 ) ) ;
#2303 = PRESENTATION_STYLE_ASSIGNMENT (( #4894 ) ) ;
#2304 = FILL_AREA_STYLE ('',( #4367 ) ) ;
#2305 = EDGE_CURVE ( 'NONE', #3427, #1218, #4072, .T. ) ;
#2306 = ORIENTED_EDGE ( 'NONE', *, *, #10, .F. ) ;
#2307 = DIRECTION ( 'NONE',  ( -0.0000000000000000000, -0.0000000000000000000, 1.000000000000000000 ) ) ;
#2308 = ORIENTED_EDGE ( 'NONE', *, *, #4419, .T. ) ;
#2309 = FACE_OUTER_BOUND ( 'NONE', #4005, .T. ) ;
#2310 = ADVANCED_FACE ( 'NONE', ( #1581 ), #2570, .F. ) ;
#2311 = SURFACE_STYLE_USAGE ( .BOTH. , #4795 ) ;
#2312 = CARTESIAN_POINT ( 'NONE',  ( 7.449999999999999300, 0.0000000000000000000, -8.585000000000000900 ) ) ;
#2313 = ORIENTED_EDGE ( 'NONE', *, *, #2976, .T. ) ;
#2314 = SURFACE_STYLE_USAGE ( .BOTH. , #686 ) ;
#2315 = DIRECTION ( 'NONE',  ( 0.0000000000000000000, 0.0000000000000000000, -1.000000000000000000 ) ) ;
#2316 = FILL_AREA_STYLE_COLOUR ( '', #2091 ) ;
#2317 = VECTOR ( 'NONE', #315, 1000.000000000000000 ) ;
#2318 = SURFACE_STYLE_USAGE ( .BOTH. , #2295 ) ;
#2319 = ORIENTED_EDGE ( 'NONE', *, *, #506, .F. ) ;
#2320 = VECTOR ( 'NONE', #714, 1000.000000000000000 ) ;
#2321 = MECHANICAL_DESIGN_GEOMETRIC_PRESENTATION_REPRESENTATION (  '', ( #1136 ), #2633 ) ;
#2322 = DIRECTION ( 'NONE',  ( -0.0000000000000000000, -1.000000000000000000, -0.0000000000000000000 ) ) ;
#2323 = ORIENTED_EDGE ( 'NONE', *, *, #718, .F. ) ;
#2324 = EDGE_CURVE ( 'NONE', #927, #2422, #1505, .T. ) ;
#2325 = VECTOR ( 'NONE', #475, 1000.000000000000000 ) ;
#2326 = FACE_OUTER_BOUND ( 'NONE', #4980, .T. ) ;
#2327 = UNCERTAINTY_MEASURE_WITH_UNIT (LENGTH_MEASURE( 1.000000000000000100E-005 ), #496, 'distance_accuracy_value', 'NONE');
#2328 = EDGE_LOOP ( 'NONE', ( #1118, #3941, #4913, #1930, #2251, #3298, #2, #4753, #2709, #1474, #4715, #3878, #2016, #2202, #213, #4282, #3507 ) ) ;
#2329 = LINE ( 'NONE', #2358, #5175 ) ;
#2330 =( NAMED_UNIT ( * ) PLANE_ANGLE_UNIT ( ) SI_UNIT ( $, .RADIAN. ) );
#2331 = ORIENTED_EDGE ( 'NONE', *, *, #1242, .F. ) ;
#2332 = CARTESIAN_POINT ( 'NONE',  ( 0.0000000000000000000, 5.050000000000000700, 0.0000000000000000000 ) ) ;
#2333 = VECTOR ( 'NONE', #4641, 1000.000000000000000 ) ;
#2334 = CARTESIAN_POINT ( 'NONE',  ( 9.289999999999997400, -4.049999999999999800, -8.235000000000001200 ) ) ;
#2335 = SURFACE_STYLE_USAGE ( .BOTH. , #5228 ) ;
#2336 = VERTEX_POINT ( 'NONE', #3785 ) ;
#2337 = FILL_AREA_STYLE ('',( #312 ) ) ;
#2338 = FILL_AREA_STYLE_COLOUR ( '', #4900 ) ;
#2339 =( NAMED_UNIT ( * ) PLANE_ANGLE_UNIT ( ) SI_UNIT ( $, .RADIAN. ) );
#2340 = MECHANICAL_DESIGN_GEOMETRIC_PRESENTATION_REPRESENTATION (  '', ( #1601 ), #941 ) ;
#2341 = CARTESIAN_POINT ( 'NONE',  ( 7.449999999999999300, -4.049999999999999800, -0.9649999999999990800 ) ) ;
#2342 = FACE_OUTER_BOUND ( 'NONE', #757, .T. ) ;
#2343 =( NAMED_UNIT ( * ) SI_UNIT ( $, .STERADIAN. ) SOLID_ANGLE_UNIT ( ) );
#2344 = FACE_OUTER_BOUND ( 'NONE', #2945, .T. ) ;
#2345 = MECHANICAL_DESIGN_GEOMETRIC_PRESENTATION_REPRESENTATION (  '', ( #1232 ), #3748 ) ;
#2346 = ADVANCED_FACE ( 'NONE', ( #675 ), #5015, .F. ) ;
#2347 = DIRECTION ( 'NONE',  ( -1.000000000000000000, 0.0000000000000000000, -0.0000000000000000000 ) ) ;
#2348 =( LENGTH_UNIT ( ) NAMED_UNIT ( * ) SI_UNIT ( .MILLI., .METRE. ) );
#2349 = EDGE_CURVE ( 'NONE', #450, #4241, #3365, .T. ) ;
#2350 = DIRECTION ( 'NONE',  ( 0.9610348236706628400, -0.0000000000000000000, 0.2764273280489793500 ) ) ;
#2351 = ORIENTED_EDGE ( 'NONE', *, *, #4996, .F. ) ;
#2352 = VECTOR ( 'NONE', #1964, 1000.000000000000100 ) ;
#2353 = VERTEX_POINT ( 'NONE', #2952 ) ;
#2354 = LINE ( 'NONE', #2280, #1248 ) ;
#2355 = DIRECTION ( 'NONE',  ( 0.0000000000000000000, 0.0000000000000000000, -1.000000000000000000 ) ) ;
#2356 = PRESENTATION_LAYER_ASSIGNMENT (  '', '', ( #680 ) ) ;
#2357 = LINE ( 'NONE', #4862, #2891 ) ;
#2358 = CARTESIAN_POINT ( 'NONE',  ( 7.573578721878718100, 5.050000000000000700, -5.205917668354676800 ) ) ;
#2359 = PLANE ( 'NONE',  #1790 ) ;
#2360 = CARTESIAN_POINT ( 'NONE',  ( 0.0000000000000000000, 5.050000000000000700, -9.199999999999999300 ) ) ;
#2361 = AXIS2_PLACEMENT_3D ( 'NONE', #5123, #3482, #4650 ) ;
#2362 = FILL_AREA_STYLE_COLOUR ( '', #4380 ) ;
#2363 = DIRECTION ( 'NONE',  ( -0.0000000000000000000, -1.000000000000000000, -0.0000000000000000000 ) ) ;
#2364 = CARTESIAN_POINT ( 'NONE',  ( 4.559164922421128800, 5.051000000000001000, -4.690058771941092900 ) ) ;
#2365 = CARTESIAN_POINT ( 'NONE',  ( 8.311767360338938800, 5.050000000000000700, -4.226415471414234100 ) ) ;
#2366 = CARTESIAN_POINT ( 'NONE',  ( 0.0000000000000000000, 0.0000000000000000000, 0.0000000000000000000 ) ) ;
#2367 = EDGE_CURVE ( 'NONE', #3613, #4246, #1124, .T. ) ;
#2368 = ORIENTED_EDGE ( 'NONE', *, *, #3799, .F. ) ;
#2369 = FILL_AREA_STYLE_COLOUR ( '', #242 ) ;
#2370 = PLANE ( 'NONE',  #4291 ) ;
#2371 =( NAMED_UNIT ( * ) PLANE_ANGLE_UNIT ( ) SI_UNIT ( $, .RADIAN. ) );
#2372 = AXIS2_PLACEMENT_3D ( 'NONE', #2275, #4413, #1111 ) ;
#2373 = COLOUR_RGB ( '',0.6941176470588235100, 0.09803921568627450800, 0.09803921568627450800 ) ;
#2374 = DIRECTION ( 'NONE',  ( -0.0000000000000000000, -1.000000000000000000, -0.0000000000000000000 ) ) ;
#2375 = ORIENTED_EDGE ( 'NONE', *, *, #3670, .F. ) ;
#2376 = CARTESIAN_POINT ( 'NONE',  ( 7.450000000000000200, 0.0000000000000000000, -8.409999999999998400 ) ) ;
#2377 = DIRECTION ( 'NONE',  ( -0.0000000000000000000, -1.000000000000000000, -0.0000000000000000000 ) ) ;
#2378 = CARTESIAN_POINT ( 'NONE',  ( 6.865940461821950600, 5.051000000000001000, -3.996226937848596600 ) ) ;
#2379 = ORIENTED_EDGE ( 'NONE', *, *, #3392, .T. ) ;
#2380 = ADVANCED_FACE ( 'NONE', ( #5144 ), #1437, .T. ) ;
#2381 = ORIENTED_EDGE ( 'NONE', *, *, #1859, .F. ) ;
#2382 = CARTESIAN_POINT ( 'NONE',  ( 6.328972429650926700, 5.051000000000001000, -4.527026645098537500 ) ) ;
#2383 = CARTESIAN_POINT ( 'NONE',  ( 10.19181571253225500, 5.051000000000001000, -5.205917668354676800 ) ) ;
#2384 = SURFACE_SIDE_STYLE ('',( #1241 ) ) ;
#2385 = SHAPE_DEFINITION_REPRESENTATION ( #4203, #3756 ) ;
#2386 = CARTESIAN_POINT ( 'NONE',  ( 1.669999999999999700, -4.049999999999999800, -0.9650000000000345000 ) ) ;
#2387 = FILL_AREA_STYLE_COLOUR ( '', #4284 ) ;
#2388 = DIRECTION ( 'NONE',  ( 0.0000000000000000000, 0.0000000000000000000, -1.000000000000000000 ) ) ;
#2389 = PRESENTATION_LAYER_ASSIGNMENT (  '', '', ( #1260 ) ) ;
#2390 = APPLICATION_CONTEXT ( 'automotive_design' ) ;
#2391 = ORIENTED_EDGE ( 'NONE', *, *, #3378, .F. ) ;
#2392 = SURFACE_STYLE_FILL_AREA ( #2484 ) ;
#2393 = DIRECTION ( 'NONE',  ( -0.4443210308329204100, 0.0000000000000000000, 0.8958676361826958300 ) ) ;
#2394 = UNCERTAINTY_MEASURE_WITH_UNIT (LENGTH_MEASURE( 1.000000000000000100E-005 ), #2801, 'distance_accuracy_value', 'NONE');
#2395 = CARTESIAN_POINT ( 'NONE',  ( 6.490253737695161000, 5.051000000000001000, -4.975659249163766300 ) ) ;
#2396 =( LENGTH_UNIT ( ) NAMED_UNIT ( * ) SI_UNIT ( .MILLI., .METRE. ) );
#2397 = ORIENTED_EDGE ( 'NONE', *, *, #4966, .F. ) ;
#2398 = VECTOR ( 'NONE', #4476, 1000.000000000000000 ) ;
#2399 = AXIS2_PLACEMENT_3D ( 'NONE', #364, #786, #1637 ) ;
#2400 = EDGE_CURVE ( 'NONE', #5183, #3367, #4749, .T. ) ;
#2401 = EDGE_LOOP ( 'NONE', ( #762, #4902, #4069, #1917 ) ) ;
#2402 = CARTESIAN_POINT ( 'NONE',  ( 6.392847890230885200, 5.051000000000001000, -4.750656964556244900 ) ) ;
#2403 =( GEOMETRIC_REPRESENTATION_CONTEXT ( 3 ) GLOBAL_UNCERTAINTY_ASSIGNED_CONTEXT ( ( #1735 ) ) GLOBAL_UNIT_ASSIGNED_CONTEXT ( ( #5319, #4462, #776 ) ) REPRESENTATION_CONTEXT ( 'NONE', 'WORKASPACE' ) );
#2404 =( NAMED_UNIT ( * ) PLANE_ANGLE_UNIT ( ) SI_UNIT ( $, .RADIAN. ) );
#2405 = CARTESIAN_POINT ( 'NONE',  ( 4.209999999999999100, 0.0000000000000000000, -0.9650000000000168400 ) ) ;
#2406 =( NAMED_UNIT ( * ) SI_UNIT ( $, .STERADIAN. ) SOLID_ANGLE_UNIT ( ) );
#2407 = VERTEX_POINT ( 'NONE', #4171 ) ;
#2408 = CARTESIAN_POINT ( 'NONE',  ( 7.191475823436544300, 5.051000000000001000, -5.205917668354676800 ) ) ;
#2409 = DIRECTION ( 'NONE',  ( 1.000000000000000000, 0.0000000000000000000, 0.0000000000000000000 ) ) ;
#2410 = DIRECTION ( 'NONE',  ( -0.2755520632520549500, 0.0000000000000000000, 0.9612861490927326900 ) ) ;
#2411 = PRESENTATION_STYLE_ASSIGNMENT (( #4306 ) ) ;
#2412 = ORIENTED_EDGE ( 'NONE', *, *, #2790, .T. ) ;
#2413 = COLOUR_RGB ( '',1.000000000000000000, 1.000000000000000000, 1.000000000000000000 ) ;
#2414 = LINE ( 'NONE', #142, #405 ) ;
#2415 = AXIS2_PLACEMENT_3D ( 'NONE', #4593, #4952, #2479 ) ;
#2417 = SURFACE_STYLE_FILL_AREA ( #2677 ) ;
#2416 = CARTESIAN_POINT ( 'NONE',  ( 7.573578721878718100, 5.051000000000001000, -5.205917668354676800 ) ) ;
#2418 = CARTESIAN_POINT ( 'NONE',  ( 0.0000000000000000000, 5.050999999999999300, 0.0000000000000000000 ) ) ;
#2419 = EDGE_CURVE ( 'NONE', #819, #4933, #749, .T. ) ;
#2420 = CARTESIAN_POINT ( 'NONE',  ( 7.759700354169154900, 5.051000000000001000, -5.078369047688200400 ) ) ;
#2421 = ORIENTED_EDGE ( 'NONE', *, *, #4579, .F. ) ;
#2422 = VERTEX_POINT ( 'NONE', #4620 ) ;
#2423 = CARTESIAN_POINT ( 'NONE',  ( 7.759700354169154900, 5.051000000000001000, -5.078369047688200400 ) ) ;
#2424 = FACE_OUTER_BOUND ( 'NONE', #3776, .T. ) ;
#2425 = ORIENTED_EDGE ( 'NONE', *, *, #3054, .T. ) ;
#2426 = DIRECTION ( 'NONE',  ( -0.0000000000000000000, -1.000000000000000000, -0.0000000000000000000 ) ) ;
#2427 = VECTOR ( 'NONE', #4211, 1000.000000000000000 ) ;
#2428 = DIRECTION ( 'NONE',  ( 1.000000000000000000, 0.0000000000000000000, 0.0000000000000000000 ) ) ;
#2429 = DIRECTION ( 'NONE',  ( 0.0000000000000000000, 0.0000000000000000000, -1.000000000000000000 ) ) ;
#2430 =( LENGTH_UNIT ( ) NAMED_UNIT ( * ) SI_UNIT ( .MILLI., .METRE. ) );
#2431 = SURFACE_STYLE_FILL_AREA ( #4869 ) ;
#2432 = MECHANICAL_DESIGN_GEOMETRIC_PRESENTATION_REPRESENTATION (  '', ( #1013 ), #4185 ) ;
#2433 = VECTOR ( 'NONE', #1956, 1000.000000000000000 ) ;
#2434 = DIRECTION ( 'NONE',  ( 1.000000000000000000, 0.0000000000000000000, -0.0000000000000000000 ) ) ;
#2435 = LINE ( 'NONE', #295, #1634 ) ;
#2436 =( GEOMETRIC_REPRESENTATION_CONTEXT ( 3 ) GLOBAL_UNCERTAINTY_ASSIGNED_CONTEXT ( ( #3321 ) ) GLOBAL_UNIT_ASSIGNED_CONTEXT ( ( #2163, #916, #477 ) ) REPRESENTATION_CONTEXT ( 'NONE', 'WORKASPACE' ) );
#2437 = FILL_AREA_STYLE ('',( #4001 ) ) ;
#2438 = EDGE_CURVE ( 'NONE', #1464, #87, #3921, .T. ) ;
#2439 = CARTESIAN_POINT ( 'NONE',  ( 5.873634483847332900, 5.050000000000000700, -4.750656964556244900 ) ) ;
#2440 = LINE ( 'NONE', #3957, #810 ) ;
#2441 = COLOUR_RGB ( '',1.000000000000000000, 1.000000000000000000, 1.000000000000000000 ) ;
#2442 = AXIS2_PLACEMENT_3D ( 'NONE', #4431, #220, #2776 ) ;
#2443 = CARTESIAN_POINT ( 'NONE',  ( 5.661972997095286800, 5.050000000000000700, -5.205917668354676800 ) ) ;
#2444 = FILL_AREA_STYLE ('',( #1567 ) ) ;
#2445 = MECHANICAL_DESIGN_GEOMETRIC_PRESENTATION_REPRESENTATION (  '', ( #2048 ), #3289 ) ;
#2446 = ORIENTED_EDGE ( 'NONE', *, *, #2958, .T. ) ;
#2447 = FILL_AREA_STYLE ('',( #1997 ) ) ;
#2448 =( NAMED_UNIT ( * ) PLANE_ANGLE_UNIT ( ) SI_UNIT ( $, .RADIAN. ) );
#2449 = DIRECTION ( 'NONE',  ( 1.000000000000000000, 0.0000000000000000000, 0.0000000000000000000 ) ) ;
#2450 = EDGE_CURVE ( 'NONE', #1088, #157, #2512, .T. ) ;
#2451 = DIRECTION ( 'NONE',  ( 0.0000000000000000000, 0.0000000000000000000, -1.000000000000000000 ) ) ;
#2452 = PRESENTATION_STYLE_ASSIGNMENT (( #1036 ) ) ;
#2453 = ORIENTED_EDGE ( 'NONE', *, *, #1215, .F. ) ;
#2454 =( NAMED_UNIT ( * ) PLANE_ANGLE_UNIT ( ) SI_UNIT ( $, .RADIAN. ) );
#2455 = CARTESIAN_POINT ( 'NONE',  ( 2.369999999999999700, -4.049999999999999800, -0.6150000000000344100 ) ) ;
#2456 = VECTOR ( 'NONE', #2589, 1000.000000000000100 ) ;
#2457 = ORIENTED_EDGE ( 'NONE', *, *, #2039, .F. ) ;
#2458 =( NAMED_UNIT ( * ) SI_UNIT ( $, .STERADIAN. ) SOLID_ANGLE_UNIT ( ) );
#2459 =( NAMED_UNIT ( * ) SI_UNIT ( $, .STERADIAN. ) SOLID_ANGLE_UNIT ( ) );
#2460 = LINE ( 'NONE', #3683, #99 ) ;
#2461 =( NAMED_UNIT ( * ) SI_UNIT ( $, .STERADIAN. ) SOLID_ANGLE_UNIT ( ) );
#2462 = PRESENTATION_LAYER_ASSIGNMENT (  '', '', ( #670 ) ) ;
#2463 = VERTEX_POINT ( 'NONE', #569 ) ;
#2464 = DIRECTION ( 'NONE',  ( 0.7145695586381823900, -0.0000000000000000000, -0.6995643972270410000 ) ) ;
#2465 = LINE ( 'NONE', #723, #5302 ) ;
#2466 = FILL_AREA_STYLE_COLOUR ( '', #2620 ) ;
#2467 = AXIS2_PLACEMENT_3D ( 'NONE', #4735, #2269, #197 ) ;
#2468 = EDGE_LOOP ( 'NONE', ( #292, #5023, #4733, #437 ) ) ;
#2469 =( NAMED_UNIT ( * ) PLANE_ANGLE_UNIT ( ) SI_UNIT ( $, .RADIAN. ) );
#2470 = FACE_OUTER_BOUND ( 'NONE', #3935, .T. ) ;
#2471 = ADVANCED_FACE ( 'NONE', ( #5283 ), #3801, .F. ) ;
#2472 = FILL_AREA_STYLE_COLOUR ( '', #1875 ) ;
#2473 = SURFACE_STYLE_FILL_AREA ( #283 ) ;
#2474 = ORIENTED_EDGE ( 'NONE', *, *, #3545, .T. ) ;
#2475 = MECHANICAL_DESIGN_GEOMETRIC_PRESENTATION_REPRESENTATION (  '', ( #3239 ), #120 ) ;
#2476 = VECTOR ( 'NONE', #2205, 1000.000000000000100 ) ;
#2477 = EDGE_CURVE ( 'NONE', #5304, #1259, #3804, .T. ) ;
#2478 = ORIENTED_EDGE ( 'NONE', *, *, #537, .F. ) ;
#2479 = DIRECTION ( 'NONE',  ( 0.7059037656364863800, 0.0000000000000000000, -0.7083077534943610400 ) ) ;
#2480 = EDGE_LOOP ( 'NONE', ( #2195, #4138, #1391, #2266 ) ) ;
#2481 = LINE ( 'NONE', #4372, #5109 ) ;
#2482 = CARTESIAN_POINT ( 'NONE',  ( 8.526860599064679700, 5.051000000000001000, -4.975618789064136600 ) ) ;
#2483 = PRESENTATION_LAYER_ASSIGNMENT (  '', '', ( #2856 ) ) ;
#2484 = FILL_AREA_STYLE ('',( #2500 ) ) ;
#2485 = ORIENTED_EDGE ( 'NONE', *, *, #162, .F. ) ;
#2486 = EDGE_CURVE ( 'NONE', #3992, #450, #997, .T. ) ;
#2487 = PRESENTATION_STYLE_ASSIGNMENT (( #1650 ) ) ;
#2488 = PLANE ( 'NONE',  #4804 ) ;
#2489 = LINE ( 'NONE', #4288, #4274 ) ;
#2490 = STYLED_ITEM ( 'NONE', ( #4003 ), #3756 ) ;
#2491 = ORIENTED_EDGE ( 'NONE', *, *, #2039, .T. ) ;
#2492 = VECTOR ( 'NONE', #4892, 1000.000000000000000 ) ;
#2493 = PRESENTATION_STYLE_ASSIGNMENT (( #2314 ) ) ;
#2494 = LINE ( 'NONE', #2719, #3207 ) ;
#2495 = DIRECTION ( 'NONE',  ( 0.0000000000000000000, 0.0000000000000000000, 1.000000000000000000 ) ) ;
#2496 = UNCERTAINTY_MEASURE_WITH_UNIT (LENGTH_MEASURE( 1.000000000000000100E-005 ), #2780, 'distance_accuracy_value', 'NONE');
#2497 =( NAMED_UNIT ( * ) SI_UNIT ( $, .STERADIAN. ) SOLID_ANGLE_UNIT ( ) );
#2498 = VECTOR ( 'NONE', #983, 1000.000000000000000 ) ;
#2499 = ADVANCED_FACE ( 'NONE', ( #4899 ), #4285, .F. ) ;
#2500 = FILL_AREA_STYLE_COLOUR ( '', #2111 ) ;
#2501 = EDGE_CURVE ( 'NONE', #5183, #1892, #90, .T. ) ;
#2502 = DIRECTION ( 'NONE',  ( -0.0000000000000000000, 0.0000000000000000000, -1.000000000000000000 ) ) ;
#2503 = CARTESIAN_POINT ( 'NONE',  ( 5.073273000045511500, 5.050000000000000700, -5.205917668354676800 ) ) ;
#2504 = FACE_OUTER_BOUND ( 'NONE', #3998, .T. ) ;
#2505 = CARTESIAN_POINT ( 'NONE',  ( 6.749999999999999100, 0.0000000000000000000, -0.9649999999999990800 ) ) ;
#2506 = EDGE_CURVE ( 'NONE', #4256, #4093, #3809, .T. ) ;
#2507 = CARTESIAN_POINT ( 'NONE',  ( 0.0000000000000000000, -4.049999999999999800, 0.0000000000000000000 ) ) ;
#2508 = FACE_OUTER_BOUND ( 'NONE', #1829, .T. ) ;
#2509 = ORIENTED_EDGE ( 'NONE', *, *, #3428, .F. ) ;
#2510 = MECHANICAL_DESIGN_GEOMETRIC_PRESENTATION_REPRESENTATION (  '', ( #4165 ), #1654 ) ;
#2511 = CARTESIAN_POINT ( 'NONE',  ( 2.369999999999999700, -4.049999999999999800, -0.9650000000000345000 ) ) ;
#2512 = LINE ( 'NONE', #2131, #597 ) ;
#2513 = UNCERTAINTY_MEASURE_WITH_UNIT (LENGTH_MEASURE( 1.000000000000000100E-005 ), #4386, 'distance_accuracy_value', 'NONE');
#2514 = SURFACE_STYLE_USAGE ( .BOTH. , #4560 ) ;
#2515 = ORIENTED_EDGE ( 'NONE', *, *, #3327, .F. ) ;
#2516 = PRESENTATION_LAYER_ASSIGNMENT (  '', '', ( #3511 ) ) ;
#2517 = ORIENTED_EDGE ( 'NONE', *, *, #4298, .T. ) ;
#2518 = EDGE_LOOP ( 'NONE', ( #228, #2159, #2748, #3999 ) ) ;
#2519 = DIRECTION ( 'NONE',  ( -0.0000000000000000000, 1.000000000000000000, -0.0000000000000000000 ) ) ;
#2520 = EDGE_CURVE ( 'NONE', #2720, #3023, #4365, .T. ) ;
#2521 = SURFACE_STYLE_USAGE ( .BOTH. , #2977 ) ;
#2522 = ADVANCED_FACE ( 'NONE', ( #2973 ), #1000, .F. ) ;
#2523 = ORIENTED_EDGE ( 'NONE', *, *, #4199, .T. ) ;
#2524 = CARTESIAN_POINT ( 'NONE',  ( 2.940000000000000800, 0.0000000000000000000, -9.000000000000000000 ) ) ;
#2525 = VECTOR ( 'NONE', #756, 1000.000000000000000 ) ;
#2526 = VECTOR ( 'NONE', #4851, 1000.000000000000000 ) ;
#2527 = EDGE_LOOP ( 'NONE', ( #3639, #561, #602, #1786 ) ) ;
#2528 = DIRECTION ( 'NONE',  ( 0.0000000000000000000, 0.0000000000000000000, -1.000000000000000000 ) ) ;
#2529 =( NAMED_UNIT ( * ) PLANE_ANGLE_UNIT ( ) SI_UNIT ( $, .RADIAN. ) );
#2530 = COLOUR_RGB ( '',1.000000000000000000, 1.000000000000000000, 1.000000000000000000 ) ;
#2531 = STYLED_ITEM ( 'NONE', ( #2670 ), #3324 ) ;
#2532 = FACE_OUTER_BOUND ( 'NONE', #1058, .T. ) ;
#2533 = VECTOR ( 'NONE', #5088, 1000.000000000000000 ) ;
#2534 = ORIENTED_EDGE ( 'NONE', *, *, #2738, .F. ) ;
#2535 =( NAMED_UNIT ( * ) SI_UNIT ( $, .STERADIAN. ) SOLID_ANGLE_UNIT ( ) );
#2536 =( GEOMETRIC_REPRESENTATION_CONTEXT ( 3 ) GLOBAL_UNCERTAINTY_ASSIGNED_CONTEXT ( ( #814 ) ) GLOBAL_UNIT_ASSIGNED_CONTEXT ( ( #3947, #1840, #181 ) ) REPRESENTATION_CONTEXT ( 'NONE', 'WORKASPACE' ) );
#2537 = CARTESIAN_POINT ( 'NONE',  ( 4.909999999999999300, 0.0000000000000000000, -0.6150000000000165300 ) ) ;
#2538 = COLOUR_RGB ( '',1.000000000000000000, 1.000000000000000000, 1.000000000000000000 ) ;
#2539 = EDGE_CURVE ( 'NONE', #80, #4589, #2757, .T. ) ;
#2540 = COLOUR_RGB ( '',1.000000000000000000, 1.000000000000000000, 1.000000000000000000 ) ;
#2541 = EDGE_LOOP ( 'NONE', ( #5288, #5178, #2515, #325 ) ) ;
#2542 = COLOUR_RGB ( '',1.000000000000000000, 1.000000000000000000, 1.000000000000000000 ) ;
#2543 = LINE ( 'NONE', #4633, #3500 ) ;
#2544 = UNCERTAINTY_MEASURE_WITH_UNIT (LENGTH_MEASURE( 1.000000000000000100E-005 ), #4985, 'distance_accuracy_value', 'NONE');
#2545 = SURFACE_STYLE_USAGE ( .BOTH. , #844 ) ;
#2546 = ORIENTED_EDGE ( 'NONE', *, *, #2096, .F. ) ;
#2547 = VECTOR ( 'NONE', #3064, 1000.000000000000000 ) ;
#2548 = VERTEX_POINT ( 'NONE', #164 ) ;
#2549 = SURFACE_STYLE_USAGE ( .BOTH. , #3014 ) ;
#2550 = ORIENTED_EDGE ( 'NONE', *, *, #1084, .F. ) ;
#2551 =( LENGTH_UNIT ( ) NAMED_UNIT ( * ) SI_UNIT ( .MILLI., .METRE. ) );
#2552 = LINE ( 'NONE', #4569, #257 ) ;
#2553 = MECHANICAL_DESIGN_GEOMETRIC_PRESENTATION_REPRESENTATION (  '', ( #1476 ), #582 ) ;
#2554 = ADVANCED_FACE ( 'NONE', ( #934 ), #4664, .F. ) ;
#2555 = EDGE_CURVE ( 'NONE', #1653, #4510, #1899, .T. ) ;
#2556 = VERTEX_POINT ( 'NONE', #3518 ) ;
#2557 = DIRECTION ( 'NONE',  ( 0.0000000000000000000, -0.0000000000000000000, 1.000000000000000000 ) ) ;
#2558 = DIRECTION ( 'NONE',  ( -0.0000000000000000000, -1.000000000000000000, -0.0000000000000000000 ) ) ;
#2559 = MECHANICAL_DESIGN_GEOMETRIC_PRESENTATION_REPRESENTATION (  '', ( #5070 ), #2830 ) ;
#2560 = DIRECTION ( 'NONE',  ( 1.000000000000000000, 0.0000000000000000000, 0.0000000000000000000 ) ) ;
#2561 = VECTOR ( 'NONE', #3446, 1000.000000000000000 ) ;
#2562 = ORIENTED_EDGE ( 'NONE', *, *, #1965, .T. ) ;
#2563 = DIRECTION ( 'NONE',  ( 1.000000000000000000, -0.0000000000000000000, -0.0000000000000000000 ) ) ;
#2564 = UNCERTAINTY_MEASURE_WITH_UNIT (LENGTH_MEASURE( 1.000000000000000100E-005 ), #347, 'distance_accuracy_value', 'NONE');
#2565 = FILL_AREA_STYLE_COLOUR ( '', #4491 ) ;
#2566 = LINE ( 'NONE', #2294, #3977 ) ;
#2567 = CARTESIAN_POINT ( 'NONE',  ( 0.0000000000000000000, 0.0000000000000000000, -9.000000000000000000 ) ) ;
#2568 = CARTESIAN_POINT ( 'NONE',  ( 0.0000000000000000000, 0.0000000000000000000, 0.0000000000000000000 ) ) ;
#2569 = EDGE_CURVE ( 'NONE', #2996, #4026, #3929, .T. ) ;
#2570 = PLANE ( 'NONE',  #3888 ) ;
#2571 = DIRECTION ( 'NONE',  ( -0.0000000000000000000, -1.000000000000000000, -0.0000000000000000000 ) ) ;
#2572 = DIRECTION ( 'NONE',  ( -1.000000000000000000, 0.0000000000000000000, 0.0000000000000000000 ) ) ;
#2573 = ADVANCED_FACE ( 'NONE', ( #3537 ), #3968, .F. ) ;
#2574 = ORIENTED_EDGE ( 'NONE', *, *, #3313, .F. ) ;
#2575 = EDGE_CURVE ( 'NONE', #817, #3747, #5152, .T. ) ;
#2576 = DIRECTION ( 'NONE',  ( 4.956352788505119300E-015, -0.0000000000000000000, 1.000000000000000000 ) ) ;
#2577 = ORIENTED_EDGE ( 'NONE', *, *, #4538, .T. ) ;
#2578 = STYLED_ITEM ( 'NONE', ( #1707 ), #2346 ) ;
#2579 = DIRECTION ( 'NONE',  ( 0.9984327301130245800, -0.0000000000000000000, 0.05596501978068263400 ) ) ;
#2580 = ORIENTED_EDGE ( 'NONE', *, *, #2599, .F. ) ;
#2581 = PRESENTATION_LAYER_ASSIGNMENT (  '', '', ( #4711 ) ) ;
#2582 =( NAMED_UNIT ( * ) PLANE_ANGLE_UNIT ( ) SI_UNIT ( $, .RADIAN. ) );
#2583 = VECTOR ( 'NONE', #285, 1000.000000000000000 ) ;
#2584 = ORIENTED_EDGE ( 'NONE', *, *, #5186, .T. ) ;
#2585 = FILL_AREA_STYLE_COLOUR ( '', #316 ) ;
#2586 = VECTOR ( 'NONE', #4456, 1000.000000000000000 ) ;
#2587 = ORIENTED_EDGE ( 'NONE', *, *, #4070, .T. ) ;
#2588 = LINE ( 'NONE', #3439, #3563 ) ;
#2589 = DIRECTION ( 'NONE',  ( 0.2755265765475192800, -0.0000000000000000000, -0.9612934544747529000 ) ) ;
#2590 = SURFACE_STYLE_USAGE ( .BOTH. , #897 ) ;
#2591 = EDGE_LOOP ( 'NONE', ( #1911, #3312, #309, #4783 ) ) ;
#2592 = CARTESIAN_POINT ( 'NONE',  ( 8.311767360338937000, 5.051000000000001000, -4.226415471414234100 ) ) ;
#2593 = LINE ( 'NONE', #1130, #2194 ) ;
#2594 = LINE ( 'NONE', #969, #3271 ) ;
#2595 = ORIENTED_EDGE ( 'NONE', *, *, #2613, .T. ) ;
#2596 =( NAMED_UNIT ( * ) PLANE_ANGLE_UNIT ( ) SI_UNIT ( $, .RADIAN. ) );
#2597 = STYLED_ITEM ( 'NONE', ( #4618 ), #853 ) ;
#2598 = SURFACE_SIDE_STYLE ('',( #837 ) ) ;
#2599 = EDGE_CURVE ( 'NONE', #4936, #3893, #3606, .T. ) ;
#2600 = ORIENTED_EDGE ( 'NONE', *, *, #661, .T. ) ;
#2601 = CARTESIAN_POINT ( 'NONE',  ( 7.448944730396791900, 5.051000000000001000, -3.996226937848596600 ) ) ;
#2602 =( NAMED_UNIT ( * ) SI_UNIT ( $, .STERADIAN. ) SOLID_ANGLE_UNIT ( ) );
#2603 = ORIENTED_EDGE ( 'NONE', *, *, #1512, .T. ) ;
#2604 = PRESENTATION_LAYER_ASSIGNMENT (  '', '', ( #1752 ) ) ;
#2605 = VECTOR ( 'NONE', #1288, 1000.000000000000000 ) ;
#2606 = DIRECTION ( 'NONE',  ( 0.4443210308329204100, 0.0000000000000000000, -0.8958676361826957100 ) ) ;
#2607 =( NAMED_UNIT ( * ) SI_UNIT ( $, .STERADIAN. ) SOLID_ANGLE_UNIT ( ) );
#2608 = DIRECTION ( 'NONE',  ( 0.2729786930695601300, 0.0000000000000000000, -0.9620200793798614500 ) ) ;
#2609 = AXIS2_PLACEMENT_3D ( 'NONE', #4859, #1137, #2758 ) ;
#2610 = LINE ( 'NONE', #1702, #3519 ) ;
#2611 = LINE ( 'NONE', #1053, #1486 ) ;
#2612 = LINE ( 'NONE', #5335, #3346 ) ;
#2613 = EDGE_CURVE ( 'NONE', #1738, #3501, #3742, .T. ) ;
#2614 = DIRECTION ( 'NONE',  ( 0.0000000000000000000, -0.0000000000000000000, -1.000000000000000000 ) ) ;
#2615 = SURFACE_STYLE_FILL_AREA ( #1420 ) ;
#2616 = DIRECTION ( 'NONE',  ( 0.0000000000000000000, 1.000000000000000000, 0.0000000000000000000 ) ) ;
#2617 = UNCERTAINTY_MEASURE_WITH_UNIT (LENGTH_MEASURE( 1.000000000000000100E-005 ), #1978, 'distance_accuracy_value', 'NONE');
#2618 = UNCERTAINTY_MEASURE_WITH_UNIT (LENGTH_MEASURE( 1.000000000000000100E-005 ), #131, 'distance_accuracy_value', 'NONE');
#2619 = ORIENTED_EDGE ( 'NONE', *, *, #5374, .T. ) ;
#2620 = COLOUR_RGB ( '',1.000000000000000000, 1.000000000000000000, 1.000000000000000000 ) ;
#2621 =( GEOMETRIC_REPRESENTATION_CONTEXT ( 3 ) GLOBAL_UNCERTAINTY_ASSIGNED_CONTEXT ( ( #3664 ) ) GLOBAL_UNIT_ASSIGNED_CONTEXT ( ( #5258, #4885, #273 ) ) REPRESENTATION_CONTEXT ( 'NONE', 'WORKASPACE' ) );
#2622 = CARTESIAN_POINT ( 'NONE',  ( 5.313872701658665300, 5.051000000000001000, -3.996226937848596600 ) ) ;
#2623 = CARTESIAN_POINT ( 'NONE',  ( 7.901928634121220300, 5.051000000000001000, -3.996226937848596600 ) ) ;
#2624 = ORIENTED_EDGE ( 'NONE', *, *, #1562, .T. ) ;
#2625 = AXIS2_PLACEMENT_3D ( 'NONE', #2723, #4376, #1454 ) ;
#2626 = ORIENTED_EDGE ( 'NONE', *, *, #1498, .F. ) ;
#2627 =( NAMED_UNIT ( * ) SI_UNIT ( $, .STERADIAN. ) SOLID_ANGLE_UNIT ( ) );
#2628 = PRESENTATION_LAYER_ASSIGNMENT (  '', '', ( #4132 ) ) ;
#2629 = VECTOR ( 'NONE', #513, 1000.000000000000000 ) ;
#2630 = ORIENTED_EDGE ( 'NONE', *, *, #3983, .T. ) ;
#2631 = ORIENTED_EDGE ( 'NONE', *, *, #3586, .T. ) ;
#2632 = DIRECTION ( 'NONE',  ( 1.000000000000000000, 0.0000000000000000000, 0.0000000000000000000 ) ) ;
#2633 =( GEOMETRIC_REPRESENTATION_CONTEXT ( 3 ) GLOBAL_UNCERTAINTY_ASSIGNED_CONTEXT ( ( #3052 ) ) GLOBAL_UNIT_ASSIGNED_CONTEXT ( ( #5230, #3229, #1507 ) ) REPRESENTATION_CONTEXT ( 'NONE', 'WORKASPACE' ) );
#2634 = VECTOR ( 'NONE', #1243, 1000.000000000000100 ) ;
#2635 = ORIENTED_EDGE ( 'NONE', *, *, #793, .T. ) ;
#2636 =( LENGTH_UNIT ( ) NAMED_UNIT ( * ) SI_UNIT ( .MILLI., .METRE. ) );
#2637 =( NAMED_UNIT ( * ) SI_UNIT ( $, .STERADIAN. ) SOLID_ANGLE_UNIT ( ) );
#2638 = EDGE_CURVE ( 'NONE', #3402, #3533, #481, .T. ) ;
#2639 = FILL_AREA_STYLE ('',( #562 ) ) ;
#2640 = EDGE_LOOP ( 'NONE', ( #1800, #544, #207, #3001 ) ) ;
#2641 = ORIENTED_EDGE ( 'NONE', *, *, #932, .T. ) ;
#2642 = MECHANICAL_DESIGN_GEOMETRIC_PRESENTATION_REPRESENTATION (  '', ( #1311 ), #3477 ) ;
#2643 = SURFACE_SIDE_STYLE ('',( #365 ) ) ;
#2644 = LINE ( 'NONE', #2334, #2184 ) ;
#2645 =( NAMED_UNIT ( * ) PLANE_ANGLE_UNIT ( ) SI_UNIT ( $, .RADIAN. ) );
#2646 = ORIENTED_EDGE ( 'NONE', *, *, #1774, .F. ) ;
#2647 =( LENGTH_UNIT ( ) NAMED_UNIT ( * ) SI_UNIT ( .MILLI., .METRE. ) );
#2648 = CARTESIAN_POINT ( 'NONE',  ( 8.815885471881168600, 5.051000000000001000, -3.996226937848596600 ) ) ;
#2649 = PRESENTATION_STYLE_ASSIGNMENT (( #2241 ) ) ;
#2650 = PRESENTATION_STYLE_ASSIGNMENT (( #4961 ) ) ;
#2651 = VERTEX_POINT ( 'NONE', #5155 ) ;
#2652 = CIRCLE ( 'NONE', #3254, 0.3499999999999996400 ) ;
#2653 = DIRECTION ( 'NONE',  ( -0.9611638845408937400, 0.0000000000000000000, -0.2759782365590800500 ) ) ;
#2654 = ORIENTED_EDGE ( 'NONE', *, *, #2825, .F. ) ;
#2655 = LINE ( 'NONE', #1382, #65 ) ;
#2656 =( NAMED_UNIT ( * ) PLANE_ANGLE_UNIT ( ) SI_UNIT ( $, .RADIAN. ) );
#2657 = VERTEX_POINT ( 'NONE', #183 ) ;
#2658 = UNCERTAINTY_MEASURE_WITH_UNIT (LENGTH_MEASURE( 1.000000000000000100E-005 ), #5306, 'distance_accuracy_value', 'NONE');
#2659 = DIRECTION ( 'NONE',  ( 1.000000000000000000, 0.0000000000000000000, 0.0000000000000000000 ) ) ;
#2660 = VECTOR ( 'NONE', #3287, 1000.000000000000100 ) ;
#2661 = AXIS2_PLACEMENT_3D ( 'NONE', #50, #2579, #4596 ) ;
#2662 = EDGE_CURVE ( 'NONE', #163, #4936, #3469, .T. ) ;
#2663 =( NAMED_UNIT ( * ) SI_UNIT ( $, .STERADIAN. ) SOLID_ANGLE_UNIT ( ) );
#2664 =( LENGTH_UNIT ( ) NAMED_UNIT ( * ) SI_UNIT ( .MILLI., .METRE. ) );
#2665 = ORIENTED_EDGE ( 'NONE', *, *, #4530, .T. ) ;
#2666 = ADVANCED_FACE ( 'NONE', ( #4305, #3805, #2968, #4436, #3297, #3682, #5351, #2102, #4359, #3531, #86 ), #3592, .T. ) ;
#2667 =( NAMED_UNIT ( * ) PLANE_ANGLE_UNIT ( ) SI_UNIT ( $, .RADIAN. ) );
#2668 = VECTOR ( 'NONE', #1928, 1000.000000000000000 ) ;
#2669 = MECHANICAL_DESIGN_GEOMETRIC_PRESENTATION_REPRESENTATION (  '', ( #425 ), #2963 ) ;
#2670 = PRESENTATION_STYLE_ASSIGNMENT (( #2840 ) ) ;
#2671 = MECHANICAL_DESIGN_GEOMETRIC_PRESENTATION_REPRESENTATION (  '', ( #2211 ), #726 ) ;
#2672 = VECTOR ( 'NONE', #546, 1000.000000000000000 ) ;
#2673 = AXIS2_PLACEMENT_3D ( 'NONE', #3465, #1763, #2188 ) ;
#2674 = SURFACE_STYLE_USAGE ( .BOTH. , #214 ) ;
#2675 = EDGE_CURVE ( 'NONE', #4366, #4662, #599, .T. ) ;
#2676 = FILL_AREA_STYLE_COLOUR ( '', #4236 ) ;
#2677 = FILL_AREA_STYLE ('',( #1815 ) ) ;
#2678 = CARTESIAN_POINT ( 'NONE',  ( 7.099999999999999600, 0.0000000000000000000, -0.6149999999999988800 ) ) ;
#2679 = DIRECTION ( 'NONE',  ( -0.0000000000000000000, -1.000000000000000000, -0.0000000000000000000 ) ) ;
#2680 =( NAMED_UNIT ( * ) PLANE_ANGLE_UNIT ( ) SI_UNIT ( $, .RADIAN. ) );
#2681 = VECTOR ( 'NONE', #1724, 1000.000000000000000 ) ;
#2682 = VECTOR ( 'NONE', #5209, 1000.000000000000000 ) ;
#2683 = ORIENTED_EDGE ( 'NONE', *, *, #1020, .T. ) ;
#2684 = AXIS2_PLACEMENT_3D ( 'NONE', #274, #1998, #1096 ) ;
#2685 = ADVANCED_FACE ( 'NONE', ( #1438 ), #1844, .F. ) ;
#2686 = ORIENTED_EDGE ( 'NONE', *, *, #2246, .F. ) ;
#2687 = PRESENTATION_STYLE_ASSIGNMENT (( #3575 ) ) ;
#2688 = STYLED_ITEM ( 'NONE', ( #5006 ), #659 ) ;
#2689 = ORIENTED_EDGE ( 'NONE', *, *, #2152, .T. ) ;
#2690 = CARTESIAN_POINT ( 'NONE',  ( 7.901928634121220300, 5.051000000000001000, -3.996226937848596600 ) ) ;
#2691 = EDGE_CURVE ( 'NONE', #1832, #4589, #3021, .T. ) ;
#2692 =( NAMED_UNIT ( * ) SI_UNIT ( $, .STERADIAN. ) SOLID_ANGLE_UNIT ( ) );
#2693 = DIRECTION ( 'NONE',  ( -0.0000000000000000000, 0.0000000000000000000, -1.000000000000000000 ) ) ;
#2694 = VECTOR ( 'NONE', #49, 1000.000000000000100 ) ;
#2695 = ORIENTED_EDGE ( 'NONE', *, *, #1050, .F. ) ;
#2696 =( LENGTH_UNIT ( ) NAMED_UNIT ( * ) SI_UNIT ( .MILLI., .METRE. ) );
#2697 = CARTESIAN_POINT ( 'NONE',  ( 14.19999999999999900, 5.050000000000000700, 0.0000000000000000000 ) ) ;
#2698 = MECHANICAL_DESIGN_GEOMETRIC_PRESENTATION_REPRESENTATION (  '', ( #305 ), #2999 ) ;
#2699 = VECTOR ( 'NONE', #1565, 1000.000000000000100 ) ;
#2700 = CARTESIAN_POINT ( 'NONE',  ( 1.669999999999999700, -4.049999999999999800, -0.6150000000000345200 ) ) ;
#2701 = SURFACE_STYLE_USAGE ( .BOTH. , #3940 ) ;
#2702 = EDGE_LOOP ( 'NONE', ( #2595, #3752, #5021, #1264 ) ) ;
#2703 = MECHANICAL_DESIGN_GEOMETRIC_PRESENTATION_REPRESENTATION (  '', ( #2930 ), #3003 ) ;
#2704 = LINE ( 'NONE', #3598, #2119 ) ;
#2705 = EDGE_CURVE ( 'NONE', #5118, #5260, #4123, .T. ) ;
#2706 = VERTEX_POINT ( 'NONE', #1946 ) ;
#2707 = UNCERTAINTY_MEASURE_WITH_UNIT (LENGTH_MEASURE( 1.000000000000000100E-005 ), #754, 'distance_accuracy_value', 'NONE');
#2708 = FACE_OUTER_BOUND ( 'NONE', #1168, .T. ) ;
#2709 = ORIENTED_EDGE ( 'NONE', *, *, #2575, .F. ) ;
#2710 = CARTESIAN_POINT ( 'NONE',  ( 7.756345844204541400, 5.050000000000000700, -3.996226937848596600 ) ) ;
#2711 = PRESENTATION_STYLE_ASSIGNMENT (( #4741 ) ) ;
#2712 = SURFACE_STYLE_FILL_AREA ( #5057 ) ;
#2713 = EDGE_LOOP ( 'NONE', ( #1617, #4693, #1349, #2624 ) ) ;
#2714 = DIRECTION ( 'NONE',  ( -1.000000000000000000, -0.0000000000000000000, -0.0000000000000000000 ) ) ;
#2715 = COLOUR_RGB ( '',1.000000000000000000, 1.000000000000000000, 1.000000000000000000 ) ;
#2716 = CARTESIAN_POINT ( 'NONE',  ( 8.526860599064679700, 5.051000000000001000, -4.975618789064136600 ) ) ;
#2717 = CARTESIAN_POINT ( 'NONE',  ( 7.191475823436544300, 5.051000000000001000, -5.205917668354676800 ) ) ;
#2718 = PRESENTATION_STYLE_ASSIGNMENT (( #2827 ) ) ;
#2719 = CARTESIAN_POINT ( 'NONE',  ( 8.916645829308855300, 5.050000000000000700, -4.527026645096021300 ) ) ;
#2720 = VERTEX_POINT ( 'NONE', #1924 ) ;
#2721 = PRESENTATION_STYLE_ASSIGNMENT (( #2311 ) ) ;
#2722 = FILL_AREA_STYLE ('',( #2316 ) ) ;
#2723 = CARTESIAN_POINT ( 'NONE',  ( 9.081208083500273500, 5.051000000000001000, -4.974059236185391700 ) ) ;
#2724 = VERTEX_POINT ( 'NONE', #2386 ) ;
#2725 = VECTOR ( 'NONE', #2464, 1000.000000000000000 ) ;
#2726 =( NAMED_UNIT ( * ) PLANE_ANGLE_UNIT ( ) SI_UNIT ( $, .RADIAN. ) );
#2727 = AXIS2_PLACEMENT_3D ( 'NONE', #161, #745, #1511 ) ;
#2728 = SURFACE_STYLE_USAGE ( .BOTH. , #1837 ) ;
#2729 = ORIENTED_EDGE ( 'NONE', *, *, #484, .T. ) ;
#2730 = VECTOR ( 'NONE', #3401, 1000.000000000000000 ) ;
#2731 = FACE_OUTER_BOUND ( 'NONE', #2289, .T. ) ;
#2732 = SURFACE_STYLE_USAGE ( .BOTH. , #699 ) ;
#2733 = UNCERTAINTY_MEASURE_WITH_UNIT (LENGTH_MEASURE( 1.000000000000000100E-005 ), #2636, 'distance_accuracy_value', 'NONE');
#2734 = SURFACE_STYLE_USAGE ( .BOTH. , #3591 ) ;
#2735 = CARTESIAN_POINT ( 'NONE',  ( 0.0000000000000000000, 0.0000000000000000000, 0.0000000000000000000 ) ) ;
#2736 = STYLED_ITEM ( 'NONE', ( #798 ), #1177 ) ;
#2737 = DIRECTION ( 'NONE',  ( -4.956352788505111400E-015, 0.0000000000000000000, 1.000000000000000000 ) ) ;
#2738 = EDGE_CURVE ( 'NONE', #1439, #4757, #3087, .T. ) ;
#2739 = CARTESIAN_POINT ( 'NONE',  ( 0.0000000000000000000, 0.0000000000000000000, -9.199999999999999300 ) ) ;
#2740 = CARTESIAN_POINT ( 'NONE',  ( 6.676311338635463800, 5.050000000000000700, -5.205917668354676800 ) ) ;
#2741 = ORIENTED_EDGE ( 'NONE', *, *, #3629, .F. ) ;
#2742 = SURFACE_STYLE_USAGE ( .BOTH. , #5210 ) ;
#2743 =( NAMED_UNIT ( * ) SI_UNIT ( $, .STERADIAN. ) SOLID_ANGLE_UNIT ( ) );
#2744 = EDGE_CURVE ( 'NONE', #4535, #1974, #5017, .T. ) ;
#2745 = FILL_AREA_STYLE ('',( #4403 ) ) ;
#2746 = LINE ( 'NONE', #3562, #5075 ) ;
#2747 = SURFACE_SIDE_STYLE ('',( #1200 ) ) ;
#2748 = ORIENTED_EDGE ( 'NONE', *, *, #2419, .F. ) ;
#2749 = STYLED_ITEM ( 'NONE', ( #5295 ), #5340 ) ;
#2750 = DIRECTION ( 'NONE',  ( 0.9610992334315867600, -0.0000000000000000000, 0.2762033010251985800 ) ) ;
#2751 = SURFACE_SIDE_STYLE ('',( #1710 ) ) ;
#2752 = ORIENTED_EDGE ( 'NONE', *, *, #5266, .F. ) ;
#2753 = DIRECTION ( 'NONE',  ( -4.956352788505169000E-015, -0.0000000000000000000, 1.000000000000000000 ) ) ;
#2754 = PLANE ( 'NONE',  #2372 ) ;
#2755 = SURFACE_STYLE_USAGE ( .BOTH. , #1469 ) ;
#2756 = SURFACE_STYLE_FILL_AREA ( #3766 ) ;
#2757 = LINE ( 'NONE', #1762, #4632 ) ;
#2758 = DIRECTION ( 'NONE',  ( -0.9999999968487352000, 0.0000000000000000000, -7.938847109812746000E-005 ) ) ;
#2759 = ORIENTED_EDGE ( 'NONE', *, *, #4402, .T. ) ;
#2760 = DIRECTION ( 'NONE',  ( 1.000000000000000000, -0.0000000000000000000, -0.0000000000000000000 ) ) ;
#2761 = FILL_AREA_STYLE_COLOUR ( '', #1751 ) ;
#2762 = DIRECTION ( 'NONE',  ( -0.0000000000000000000, -1.000000000000000000, -0.0000000000000000000 ) ) ;
#2763 = MECHANICAL_DESIGN_GEOMETRIC_PRESENTATION_REPRESENTATION (  '', ( #4242 ), #3601 ) ;
#2764 = UNCERTAINTY_MEASURE_WITH_UNIT (LENGTH_MEASURE( 1.000000000000000100E-005 ), #4505, 'distance_accuracy_value', 'NONE');
#2765 = CARTESIAN_POINT ( 'NONE',  ( 9.793482366010957600, 5.051000000000001000, -4.972348877483165500 ) ) ;
#2766 = ORIENTED_EDGE ( 'NONE', *, *, #985, .T. ) ;
#2767 = ORIENTED_EDGE ( 'NONE', *, *, #2991, .F. ) ;
#2768 = DIRECTION ( 'NONE',  ( -0.0000000000000000000, 1.000000000000000000, -0.0000000000000000000 ) ) ;
#2769 =( LENGTH_UNIT ( ) NAMED_UNIT ( * ) SI_UNIT ( .MILLI., .METRE. ) );
#2770 = STYLED_ITEM ( 'NONE', ( #1689 ), #902 ) ;
#2771 = FACE_OUTER_BOUND ( 'NONE', #2293, .T. ) ;
#2772 = EDGE_CURVE ( 'NONE', #775, #497, #750, .T. ) ;
#2773 = ORIENTED_EDGE ( 'NONE', *, *, #5078, .F. ) ;
#2774 = FILL_AREA_STYLE ('',( #2676 ) ) ;
#2775 = COLOUR_RGB ( '',0.8980392156862745400, 0.9215686274509803400, 0.9294117647058823800 ) ;
#2776 = DIRECTION ( 'NONE',  ( -0.3725077383644756500, 0.0000000000000000000, -0.9280290862136721900 ) ) ;
#2777 = ORIENTED_EDGE ( 'NONE', *, *, #2076, .F. ) ;
#2778 =( NAMED_UNIT ( * ) PLANE_ANGLE_UNIT ( ) SI_UNIT ( $, .RADIAN. ) );
#2779 = MECHANICAL_DESIGN_GEOMETRIC_PRESENTATION_REPRESENTATION (  '', ( #1181 ), #2017 ) ;
#2780 =( LENGTH_UNIT ( ) NAMED_UNIT ( * ) SI_UNIT ( .MILLI., .METRE. ) );
#2781 =( NAMED_UNIT ( * ) PLANE_ANGLE_UNIT ( ) SI_UNIT ( $, .RADIAN. ) );
#2782 = FACE_OUTER_BOUND ( 'NONE', #143, .T. ) ;
#2783 = DIRECTION ( 'NONE',  ( -1.000000000000000000, -0.0000000000000000000, -0.0000000000000000000 ) ) ;
#2784 = SURFACE_STYLE_USAGE ( .BOTH. , #3251 ) ;
#2785 = VERTEX_POINT ( 'NONE', #4457 ) ;
#2786 = SURFACE_STYLE_FILL_AREA ( #3593 ) ;
#2787 = ADVANCED_FACE ( 'NONE', ( #1972 ), #1095, .F. ) ;
#2788 = CARTESIAN_POINT ( 'NONE',  ( 7.144954577053015400, 5.051000000000001000, -4.341699067862130300 ) ) ;
#2789 = CARTESIAN_POINT ( 'NONE',  ( 0.0000000000000000000, 0.0000000000000000000, -0.2000000000000000100 ) ) ;
#2790 = EDGE_CURVE ( 'NONE', #3569, #5312, #988, .T. ) ;
#2791 = ORIENTED_EDGE ( 'NONE', *, *, #821, .T. ) ;
#2792 = VECTOR ( 'NONE', #4034, 1000.000000000000000 ) ;
#2793 = PRODUCT_DEFINITION_FORMATION_WITH_SPECIFIED_SOURCE ( 'ANY', '', #374, .NOT_KNOWN. ) ;
#2794 = EDGE_LOOP ( 'NONE', ( #4732, #1522, #3104, #3468 ) ) ;
#2795 = COLOUR_RGB ( '',1.000000000000000000, 1.000000000000000000, 1.000000000000000000 ) ;
#2796 = CARTESIAN_POINT ( 'NONE',  ( 9.289999999999997400, 0.0000000000000000000, -0.9649999999999990800 ) ) ;
#2797 = SURFACE_STYLE_USAGE ( .BOTH. , #4449 ) ;
#2798 = CARTESIAN_POINT ( 'NONE',  ( 11.26000000000000000, 0.0000000000000000000, -0.2000000000000000100 ) ) ;
#2799 = FILL_AREA_STYLE ('',( #4834 ) ) ;
#2800 = ORIENTED_EDGE ( 'NONE', *, *, #5318, .F. ) ;
#2801 =( LENGTH_UNIT ( ) NAMED_UNIT ( * ) SI_UNIT ( .MILLI., .METRE. ) );
#2802 =( LENGTH_UNIT ( ) NAMED_UNIT ( * ) SI_UNIT ( .MILLI., .METRE. ) );
#2803 = CARTESIAN_POINT ( 'NONE',  ( 1.669999999999999700, 0.0000000000000000000, -8.584999999999963500 ) ) ;
#2804 = VERTEX_POINT ( 'NONE', #1115 ) ;
#2805 =( NAMED_UNIT ( * ) PLANE_ANGLE_UNIT ( ) SI_UNIT ( $, .RADIAN. ) );
#2806 = VECTOR ( 'NONE', #3905, 1000.000000000000200 ) ;
#2807 = STYLED_ITEM ( 'NONE', ( #389 ), #239 ) ;
#2808 = SURFACE_STYLE_USAGE ( .BOTH. , #319 ) ;
#2809 = CARTESIAN_POINT ( 'NONE',  ( 5.178910637437359000, 5.051000000000001000, -3.996226937848596600 ) ) ;
#2810 = EDGE_CURVE ( 'NONE', #3744, #1418, #1640, .T. ) ;
#2811 = VECTOR ( 'NONE', #4197, 1000.000000000000000 ) ;
#2812 = COLOUR_RGB ( '',1.000000000000000000, 1.000000000000000000, 1.000000000000000000 ) ;
#2813 = PRESENTATION_LAYER_ASSIGNMENT (  '', '', ( #4471 ) ) ;
#2814 = CARTESIAN_POINT ( 'NONE',  ( 6.617081432004043000, 5.051000000000001000, -3.996226937848596600 ) ) ;
#2815 =( NAMED_UNIT ( * ) SI_UNIT ( $, .STERADIAN. ) SOLID_ANGLE_UNIT ( ) );
#2816 = ADVANCED_FACE ( 'NONE', ( #1432 ), #2823, .F. ) ;
#2817 = CARTESIAN_POINT ( 'NONE',  ( 5.873634483847333800, 5.051000000000001000, -4.750656964556244900 ) ) ;
#2818 = SURFACE_SIDE_STYLE ('',( #4766 ) ) ;
#2819 =( NAMED_UNIT ( * ) SI_UNIT ( $, .STERADIAN. ) SOLID_ANGLE_UNIT ( ) );
#2820 = VECTOR ( 'NONE', #541, 1000.000000000000100 ) ;
#2821 = PRESENTATION_LAYER_ASSIGNMENT (  '', '', ( #1476 ) ) ;
#2822 = PLANE ( 'NONE',  #2245 ) ;
#2823 = PLANE ( 'NONE',  #493 ) ;
#2824 = SURFACE_SIDE_STYLE ('',( #803 ) ) ;
#2825 = EDGE_CURVE ( 'NONE', #464, #5118, #29, .T. ) ;
#2826 = VECTOR ( 'NONE', #2760, 1000.000000000000000 ) ;
#2827 = SURFACE_STYLE_USAGE ( .BOTH. , #3294 ) ;
#2828 = FILL_AREA_STYLE ('',( #3691 ) ) ;
#2829 = SURFACE_SIDE_STYLE ('',( #915 ) ) ;
#2830 =( GEOMETRIC_REPRESENTATION_CONTEXT ( 3 ) GLOBAL_UNCERTAINTY_ASSIGNED_CONTEXT ( ( #2300 ) ) GLOBAL_UNIT_ASSIGNED_CONTEXT ( ( #1048, #4412, #198 ) ) REPRESENTATION_CONTEXT ( 'NONE', 'WORKASPACE' ) );
#2831 = VECTOR ( 'NONE', #3836, 1000.000000000000100 ) ;
#2832 = ORIENTED_EDGE ( 'NONE', *, *, #5005, .T. ) ;
#2833 = PRESENTATION_STYLE_ASSIGNMENT (( #255 ) ) ;
#2834 = ORIENTED_EDGE ( 'NONE', *, *, #1826, .T. ) ;
#2835 = ORIENTED_EDGE ( 'NONE', *, *, #5343, .T. ) ;
#2836 = CARTESIAN_POINT ( 'NONE',  ( 14.19999999999999900, 0.0000000000000000000, -9.199999999999999300 ) ) ;
#2837 = DIRECTION ( 'NONE',  ( -0.2763139702539129700, 0.0000000000000000000, 0.9610674221107069500 ) ) ;
#2838 = SURFACE_STYLE_USAGE ( .BOTH. , #351 ) ;
#2839 =( NAMED_UNIT ( * ) PLANE_ANGLE_UNIT ( ) SI_UNIT ( $, .RADIAN. ) );
#2840 = SURFACE_STYLE_USAGE ( .BOTH. , #3250 ) ;
#2841 = EDGE_CURVE ( 'NONE', #549, #1738, #5080, .T. ) ;
#2842 = ORIENTED_EDGE ( 'NONE', *, *, #2450, .T. ) ;
#2843 = LINE ( 'NONE', #4513, #4140 ) ;
#2844 = DIRECTION ( 'NONE',  ( 0.0000000000000000000, -0.0000000000000000000, 1.000000000000000000 ) ) ;
#2845 = LINE ( 'NONE', #3657, #4916 ) ;
#2846 = ADVANCED_FACE ( 'NONE', ( #1700 ), #5274, .T. ) ;
#2847 = DIRECTION ( 'NONE',  ( 0.0000000000000000000, -0.0000000000000000000, 1.000000000000000000 ) ) ;
#2848 = ORIENTED_EDGE ( 'NONE', *, *, #395, .T. ) ;
#2849 = CARTESIAN_POINT ( 'NONE',  ( 7.188433192280297300, 5.051000000000001000, -3.996226937848596600 ) ) ;
#2850 = MECHANICAL_DESIGN_GEOMETRIC_PRESENTATION_REPRESENTATION (  '', ( #1714 ), #3124 ) ;
#2851 = EDGE_CURVE ( 'NONE', #157, #3056, #3080, .T. ) ;
#2852 = FACE_OUTER_BOUND ( 'NONE', #677, .T. ) ;
#2853 = ORIENTED_EDGE ( 'NONE', *, *, #3157, .T. ) ;
#2854 = CARTESIAN_POINT ( 'NONE',  ( 4.909999999999999300, -4.049999999999999800, -8.234999999999981700 ) ) ;
#2855 = FILL_AREA_STYLE ('',( #2878 ) ) ;
#2856 = STYLED_ITEM ( 'NONE', ( #1742 ), #3580 ) ;
#2857 = DIRECTION ( 'NONE',  ( -1.000000000000000000, 0.0000000000000000000, 0.0000000000000000000 ) ) ;
#2858 = DIRECTION ( 'NONE',  ( -0.2763173343570119500, 0.0000000000000000000, 0.9610664548998864000 ) ) ;
#2859 = VECTOR ( 'NONE', #28, 1000.000000000000000 ) ;
#2860 = DIRECTION ( 'NONE',  ( -1.000000000000000000, 0.0000000000000000000, -4.956352788505111400E-015 ) ) ;
#2861 = PRESENTATION_LAYER_ASSIGNMENT (  '', '', ( #4898 ) ) ;
#2862 = EDGE_LOOP ( 'NONE', ( #1471, #1905, #692, #554 ) ) ;
#2863 = DIRECTION ( 'NONE',  ( -1.000000000000000000, -0.0000000000000000000, -0.0000000000000000000 ) ) ;
#2864 = DIRECTION ( 'NONE',  ( 0.2762437428917409200, 0.0000000000000000000, -0.9610876102172797300 ) ) ;
#2865 = SURFACE_STYLE_FILL_AREA ( #4234 ) ;
#2866 = VERTEX_POINT ( 'NONE', #4943 ) ;
#2867 = STYLED_ITEM ( 'NONE', ( #962 ), #4843 ) ;
#2868 = VERTEX_POINT ( 'NONE', #2061 ) ;
#2869 = CARTESIAN_POINT ( 'NONE',  ( 6.749999999999999100, 0.0000000000000000000, -8.235000000000001200 ) ) ;
#2870 = CARTESIAN_POINT ( 'NONE',  ( 5.471370941386530800, 5.051000000000001000, -5.205917668354676800 ) ) ;
#2871 = DIRECTION ( 'NONE',  ( 1.000000000000000000, 0.0000000000000000000, -0.0000000000000000000 ) ) ;
#2872 = ORIENTED_EDGE ( 'NONE', *, *, #1423, .T. ) ;
#2873 = SURFACE_STYLE_FILL_AREA ( #410 ) ;
#2874 = ORIENTED_EDGE ( 'NONE', *, *, #1283, .T. ) ;
#2875 = DIRECTION ( 'NONE',  ( -1.000000000000000000, 0.0000000000000000000, -0.0000000000000000000 ) ) ;
#2876 = VECTOR ( 'NONE', #1686, 1000.000000000000000 ) ;
#2877 = PRESENTATION_STYLE_ASSIGNMENT (( #2335 ) ) ;
#2878 = FILL_AREA_STYLE_COLOUR ( '', #509 ) ;
#2879 = ADVANCED_FACE ( 'NONE', ( #2508 ), #5366, .F. ) ;
#2880 = DIRECTION ( 'NONE',  ( -0.9610674221107069500, 0.0000000000000000000, -0.2763139702539129700 ) ) ;
#2881 = EDGE_CURVE ( 'NONE', #2353, #4184, #4960, .T. ) ;
#2882 = DIRECTION ( 'NONE',  ( 0.0000000000000000000, 0.0000000000000000000, 1.000000000000000000 ) ) ;
#2883 =( GEOMETRIC_REPRESENTATION_CONTEXT ( 3 ) GLOBAL_UNCERTAINTY_ASSIGNED_CONTEXT ( ( #681 ) ) GLOBAL_UNIT_ASSIGNED_CONTEXT ( ( #1984, #5341, #359 ) ) REPRESENTATION_CONTEXT ( 'NONE', 'WORKASPACE' ) );
#2884 = ORIENTED_EDGE ( 'NONE', *, *, #1589, .F. ) ;
#2885 = CARTESIAN_POINT ( 'NONE',  ( 8.104140848837408500, 5.051000000000001000, -5.205917668354676800 ) ) ;
#2886 = FACE_OUTER_BOUND ( 'NONE', #3331, .T. ) ;
#2887 = STYLED_ITEM ( 'NONE', ( #1182 ), #777 ) ;
#2888 = EDGE_CURVE ( 'NONE', #2336, #2556, #5077, .T. ) ;
#2889 = DIRECTION ( 'NONE',  ( 1.000000000000000000, 0.0000000000000000000, 0.0000000000000000000 ) ) ;
#2890 = LINE ( 'NONE', #124, #5198 ) ;
#2891 = VECTOR ( 'NONE', #4418, 1000.000000000000000 ) ;
#2892 = PRESENTATION_LAYER_ASSIGNMENT (  '', '', ( #4638 ) ) ;
#2893 = CARTESIAN_POINT ( 'NONE',  ( 9.989999999999996700, 0.0000000000000000000, -0.6149999999999987700 ) ) ;
#2894 = UNCERTAINTY_MEASURE_WITH_UNIT (LENGTH_MEASURE( 1.000000000000000100E-005 ), #4967, 'distance_accuracy_value', 'NONE');
#2895 = DIRECTION ( 'NONE',  ( 1.000000000000000000, 0.0000000000000000000, 0.0000000000000000000 ) ) ;
#2896 =( LENGTH_UNIT ( ) NAMED_UNIT ( * ) SI_UNIT ( .MILLI., .METRE. ) );
#2897 = PRESENTATION_STYLE_ASSIGNMENT (( #4416 ) ) ;
#2898 = MECHANICAL_DESIGN_GEOMETRIC_PRESENTATION_REPRESENTATION (  '', ( #3212 ), #1856 ) ;
#2899 = ORIENTED_EDGE ( 'NONE', *, *, #4382, .T. ) ;
#2900 = DIRECTION ( 'NONE',  ( -1.000000000000000000, 0.0000000000000000000, 0.0000000000000000000 ) ) ;
#2901 = EDGE_CURVE ( 'NONE', #4698, #4366, #4295, .T. ) ;
#2902 = VECTOR ( 'NONE', #3408, 1000.000000000000200 ) ;
#2903 = CARTESIAN_POINT ( 'NONE',  ( 0.0000000000000000000, 5.050000000000000700, -9.199999999999999300 ) ) ;
#2904 = ADVANCED_FACE ( 'NONE', ( #1308 ), #393, .F. ) ;
#2905 = ORIENTED_EDGE ( 'NONE', *, *, #884, .F. ) ;
#2906 = CARTESIAN_POINT ( 'NONE',  ( 7.756345844204541400, 5.051000000000001000, -3.996226937848596600 ) ) ;
#2907 = EDGE_LOOP ( 'NONE', ( #154, #3066, #2729, #4923 ) ) ;
#2908 = ORIENTED_EDGE ( 'NONE', *, *, #3735, .T. ) ;
#2909 = SURFACE_STYLE_FILL_AREA ( #1163 ) ;
#2910 = UNCERTAINTY_MEASURE_WITH_UNIT (LENGTH_MEASURE( 1.000000000000000100E-005 ), #2396, 'distance_accuracy_value', 'NONE');
#2911 = COLOUR_RGB ( '',0.8980392156862745400, 0.9215686274509803400, 0.9294117647058823800 ) ;
#2912 = DIRECTION ( 'NONE',  ( 0.0000000000000000000, 0.0000000000000000000, -1.000000000000000000 ) ) ;
#2913 = PRESENTATION_LAYER_ASSIGNMENT (  '', '', ( #1042 ) ) ;
#2914 = EDGE_LOOP ( 'NONE', ( #3688, #2741, #4081, #3525 ) ) ;
#2915 = FILL_AREA_STYLE ('',( #1250 ) ) ;
#2916 = PRESENTATION_LAYER_ASSIGNMENT (  '', '', ( #1876 ) ) ;
#2917 = EDGE_LOOP ( 'NONE', ( #684, #3150, #1022, #682 ) ) ;
#2918 = LINE ( 'NONE', #3644, #2317 ) ;
#2919 = SURFACE_STYLE_FILL_AREA ( #5291 ) ;
#2920 =( LENGTH_UNIT ( ) NAMED_UNIT ( * ) SI_UNIT ( .MILLI., .METRE. ) );
#2921 = ORIENTED_EDGE ( 'NONE', *, *, #317, .F. ) ;
#2922 = AXIS2_PLACEMENT_3D ( 'NONE', #917, #3390, #900 ) ;
#2923 = PRESENTATION_STYLE_ASSIGNMENT (( #536 ) ) ;
#2924 = EDGE_CURVE ( 'NONE', #1974, #3571, #139, .T. ) ;
#2925 = PRESENTATION_STYLE_ASSIGNMENT (( #2521 ) ) ;
#2926 = DIRECTION ( 'NONE',  ( 1.000000000000000000, 0.0000000000000000000, 0.0000000000000000000 ) ) ;
#2927 = ORIENTED_EDGE ( 'NONE', *, *, #52, .T. ) ;
#2928 = VECTOR ( 'NONE', #2857, 1000.000000000000000 ) ;
#2929 = CARTESIAN_POINT ( 'NONE',  ( 8.881202783233808500, 5.051000000000001000, -4.226415471414234100 ) ) ;
#2930 = STYLED_ITEM ( 'NONE', ( #2303 ), #4492 ) ;
#2931 = ADVANCED_FACE ( 'NONE', ( #3077 ), #1605, .F. ) ;
#2932 = COLOUR_RGB ( '',1.000000000000000000, 1.000000000000000000, 1.000000000000000000 ) ;
#2933 = ORIENTED_EDGE ( 'NONE', *, *, #3799, .T. ) ;
#2934 = EDGE_CURVE ( 'NONE', #5089, #2720, #1369, .T. ) ;
#2935 = FACE_OUTER_BOUND ( 'NONE', #3608, .T. ) ;
#2936 = SURFACE_SIDE_STYLE ('',( #3927 ) ) ;
#2937 =( NAMED_UNIT ( * ) PLANE_ANGLE_UNIT ( ) SI_UNIT ( $, .RADIAN. ) );
#2938 = PLANE ( 'NONE',  #3017 ) ;
#2939 = ORIENTED_EDGE ( 'NONE', *, *, #2234, .F. ) ;
#2940 = CARTESIAN_POINT ( 'NONE',  ( 6.490253737695161000, 5.050000000000000700, -4.975659249163766300 ) ) ;
#2941 = PRESENTATION_STYLE_ASSIGNMENT (( #4642 ) ) ;
#2942 = UNCERTAINTY_MEASURE_WITH_UNIT (LENGTH_MEASURE( 1.000000000000000100E-005 ), #4215, 'distance_accuracy_value', 'NONE');
#2943 = CARTESIAN_POINT ( 'NONE',  ( 8.249878123737223800, 5.050000000000000700, -5.205917668354676800 ) ) ;
#2944 = ORIENTED_EDGE ( 'NONE', *, *, #760, .T. ) ;
#2945 = EDGE_LOOP ( 'NONE', ( #398, #4330, #4467, #1402 ) ) ;
#2946 = VECTOR ( 'NONE', #1139, 1000.000000000000000 ) ;
#2947 = CARTESIAN_POINT ( 'NONE',  ( 8.397586906936778600, 5.050000000000000700, -4.527026645096021300 ) ) ;
#2948 = CARTESIAN_POINT ( 'NONE',  ( 9.639999999999997000, 0.0000000000000000000, -0.6149999999999988800 ) ) ;
#2949 = FACE_OUTER_BOUND ( 'NONE', #1849, .T. ) ;
#2950 = FACE_OUTER_BOUND ( 'NONE', #5047, .T. ) ;
#2951 =( GEOMETRIC_REPRESENTATION_CONTEXT ( 3 ) GLOBAL_UNCERTAINTY_ASSIGNED_CONTEXT ( ( #2161 ) ) GLOBAL_UNIT_ASSIGNED_CONTEXT ( ( #4311, #3095, #1419 ) ) REPRESENTATION_CONTEXT ( 'NONE', 'WORKASPACE' ) );
#2952 = CARTESIAN_POINT ( 'NONE',  ( 8.249878123737223800, 5.051000000000001000, -5.205917668354676800 ) ) ;
#2953 = FILL_AREA_STYLE ('',( #3796 ) ) ;
#2954 = PRESENTATION_STYLE_ASSIGNMENT (( #237 ) ) ;
#2955 = CARTESIAN_POINT ( 'NONE',  ( 8.526860599064679700, 5.050000000000000700, -4.975618789064136600 ) ) ;
#2956 = AXIS2_PLACEMENT_3D ( 'NONE', #1995, #2882, #2038 ) ;
#2957 = ADVANCED_FACE ( 'NONE', ( #2504 ), #2488, .F. ) ;
#2958 = EDGE_CURVE ( 'NONE', #2138, #464, #1966, .T. ) ;
#2959 =( LENGTH_UNIT ( ) NAMED_UNIT ( * ) SI_UNIT ( .MILLI., .METRE. ) );
#2960 = VECTOR ( 'NONE', #2409, 1000.000000000000000 ) ;
#2961 = ORIENTED_EDGE ( 'NONE', *, *, #1266, .F. ) ;
#2962 = UNCERTAINTY_MEASURE_WITH_UNIT (LENGTH_MEASURE( 1.000000000000000100E-005 ), #630, 'distance_accuracy_value', 'NONE');
#2963 =( GEOMETRIC_REPRESENTATION_CONTEXT ( 3 ) GLOBAL_UNCERTAINTY_ASSIGNED_CONTEXT ( ( #940 ) ) GLOBAL_UNIT_ASSIGNED_CONTEXT ( ( #2037, #1631, #1590 ) ) REPRESENTATION_CONTEXT ( 'NONE', 'WORKASPACE' ) );
#2964 = CARTESIAN_POINT ( 'NONE',  ( 11.82999999999999700, 0.0000000000000000000, -0.9649999999999990800 ) ) ;
#2965 = PRESENTATION_LAYER_ASSIGNMENT (  '', '', ( #4229 ) ) ;
#2966 = SURFACE_STYLE_USAGE ( .BOTH. , #478 ) ;
#2967 = CARTESIAN_POINT ( 'NONE',  ( 4.810841445385825900, 5.050000000000000700, -3.996226937848596600 ) ) ;
#2968 = FACE_BOUND ( 'NONE', #3749, .T. ) ;
#2969 = ORIENTED_EDGE ( 'NONE', *, *, #2738, .T. ) ;
#2970 = PRESENTATION_LAYER_ASSIGNMENT (  '', '', ( #4441 ) ) ;
#2971 = CARTESIAN_POINT ( 'NONE',  ( 6.865940461821950600, 5.051000000000001000, -3.996226937848596600 ) ) ;
#2972 = ORIENTED_EDGE ( 'NONE', *, *, #2569, .F. ) ;
#2973 = FACE_OUTER_BOUND ( 'NONE', #558, .T. ) ;
#2974 = SURFACE_STYLE_USAGE ( .BOTH. , #1681 ) ;
#2975 = ORIENTED_EDGE ( 'NONE', *, *, #96, .F. ) ;
#2976 = EDGE_CURVE ( 'NONE', #2866, #4134, #2160, .T. ) ;
#2977 = SURFACE_SIDE_STYLE ('',( #1536 ) ) ;
#2978 = ORIENTED_EDGE ( 'NONE', *, *, #3054, .F. ) ;
#2979 = FILL_AREA_STYLE ('',( #1716 ) ) ;
#2980 = LINE ( 'NONE', #3611, #5033 ) ;
#2981 = ORIENTED_EDGE ( 'NONE', *, *, #2841, .F. ) ;
#2982 = PLANE ( 'NONE',  #1838 ) ;
#2983 = PLANE ( 'NONE',  #2217 ) ;
#2984 = DIRECTION ( 'NONE',  ( -0.7059037656364863800, -0.0000000000000000000, 0.7083077534943611500 ) ) ;
#2985 = VECTOR ( 'NONE', #5172, 1000.000000000000100 ) ;
#2986 = ADVANCED_FACE ( 'NONE', ( #4175 ), #4672, .F. ) ;
#2987 =( GEOMETRIC_REPRESENTATION_CONTEXT ( 3 ) GLOBAL_UNCERTAINTY_ASSIGNED_CONTEXT ( ( #2707 ) ) GLOBAL_UNIT_ASSIGNED_CONTEXT ( ( #754, #1160, #4080 ) ) REPRESENTATION_CONTEXT ( 'NONE', 'WORKASPACE' ) );
#2988 = ORIENTED_EDGE ( 'NONE', *, *, #4973, .T. ) ;
#2989 = SURFACE_STYLE_USAGE ( .BOTH. , #2936 ) ;
#2990 = STYLED_ITEM ( 'NONE', ( #2877 ), #1145 ) ;
#2991 = EDGE_CURVE ( 'NONE', #219, #3885, #2890, .T. ) ;
#2992 = SURFACE_STYLE_FILL_AREA ( #1202 ) ;
#2993 = VERTEX_POINT ( 'NONE', #1316 ) ;
#2994 = PRESENTATION_STYLE_ASSIGNMENT (( #473 ) ) ;
#2995 = FILL_AREA_STYLE ('',( #5019 ) ) ;
#2996 = VERTEX_POINT ( 'NONE', #4224 ) ;
#2997 = LINE ( 'NONE', #2416, #4601 ) ;
#2998 = VECTOR ( 'NONE', #805, 1000.000000000000000 ) ;
#2999 =( GEOMETRIC_REPRESENTATION_CONTEXT ( 3 ) GLOBAL_UNCERTAINTY_ASSIGNED_CONTEXT ( ( #5147 ) ) GLOBAL_UNIT_ASSIGNED_CONTEXT ( ( #1121, #1518, #1102 ) ) REPRESENTATION_CONTEXT ( 'NONE', 'WORKASPACE' ) );
#3000 = CARTESIAN_POINT ( 'NONE',  ( 3.640000000000000100, 0.0000000000000000000, 0.0000000000000000000 ) ) ;
#3001 = ORIENTED_EDGE ( 'NONE', *, *, #506, .T. ) ;
#3002 = FACE_BOUND ( 'NONE', #2328, .T. ) ;
#3003 =( GEOMETRIC_REPRESENTATION_CONTEXT ( 3 ) GLOBAL_UNCERTAINTY_ASSIGNED_CONTEXT ( ( #2564 ) ) GLOBAL_UNIT_ASSIGNED_CONTEXT ( ( #347, #4490, #4428 ) ) REPRESENTATION_CONTEXT ( 'NONE', 'WORKASPACE' ) );
#3004 = VECTOR ( 'NONE', #4119, 1000.000000000000000 ) ;
#3005 = EDGE_CURVE ( 'NONE', #1836, #3992, #3141, .T. ) ;
#3006 = VERTEX_POINT ( 'NONE', #1368 ) ;
#3007 = SURFACE_SIDE_STYLE ('',( #3084 ) ) ;
#3008 = LINE ( 'NONE', #1504, #2668 ) ;
#3009 = CARTESIAN_POINT ( 'NONE',  ( 8.397586906936778600, 5.050000000000000700, -4.527026645096021300 ) ) ;
#3010 = VECTOR ( 'NONE', #4539, 1000.000000000000100 ) ;
#3011 = VECTOR ( 'NONE', #1337, 1000.000000000000000 ) ;
#3012 = LINE ( 'NONE', #4739, #4551 ) ;
#3013 = STYLED_ITEM ( 'NONE', ( #2897 ), #2816 ) ;
#3014 = SURFACE_SIDE_STYLE ('',( #5334 ) ) ;
#3015 = VECTOR ( 'NONE', #202, 1000.000000000000200 ) ;
#3016 = CARTESIAN_POINT ( 'NONE',  ( 11.82999999999999700, -4.049999999999999800, -8.585000000000000900 ) ) ;
#3017 = AXIS2_PLACEMENT_3D ( 'NONE', #825, #1661, #432 ) ;
#3018 = EDGE_CURVE ( 'NONE', #3711, #1858, #1192, .T. ) ;
#3019 = PRESENTATION_STYLE_ASSIGNMENT (( #1388 ) ) ;
#3020 =( NAMED_UNIT ( * ) SI_UNIT ( $, .STERADIAN. ) SOLID_ANGLE_UNIT ( ) );
#3021 = LINE ( 'NONE', #3203, #4183 ) ;
#3022 = MECHANICAL_DESIGN_GEOMETRIC_PRESENTATION_REPRESENTATION (  '', ( #1328 ), #4223 ) ;
#3023 = VERTEX_POINT ( 'NONE', #978 ) ;
#3024 = EDGE_CURVE ( 'NONE', #4299, #3574, #4956, .T. ) ;
#3025 = AXIS2_PLACEMENT_3D ( 'NONE', #2885, #2844, #4484 ) ;
#3026 = ORIENTED_EDGE ( 'NONE', *, *, #1329, .T. ) ;
#3027 = SURFACE_SIDE_STYLE ('',( #1651 ) ) ;
#3028 = CARTESIAN_POINT ( 'NONE',  ( 2.369999999999999700, -4.049999999999999800, -8.234999999999965700 ) ) ;
#3029 = EDGE_CURVE ( 'NONE', #1205, #251, #421, .T. ) ;
#3030 = CARTESIAN_POINT ( 'NONE',  ( 6.490253737695160100, 5.050000000000000700, -4.975659249163766300 ) ) ;
#3031 = COLOUR_RGB ( '',1.000000000000000000, 1.000000000000000000, 1.000000000000000000 ) ;
#3032 = ORIENTED_EDGE ( 'NONE', *, *, #4322, .F. ) ;
#3033 = FILL_AREA_STYLE_COLOUR ( '', #4180 ) ;
#3034 = EDGE_LOOP ( 'NONE', ( #3820, #2791 ) ) ;
#3035 = CARTESIAN_POINT ( 'NONE',  ( 6.328972429650926700, 5.051000000000001000, -4.527026645098537500 ) ) ;
#3036 = PRESENTATION_STYLE_ASSIGNMENT (( #2784 ) ) ;
#3037 = CARTESIAN_POINT ( 'NONE',  ( 9.989999999999996700, 0.0000000000000000000, -8.585000000000000900 ) ) ;
#3038 = VERTEX_POINT ( 'NONE', #4651 ) ;
#3039 = PRESENTATION_STYLE_ASSIGNMENT (( #2701 ) ) ;
#3040 = EDGE_CURVE ( 'NONE', #2353, #3253, #3288, .T. ) ;
#3041 = LINE ( 'NONE', #4683, #4017 ) ;
#3042 = CARTESIAN_POINT ( 'NONE',  ( 4.547192410558964500, 5.050000000000000700, -4.653056172982742200 ) ) ;
#3043 = DIRECTION ( 'NONE',  ( -0.0000000000000000000, 1.000000000000000000, -0.0000000000000000000 ) ) ;
#3044 = VERTEX_POINT ( 'NONE', #5106 ) ;
#3045 = VECTOR ( 'NONE', #2768, 1000.000000000000000 ) ;
#3046 = CARTESIAN_POINT ( 'NONE',  ( 4.559999999999999600, -4.049999999999999800, -8.584999999999983100 ) ) ;
#3047 = VECTOR ( 'NONE', #184, 1000.000000000000000 ) ;
#3048 = FACE_OUTER_BOUND ( 'NONE', #3740, .T. ) ;
#3049 = ORIENTED_EDGE ( 'NONE', *, *, #3579, .T. ) ;
#3050 = DIRECTION ( 'NONE',  ( 0.9610029908221278100, -0.0000000000000000000, 0.2765379750249962200 ) ) ;
#3051 = VECTOR ( 'NONE', #1503, 1000.000000000000000 ) ;
#3052 = UNCERTAINTY_MEASURE_WITH_UNIT (LENGTH_MEASURE( 1.000000000000000100E-005 ), #5230, 'distance_accuracy_value', 'NONE');
#3053 = AXIS2_PLACEMENT_3D ( 'NONE', #358, #4280, #1784 ) ;
#3054 = EDGE_CURVE ( 'NONE', #2199, #2336, #3856, .T. ) ;
#3055 = DIRECTION ( 'NONE',  ( 1.000000000000000000, 0.0000000000000000000, 0.0000000000000000000 ) ) ;
#3056 = VERTEX_POINT ( 'NONE', #4238 ) ;
#3057 = FACE_BOUND ( 'NONE', #781, .T. ) ;
#3058 = DIRECTION ( 'NONE',  ( 0.0000000000000000000, 0.0000000000000000000, -1.000000000000000000 ) ) ;
#3059 = ADVANCED_FACE ( 'NONE', ( #4557 ), #939, .F. ) ;
#3060 = CARTESIAN_POINT ( 'NONE',  ( 2.369999999999999700, -4.049999999999999800, -8.234999999999965700 ) ) ;
#3061 = ORIENTED_EDGE ( 'NONE', *, *, #710, .T. ) ;
#3062 = LINE ( 'NONE', #4939, #2725 ) ;
#3063 =( NAMED_UNIT ( * ) PLANE_ANGLE_UNIT ( ) SI_UNIT ( $, .RADIAN. ) );
#3064 = DIRECTION ( 'NONE',  ( -0.0000000000000000000, 1.000000000000000000, -0.0000000000000000000 ) ) ;
#3065 =( GEOMETRIC_REPRESENTATION_CONTEXT ( 3 ) GLOBAL_UNCERTAINTY_ASSIGNED_CONTEXT ( ( #4089 ) ) GLOBAL_UNIT_ASSIGNED_CONTEXT ( ( #3914, #4666, #5121 ) ) REPRESENTATION_CONTEXT ( 'NONE', 'WORKASPACE' ) );
#3066 = ORIENTED_EDGE ( 'NONE', *, *, #2555, .T. ) ;
#3067 = CARTESIAN_POINT ( 'NONE',  ( 0.0000000000000000000, 0.0000000000000000000, 0.0000000000000000000 ) ) ;
#3068 = EDGE_CURVE ( 'NONE', #2724, #4478, #2354, .T. ) ;
#3069 = DIRECTION ( 'NONE',  ( -1.000000000000000000, 0.0000000000000000000, -3.097720492815730600E-016 ) ) ;
#3070 = SURFACE_SIDE_STYLE ('',( #2071 ) ) ;
#3071 = UNCERTAINTY_MEASURE_WITH_UNIT (LENGTH_MEASURE( 1.000000000000000100E-005 ), #4323, 'distance_accuracy_value', 'NONE');
#3072 = CARTESIAN_POINT ( 'NONE',  ( 8.397586906936778600, 5.051000000000001000, -4.527026645096021300 ) ) ;
#3074 = CARTESIAN_POINT ( 'NONE',  ( 4.209999999999999100, -4.049999999999999800, -8.584999999999983100 ) ) ;
#3073 = DIRECTION ( 'NONE',  ( -0.0000000000000000000, 1.000000000000000000, -0.0000000000000000000 ) ) ;
#3075 =( LENGTH_UNIT ( ) NAMED_UNIT ( * ) SI_UNIT ( .MILLI., .METRE. ) );
#3076 = CARTESIAN_POINT ( 'NONE',  ( 5.313872701658665300, 5.051000000000001000, -3.996226937848596600 ) ) ;
#3077 = FACE_OUTER_BOUND ( 'NONE', #2862, .T. ) ;
#3078 = MECHANICAL_DESIGN_GEOMETRIC_PRESENTATION_REPRESENTATION (  '', ( #634 ), #2883 ) ;
#3079 =( NAMED_UNIT ( * ) PLANE_ANGLE_UNIT ( ) SI_UNIT ( $, .RADIAN. ) );
#3080 = LINE ( 'NONE', #3270, #1374 ) ;
#3081 = ADVANCED_FACE ( 'NONE', ( #740 ), #5176, .F. ) ;
#3082 = VERTEX_POINT ( 'NONE', #3440 ) ;
#3083 = DIRECTION ( 'NONE',  ( -0.0000000000000000000, -1.000000000000000000, -0.0000000000000000000 ) ) ;
#3084 = SURFACE_STYLE_FILL_AREA ( #4201 ) ;
#3085 = DIRECTION ( 'NONE',  ( 0.2765379750249961600, 0.0000000000000000000, -0.9610029908221277000 ) ) ;
#3086 = VERTEX_POINT ( 'NONE', #3920 ) ;
#3087 = LINE ( 'NONE', #3163, #4067 ) ;
#3088 = FILL_AREA_STYLE_COLOUR ( '', #1280 ) ;
#3089 = ORIENTED_EDGE ( 'NONE', *, *, #5235, .T. ) ;
#3090 = CARTESIAN_POINT ( 'NONE',  ( 0.0000000000000000000, 5.050000000000000700, 0.0000000000000000000 ) ) ;
#3091 = CARTESIAN_POINT ( 'NONE',  ( 12.52999999999999600, -4.049999999999999800, -0.9649999999999990800 ) ) ;
#3092 = MECHANICAL_DESIGN_GEOMETRIC_PRESENTATION_REPRESENTATION (  '', ( #4471 ), #2142 ) ;
#3093 = COLOUR_RGB ( '',1.000000000000000000, 1.000000000000000000, 1.000000000000000000 ) ;
#3094 = ORIENTED_EDGE ( 'NONE', *, *, #1662, .T. ) ;
#3095 =( NAMED_UNIT ( * ) PLANE_ANGLE_UNIT ( ) SI_UNIT ( $, .RADIAN. ) );
#3096 = VECTOR ( 'NONE', #1880, 1000.000000000000000 ) ;
#3097 = VERTEX_POINT ( 'NONE', #171 ) ;
#3098 = FILL_AREA_STYLE_COLOUR ( '', #194 ) ;
#3099 = PRESENTATION_LAYER_ASSIGNMENT (  '', '', ( #2048 ) ) ;
#3100 = ORIENTED_EDGE ( 'NONE', *, *, #4337, .F. ) ;
#3101 = DIRECTION ( 'NONE',  ( -1.000000000000000000, -0.0000000000000000000, -0.0000000000000000000 ) ) ;
#3102 = EDGE_CURVE ( 'NONE', #3006, #879, #1304, .T. ) ;
#3103 = DIRECTION ( 'NONE',  ( 0.0000000000000000000, 0.0000000000000000000, -1.000000000000000000 ) ) ;
#3104 = ORIENTED_EDGE ( 'NONE', *, *, #4219, .F. ) ;
#3105 = MECHANICAL_DESIGN_GEOMETRIC_PRESENTATION_REPRESENTATION (  '', ( #586 ), #1253 ) ;
#3106 = LINE ( 'NONE', #667, #3631 ) ;
#3107 = SURFACE_STYLE_USAGE ( .BOTH. , #1466 ) ;
#3108 = DIRECTION ( 'NONE',  ( -1.000000000000000000, 0.0000000000000000000, -9.912705577010222800E-015 ) ) ;
#3109 = ORIENTED_EDGE ( 'NONE', *, *, #4045, .F. ) ;
#3110 = CARTESIAN_POINT ( 'NONE',  ( 11.82999999999999700, -4.049999999999999800, -8.585000000000000900 ) ) ;
#3111 = FILL_AREA_STYLE ('',( #4727 ) ) ;
#3112 = VECTOR ( 'NONE', #3972, 1000.000000000000000 ) ;
#3113 = DIRECTION ( 'NONE',  ( -1.000000000000000000, 0.0000000000000000000, -0.0000000000000000000 ) ) ;
#3114 = LINE ( 'NONE', #2869, #3495 ) ;
#3115 = ORIENTED_EDGE ( 'NONE', *, *, #3292, .T. ) ;
#3116 = VECTOR ( 'NONE', #2571, 1000.000000000000000 ) ;
#3117 = EDGE_CURVE ( 'NONE', #4252, #1131, #2440, .T. ) ;
#3118 = PLANE ( 'NONE',  #811 ) ;
#3119 = UNCERTAINTY_MEASURE_WITH_UNIT (LENGTH_MEASURE( 1.000000000000000100E-005 ), #2193, 'distance_accuracy_value', 'NONE');
#3120 = FILL_AREA_STYLE_COLOUR ( '', #5196 ) ;
#3121 = EDGE_LOOP ( 'NONE', ( #508, #2319, #4361, #633 ) ) ;
#3122 = LINE ( 'NONE', #2765, #4941 ) ;
#3123 = FILL_AREA_STYLE_COLOUR ( '', #2373 ) ;
#3124 =( GEOMETRIC_REPRESENTATION_CONTEXT ( 3 ) GLOBAL_UNCERTAINTY_ASSIGNED_CONTEXT ( ( #5322 ) ) GLOBAL_UNIT_ASSIGNED_CONTEXT ( ( #1258, #4167, #2497 ) ) REPRESENTATION_CONTEXT ( 'NONE', 'WORKASPACE' ) );
#3125 = SURFACE_STYLE_FILL_AREA ( #2032 ) ;
#3126 = EDGE_CURVE ( 'NONE', #438, #3086, #2566, .T. ) ;
#3127 =( LENGTH_UNIT ( ) NAMED_UNIT ( * ) SI_UNIT ( .MILLI., .METRE. ) );
#3128 = FILL_AREA_STYLE_COLOUR ( '', #2187 ) ;
#3129 = CARTESIAN_POINT ( 'NONE',  ( 0.0000000000000000000, -4.049999999999999800, 0.0000000000000000000 ) ) ;
#3130 = ORIENTED_EDGE ( 'NONE', *, *, #2825, .T. ) ;
#3131 = COLOUR_RGB ( '',0.8980392156862745400, 0.9215686274509803400, 0.9294117647058823800 ) ;
#3132 = PRESENTATION_LAYER_ASSIGNMENT (  '', '', ( #3909 ) ) ;
#3133 = CARTESIAN_POINT ( 'NONE',  ( 9.793482366010957600, 5.050000000000000700, -4.972348877483165500 ) ) ;
#3134 = LINE ( 'NONE', #3296, #2028 ) ;
#3135 =( GEOMETRIC_REPRESENTATION_CONTEXT ( 3 ) GLOBAL_UNCERTAINTY_ASSIGNED_CONTEXT ( ( #2618 ) ) GLOBAL_UNIT_ASSIGNED_CONTEXT ( ( #131, #4647, #1345 ) ) REPRESENTATION_CONTEXT ( 'NONE', 'WORKASPACE' ) );
#3136 = VECTOR ( 'NONE', #3557, 1000.000000000000000 ) ;
#3137 =( NAMED_UNIT ( * ) SI_UNIT ( $, .STERADIAN. ) SOLID_ANGLE_UNIT ( ) );
#3138 = MECHANICAL_DESIGN_GEOMETRIC_PRESENTATION_REPRESENTATION (  '', ( #2112 ), #4785 ) ;
#3139 = ORIENTED_EDGE ( 'NONE', *, *, #693, .T. ) ;
#3140 = PLANE ( 'NONE',  #2467 ) ;
#3141 = LINE ( 'NONE', #3076, #4744 ) ;
#3142 = CARTESIAN_POINT ( 'NONE',  ( 11.82999999999999700, 0.0000000000000000000, -8.585000000000000900 ) ) ;
#3143 = SURFACE_STYLE_USAGE ( .BOTH. , #4793 ) ;
#3144 = DIRECTION ( 'NONE',  ( 1.000000000000000000, 0.0000000000000000000, -0.0000000000000000000 ) ) ;
#3145 = CARTESIAN_POINT ( 'NONE',  ( 10.12468452440929100, 5.051000000000001000, -4.972322583850103500 ) ) ;
#3146 = VECTOR ( 'NONE', #5090, 1000.000000000000000 ) ;
#3147 = FILL_AREA_STYLE_COLOUR ( '', #346 ) ;
#3148 = DIRECTION ( 'NONE',  ( -0.0000000000000000000, 1.000000000000000000, -0.0000000000000000000 ) ) ;
#3149 = PRESENTATION_LAYER_ASSIGNMENT (  '', '', ( #2196 ) ) ;
#3150 = ORIENTED_EDGE ( 'NONE', *, *, #3489, .F. ) ;
#3151 = PRESENTATION_LAYER_ASSIGNMENT (  '', '', ( #531 ) ) ;
#3152 = CARTESIAN_POINT ( 'NONE',  ( 7.449999999999999300, -4.049999999999999800, -0.6149999999999988800 ) ) ;
#3153 = PRESENTATION_LAYER_ASSIGNMENT (  '', '', ( #2887 ) ) ;
#3154 = CARTESIAN_POINT ( 'NONE',  ( 10.19181571253225500, 5.050000000000000700, -5.205917668354676800 ) ) ;
#3155 = VERTEX_POINT ( 'NONE', #3133 ) ;
#3156 = DIRECTION ( 'NONE',  ( 0.2762033010251985200, 0.0000000000000000000, -0.9610992334315866500 ) ) ;
#3157 = EDGE_CURVE ( 'NONE', #3335, #2199, #3281, .T. ) ;
#3158 = CARTESIAN_POINT ( 'NONE',  ( 11.82999999999999700, 0.0000000000000000000, -8.235000000000001200 ) ) ;
#3159 =( NAMED_UNIT ( * ) SI_UNIT ( $, .STERADIAN. ) SOLID_ANGLE_UNIT ( ) );
#3160 = ORIENTED_EDGE ( 'NONE', *, *, #112, .T. ) ;
#3161 = SURFACE_STYLE_USAGE ( .BOTH. , #2384 ) ;
#3162 =( GEOMETRIC_REPRESENTATION_CONTEXT ( 3 ) GLOBAL_UNCERTAINTY_ASSIGNED_CONTEXT ( ( #225 ) ) GLOBAL_UNIT_ASSIGNED_CONTEXT ( ( #3604, #3199, #1963 ) ) REPRESENTATION_CONTEXT ( 'NONE', 'WORKASPACE' ) );
#3163 = CARTESIAN_POINT ( 'NONE',  ( 1.669999999999999700, -4.049999999999999800, -0.6150000000000345200 ) ) ;
#3164 = CARTESIAN_POINT ( 'NONE',  ( 7.099999999999999600, -4.049999999999999800, -0.6149999999999988800 ) ) ;
#3165 =( NAMED_UNIT ( * ) PLANE_ANGLE_UNIT ( ) SI_UNIT ( $, .RADIAN. ) );
#3166 = ORIENTED_EDGE ( 'NONE', *, *, #3687, .T. ) ;
#3167 = VECTOR ( 'NONE', #2912, 1000.000000000000000 ) ;
#3168 = PRESENTATION_LAYER_ASSIGNMENT (  '', '', ( #1306 ) ) ;
#3169 = CARTESIAN_POINT ( 'NONE',  ( 4.358931573360483600, 5.051000000000001000, -3.996226937848596600 ) ) ;
#3170 = ADVANCED_FACE ( 'NONE', ( #1758 ), #4374, .F. ) ;
#3171 =( NAMED_UNIT ( * ) PLANE_ANGLE_UNIT ( ) SI_UNIT ( $, .RADIAN. ) );
#3172 = EDGE_CURVE ( 'NONE', #2804, #4026, #2276, .T. ) ;
#3173 = ORIENTED_EDGE ( 'NONE', *, *, #924, .T. ) ;
#3174 = CARTESIAN_POINT ( 'NONE',  ( 7.573578721878718900, 5.050000000000000700, -5.205917668354677700 ) ) ;
#3175 = CARTESIAN_POINT ( 'NONE',  ( 14.19999999999999900, 5.050000000000000700, 0.0000000000000000000 ) ) ;
#3176 = VECTOR ( 'NONE', #4990, 1000.000000000000000 ) ;
#3177 = LINE ( 'NONE', #2601, #2533 ) ;
#3178 = ORIENTED_EDGE ( 'NONE', *, *, #4139, .T. ) ;
#3179 = CARTESIAN_POINT ( 'NONE',  ( 4.362595052319494300, 5.050000000000000700, -5.205917668354676800 ) ) ;
#3180 = LINE ( 'NONE', #3237, #4780 ) ;
#3181 = CARTESIAN_POINT ( 'NONE',  ( 5.939106279213127100, 5.051000000000001000, -4.975659249163766300 ) ) ;
#3182 = CARTESIAN_POINT ( 'NONE',  ( 8.461388803700311100, 5.050000000000000700, -4.750616504455980900 ) ) ;
#3183 = CARTESIAN_POINT ( 'NONE',  ( 8.980521289887407800, 5.051000000000001000, -4.750616504455980900 ) ) ;
#3184 = ORIENTED_EDGE ( 'NONE', *, *, #1352, .T. ) ;
#3185 = DIRECTION ( 'NONE',  ( -9.912705577010435800E-015, 0.0000000000000000000, 1.000000000000000000 ) ) ;
#3186 = VECTOR ( 'NONE', #444, 1000.000000000000000 ) ;
#3187 = ORIENTED_EDGE ( 'NONE', *, *, #871, .T. ) ;
#3188 = VECTOR ( 'NONE', #1089, 1000.000000000000000 ) ;
#3189 = FILL_AREA_STYLE_COLOUR ( '', #5375 ) ;
#3190 = DIRECTION ( 'NONE',  ( -0.2746918797667241000, 0.0000000000000000000, 0.9615323037684296900 ) ) ;
#3191 = CARTESIAN_POINT ( 'NONE',  ( 4.707035546987861500, 5.051000000000001000, -5.205917668354676800 ) ) ;
#3192 = MECHANICAL_DESIGN_GEOMETRIC_PRESENTATION_REPRESENTATION (  '', ( #1623 ), #46 ) ;
#3193 = VECTOR ( 'NONE', #553, 1000.000000000000100 ) ;
#3194 = ORIENTED_EDGE ( 'NONE', *, *, #3029, .F. ) ;
#3196 = PRESENTATION_STYLE_ASSIGNMENT (( #1847 ) ) ;
#3195 = DIRECTION ( 'NONE',  ( 0.0000000000000000000, -1.000000000000000000, 0.0000000000000000000 ) ) ;
#3197 = UNCERTAINTY_MEASURE_WITH_UNIT (LENGTH_MEASURE( 1.000000000000000100E-005 ), #3701, 'distance_accuracy_value', 'NONE');
#3198 = AXIS2_PLACEMENT_3D ( 'NONE', #4801, #1071, #4016 ) ;
#3199 =( NAMED_UNIT ( * ) PLANE_ANGLE_UNIT ( ) SI_UNIT ( $, .RADIAN. ) );
#3200 = SURFACE_SIDE_STYLE ('',( #521 ) ) ;
#3201 = ORIENTED_EDGE ( 'NONE', *, *, #1162, .F. ) ;
#3202 = LINE ( 'NONE', #2120, #4605 ) ;
#3203 = CARTESIAN_POINT ( 'NONE',  ( 9.989999999999998400, 0.0000000000000000000, -0.7900000000000008100 ) ) ;
#3204 = ORIENTED_EDGE ( 'NONE', *, *, #4104, .F. ) ;
#3205 =( GEOMETRIC_REPRESENTATION_CONTEXT ( 3 ) GLOBAL_UNCERTAINTY_ASSIGNED_CONTEXT ( ( #896 ) ) GLOBAL_UNIT_ASSIGNED_CONTEXT ( ( #4953, #4154, #4136 ) ) REPRESENTATION_CONTEXT ( 'NONE', 'WORKASPACE' ) );
#3206 = DIRECTION ( 'NONE',  ( -0.2765379750249962200, 0.0000000000000000000, 0.9610029908221277000 ) ) ;
#3207 = VECTOR ( 'NONE', #169, 1000.000000000000100 ) ;
#3208 = ADVANCED_FACE ( 'NONE', ( #4225 ), #3974, .F. ) ;
#3209 = CARTESIAN_POINT ( 'NONE',  ( 5.178910637437359000, 5.051000000000001000, -3.996226937848596600 ) ) ;
#3210 =( NAMED_UNIT ( * ) PLANE_ANGLE_UNIT ( ) SI_UNIT ( $, .RADIAN. ) );
#3211 = DIRECTION ( 'NONE',  ( 1.000000000000000000, 0.0000000000000000000, -0.0000000000000000000 ) ) ;
#3212 = STYLED_ITEM ( 'NONE', ( #3252 ), #4292 ) ;
#3213 = LINE ( 'NONE', #2710, #1489 ) ;
#3214 = LINE ( 'NONE', #4065, #1813 ) ;
#3215 = ORIENTED_EDGE ( 'NONE', *, *, #3735, .F. ) ;
#3216 = DIRECTION ( 'NONE',  ( 0.0000000000000000000, 0.0000000000000000000, -1.000000000000000000 ) ) ;
#3217 = SURFACE_SIDE_STYLE ('',( #2909 ) ) ;
#3218 = LINE ( 'NONE', #1510, #4054 ) ;
#3219 = EDGE_CURVE ( 'NONE', #1267, #4237, #1040, .T. ) ;
#3220 = CARTESIAN_POINT ( 'NONE',  ( 4.209999999999999100, -4.049999999999999800, -0.6150000000000167600 ) ) ;
#3221 = DIRECTION ( 'NONE',  ( -0.9619530280415578000, 0.0000000000000000000, -0.2732148821745950500 ) ) ;
#3222 =( GEOMETRIC_REPRESENTATION_CONTEXT ( 3 ) GLOBAL_UNCERTAINTY_ASSIGNED_CONTEXT ( ( #4979 ) ) GLOBAL_UNIT_ASSIGNED_CONTEXT ( ( #2896, #820, #4529 ) ) REPRESENTATION_CONTEXT ( 'NONE', 'WORKASPACE' ) );
#3223 = PRESENTATION_STYLE_ASSIGNMENT (( #4974 ) ) ;
#3224 =( NAMED_UNIT ( * ) SI_UNIT ( $, .STERADIAN. ) SOLID_ANGLE_UNIT ( ) );
#3225 = ORIENTED_EDGE ( 'NONE', *, *, #2324, .T. ) ;
#3226 =( LENGTH_UNIT ( ) NAMED_UNIT ( * ) SI_UNIT ( .MILLI., .METRE. ) );
#3227 =( NAMED_UNIT ( * ) PLANE_ANGLE_UNIT ( ) SI_UNIT ( $, .RADIAN. ) );
#3228 = VECTOR ( 'NONE', #598, 1000.000000000000100 ) ;
#3229 =( NAMED_UNIT ( * ) PLANE_ANGLE_UNIT ( ) SI_UNIT ( $, .RADIAN. ) );
#3230 = ORIENTED_EDGE ( 'NONE', *, *, #4635, .T. ) ;
#3231 = CARTESIAN_POINT ( 'NONE',  ( 4.209999999999999100, -4.049999999999999800, -0.9650000000000168400 ) ) ;
#3232 = CARTESIAN_POINT ( 'NONE',  ( 10.91000000000000000, 7.426175779181613300E-016, -9.000000000000000000 ) ) ;
#3233 =( NAMED_UNIT ( * ) SI_UNIT ( $, .STERADIAN. ) SOLID_ANGLE_UNIT ( ) );
#3234 = VECTOR ( 'NONE', #1660, 1000.000000000000000 ) ;
#3235 = ADVANCED_FACE ( 'NONE', ( #1303 ), #314, .F. ) ;
#3236 = ORIENTED_EDGE ( 'NONE', *, *, #5364, .F. ) ;
#3237 = CARTESIAN_POINT ( 'NONE',  ( 6.926306928424502900, 5.051000000000001000, -5.073182798732029000 ) ) ;
#3238 = DIRECTION ( 'NONE',  ( -1.000000000000000000, 0.0000000000000000000, -0.0000000000000000000 ) ) ;
#3239 = STYLED_ITEM ( 'NONE', ( #3504 ), #1398 ) ;
#3240 = SURFACE_STYLE_FILL_AREA ( #5010 ) ;
#3241 = VERTEX_POINT ( 'NONE', #4014 ) ;
#3242 = CARTESIAN_POINT ( 'NONE',  ( 7.759700354169154900, 5.051000000000001000, -5.078369047688200400 ) ) ;
#3243 = AXIS2_PLACEMENT_3D ( 'NONE', #5338, #2451, #796 ) ;
#3244 = FILL_AREA_STYLE ('',( #5191 ) ) ;
#3245 = SURFACE_STYLE_USAGE ( .BOTH. , #2818 ) ;
#3246 = VERTEX_POINT ( 'NONE', #293 ) ;
#3247 = PLANE ( 'NONE',  #505 ) ;
#3248 =( GEOMETRIC_REPRESENTATION_CONTEXT ( 3 ) GLOBAL_UNCERTAINTY_ASSIGNED_CONTEXT ( ( #1755 ) ) GLOBAL_UNIT_ASSIGNED_CONTEXT ( ( #4243, #3079, #2229 ) ) REPRESENTATION_CONTEXT ( 'NONE', 'WORKASPACE' ) );
#3249 = CARTESIAN_POINT ( 'NONE',  ( 0.0000000000000000000, 5.051000000000001000, 0.0000000000000000000 ) ) ;
#3250 = SURFACE_SIDE_STYLE ('',( #4879 ) ) ;
#3251 = SURFACE_SIDE_STYLE ('',( #3483 ) ) ;
#3252 = PRESENTATION_STYLE_ASSIGNMENT (( #3269 ) ) ;
#3253 = VERTEX_POINT ( 'NONE', #4836 ) ;
#3254 = AXIS2_PLACEMENT_3D ( 'NONE', #2236, #2614, #3902 ) ;
#3255 = DIRECTION ( 'NONE',  ( 9.912705577010238600E-015, -0.0000000000000000000, 1.000000000000000000 ) ) ;
#3256 = VECTOR ( 'NONE', #5189, 1000.000000000000000 ) ;
#3257 = VECTOR ( 'NONE', #2519, 1000.000000000000000 ) ;
#3258 = EDGE_CURVE ( 'NONE', #3501, #2868, #3218, .T. ) ;
#3259 = VECTOR ( 'NONE', #4993, 999.9999999999998900 ) ;
#3260 = ORIENTED_EDGE ( 'NONE', *, *, #4973, .F. ) ;
#3261 = LINE ( 'NONE', #3650, #3045 ) ;
#3262 = ORIENTED_EDGE ( 'NONE', *, *, #3803, .F. ) ;
#3263 = FILL_AREA_STYLE ('',( #2012 ) ) ;
#3264 = ADVANCED_FACE ( 'NONE', ( #733 ), #4458, .F. ) ;
#3265 =( NAMED_UNIT ( * ) PLANE_ANGLE_UNIT ( ) SI_UNIT ( $, .RADIAN. ) );
#3266 = CARTESIAN_POINT ( 'NONE',  ( 7.756345844204541400, 5.051000000000001000, -3.996226937848596600 ) ) ;
#3267 = ORIENTED_EDGE ( 'NONE', *, *, #4174, .T. ) ;
#3268 = LINE ( 'NONE', #2948, #1802 ) ;
#3269 = SURFACE_STYLE_USAGE ( .BOTH. , #353 ) ;
#3270 = CARTESIAN_POINT ( 'NONE',  ( 5.724167524494057500, 5.051000000000001000, -4.226371333128317300 ) ) ;
#3271 = VECTOR ( 'NONE', #4544, 1000.000000000000000 ) ;
#3272 = DIRECTION ( 'NONE',  ( 0.0000000000000000000, 0.0000000000000000000, -1.000000000000000000 ) ) ;
#3273 = MECHANICAL_DESIGN_GEOMETRIC_PRESENTATION_REPRESENTATION (  '', ( #3642 ), #5012 ) ;
#3274 = CARTESIAN_POINT ( 'NONE',  ( 8.916645829308855300, 5.051000000000001000, -4.527026645096021300 ) ) ;
#3275 = ORIENTED_EDGE ( 'NONE', *, *, #127, .F. ) ;
#3276 = AXIS2_PLACEMENT_3D ( 'NONE', #4882, #5271, #3211 ) ;
#3277 = FILL_AREA_STYLE ('',( #5321 ) ) ;
#3278 = PRESENTATION_STYLE_ASSIGNMENT (( #3708 ) ) ;
#3279 = EDGE_CURVE ( 'NONE', #87, #1773, #190, .T. ) ;
#3280 = LINE ( 'NONE', #1850, #5126 ) ;
#3281 = LINE ( 'NONE', #4357, #469 ) ;
#3282 = MECHANICAL_DESIGN_GEOMETRIC_PRESENTATION_REPRESENTATION (  '', ( #4638 ), #1579 ) ;
#3283 = SURFACE_STYLE_USAGE ( .BOTH. , #362 ) ;
#3284 = CARTESIAN_POINT ( 'NONE',  ( 0.0000000000000000000, 5.050000000000000700, -9.199999999999999300 ) ) ;
#3285 = CARTESIAN_POINT ( 'NONE',  ( 9.289999999999997400, -4.049999999999999800, -8.585000000000000900 ) ) ;
#3286 = CARTESIAN_POINT ( 'NONE',  ( 9.448968307528209800, 5.050000000000000700, -4.972348877486177300 ) ) ;
#3287 = DIRECTION ( 'NONE',  ( -0.2760118818968575500, 0.0000000000000000000, 0.9611542233438684600 ) ) ;
#3288 = LINE ( 'NONE', #138, #1494 ) ;
#3289 =( GEOMETRIC_REPRESENTATION_CONTEXT ( 3 ) GLOBAL_UNCERTAINTY_ASSIGNED_CONTEXT ( ( #2496 ) ) GLOBAL_UNIT_ASSIGNED_CONTEXT ( ( #2780, #3641, #291 ) ) REPRESENTATION_CONTEXT ( 'NONE', 'WORKASPACE' ) );
#3290 = CARTESIAN_POINT ( 'NONE',  ( 8.249878123737223800, 5.051000000000001000, -5.205917668354676800 ) ) ;
#3291 = DIRECTION ( 'NONE',  ( 0.2740217765954074400, 0.0000000000000000000, -0.9617234872620593600 ) ) ;
#3292 = EDGE_CURVE ( 'NONE', #64, #1676, #4806, .T. ) ;
#3293 = VECTOR ( 'NONE', #4125, 1000.000000000000000 ) ;
#3294 = SURFACE_SIDE_STYLE ('',( #3647 ) ) ;
#3295 =( NAMED_UNIT ( * ) SI_UNIT ( $, .STERADIAN. ) SOLID_ANGLE_UNIT ( ) );
#3296 = CARTESIAN_POINT ( 'NONE',  ( 7.191475823436544300, 5.050000000000000700, -5.205917668354676800 ) ) ;
#3297 = FACE_BOUND ( 'NONE', #75, .T. ) ;
#3298 = ORIENTED_EDGE ( 'NONE', *, *, #4928, .F. ) ;
#3299 = FILL_AREA_STYLE_COLOUR ( '', #1144 ) ;
#3300 = LINE ( 'NONE', #1014, #5206 ) ;
#3301 = UNCERTAINTY_MEASURE_WITH_UNIT (LENGTH_MEASURE( 1.000000000000000100E-005 ), #408, 'distance_accuracy_value', 'NONE');
#3302 = EDGE_LOOP ( 'NONE', ( #831, #2908, #1515, #1842, #834, #2842, #1870, #2073, #2988, #1719, #390, #2491, #3556, #3614, #2899, #137, #4542, #2641, #1627, #1224, #67, #1079, #2766 ) ) ;
#3303 = DIRECTION ( 'NONE',  ( -0.0000000000000000000, 1.000000000000000000, -0.0000000000000000000 ) ) ;
#3304 = COLOUR_RGB ( '',0.6941176470588235100, 0.09803921568627450800, 0.09803921568627450800 ) ;
#3305 = ORIENTED_EDGE ( 'NONE', *, *, #1662, .F. ) ;
#3306 = CARTESIAN_POINT ( 'NONE',  ( 9.989999999999996700, -4.049999999999999800, -0.9649999999999990800 ) ) ;
#3307 = PRESENTATION_LAYER_ASSIGNMENT (  '', '', ( #1623 ) ) ;
#3308 = DIRECTION ( 'NONE',  ( 0.9999891854650020400, 0.0000000000000000000, 0.004650693823676657300 ) ) ;
#3309 = LINE ( 'NONE', #3042, #2456 ) ;
#3310 = CARTESIAN_POINT ( 'NONE',  ( 0.0000000000000000000, 0.0000000000000000000, -9.199999999999999300 ) ) ;
#3311 =( GEOMETRIC_REPRESENTATION_CONTEXT ( 3 ) GLOBAL_UNCERTAINTY_ASSIGNED_CONTEXT ( ( #5145 ) ) GLOBAL_UNIT_ASSIGNED_CONTEXT ( ( #676, #1918, #4028 ) ) REPRESENTATION_CONTEXT ( 'NONE', 'WORKASPACE' ) );
#3312 = ORIENTED_EDGE ( 'NONE', *, *, #2851, .F. ) ;
#3313 = EDGE_CURVE ( 'NONE', #4159, #1776, #3787, .T. ) ;
#3314 = DIRECTION ( 'NONE',  ( -0.0000000000000000000, -1.000000000000000000, -0.0000000000000000000 ) ) ;
#3315 = VECTOR ( 'NONE', #4071, 1000.000000000000000 ) ;
#3316 = EDGE_LOOP ( 'NONE', ( #1132, #696, #457, #2298 ) ) ;
#3317 =( NAMED_UNIT ( * ) PLANE_ANGLE_UNIT ( ) SI_UNIT ( $, .RADIAN. ) );
#3318 = AXIS2_PLACEMENT_3D ( 'NONE', #1156, #2860, #369 ) ;
#3319 = EDGE_CURVE ( 'NONE', #4194, #1377, #4164, .T. ) ;
#3320 = EDGE_LOOP ( 'NONE', ( #404, #3262, #4147, #5294 ) ) ;
#3321 = UNCERTAINTY_MEASURE_WITH_UNIT (LENGTH_MEASURE( 1.000000000000000100E-005 ), #2163, 'distance_accuracy_value', 'NONE');
#3322 = CARTESIAN_POINT ( 'NONE',  ( 4.909999999999999300, 0.0000000000000000000, -8.584999999999983100 ) ) ;
#3323 = AXIS2_PLACEMENT_3D ( 'NONE', #1576, #5323, #2889 ) ;
#3324 = ADVANCED_FACE ( 'NONE', ( #4486 ), #729, .F. ) ;
#3325 = COLOUR_RGB ( '',0.8980392156862745400, 0.9215686274509803400, 0.9294117647058823800 ) ;
#3326 = PRESENTATION_STYLE_ASSIGNMENT (( #3426 ) ) ;
#3327 = EDGE_CURVE ( 'NONE', #157, #4256, #268, .T. ) ;
#3328 = ORIENTED_EDGE ( 'NONE', *, *, #2064, .T. ) ;
#3329 = DIRECTION ( 'NONE',  ( -1.000000000000000000, 0.0000000000000000000, -0.0000000000000000000 ) ) ;
#3330 = CARTESIAN_POINT ( 'NONE',  ( 6.394753193036271100, 5.050000000000000700, -4.226371333128317300 ) ) ;
#3331 = EDGE_LOOP ( 'NONE', ( #118, #3236, #5051, #3094 ) ) ;
#3332 = ORIENTED_EDGE ( 'NONE', *, *, #4579, .T. ) ;
#3333 = LINE ( 'NONE', #4808, #105 ) ;
#3334 = COLOUR_RGB ( '',0.8980392156862745400, 0.9215686274509803400, 0.9294117647058823800 ) ;
#3335 = VERTEX_POINT ( 'NONE', #4499 ) ;
#3336 = CARTESIAN_POINT ( 'NONE',  ( 6.749999999999999100, -4.049999999999999800, -0.9649999999999990800 ) ) ;
#3337 = SURFACE_STYLE_FILL_AREA ( #4718 ) ;
#3338 = ORIENTED_EDGE ( 'NONE', *, *, #3877, .T. ) ;
#3339 = ORIENTED_EDGE ( 'NONE', *, *, #4127, .F. ) ;
#3340 = SURFACE_SIDE_STYLE ('',( #614 ) ) ;
#3341 = DIRECTION ( 'NONE',  ( 1.000000000000000000, 0.0000000000000000000, -0.0000000000000000000 ) ) ;
#3342 = EDGE_CURVE ( 'NONE', #1173, #3155, #2612, .T. ) ;
#3343 = ORIENTED_EDGE ( 'NONE', *, *, #4264, .F. ) ;
#3344 =( LENGTH_UNIT ( ) NAMED_UNIT ( * ) SI_UNIT ( .MILLI., .METRE. ) );
#3345 = DIRECTION ( 'NONE',  ( 1.000000000000000000, -0.0000000000000000000, -0.0000000000000000000 ) ) ;
#3346 = VECTOR ( 'NONE', #2864, 1000.000000000000100 ) ;
#3347 = DIRECTION ( 'NONE',  ( 1.000000000000000000, 0.0000000000000000000, 0.0000000000000000000 ) ) ;
#3348 = LINE ( 'NONE', #3913, #4954 ) ;
#3349 = STYLED_ITEM ( 'NONE', ( #2149 ), #1109 ) ;
#3350 = ADVANCED_FACE ( 'NONE', ( #1359 ), #372, .F. ) ;
#3351 = VECTOR ( 'NONE', #4116, 1000.000000000000000 ) ;
#3352 = EDGE_CURVE ( 'NONE', #100, #3056, #4553, .T. ) ;
#3353 = CARTESIAN_POINT ( 'NONE',  ( 5.809832587082340200, 5.050000000000000700, -4.527026645098537500 ) ) ;
#3354 = SURFACE_STYLE_FILL_AREA ( #1879 ) ;
#3355 = PRESENTATION_STYLE_ASSIGNMENT (( #836 ) ) ;
#3356 = MECHANICAL_DESIGN_GEOMETRIC_PRESENTATION_REPRESENTATION (  '', ( #993 ), #4434 ) ;
#3357 = FILL_AREA_STYLE ('',( #4559 ) ) ;
#3358 = FILL_AREA_STYLE ('',( #1620 ) ) ;
#3359 =( GEOMETRIC_REPRESENTATION_CONTEXT ( 3 ) GLOBAL_UNCERTAINTY_ASSIGNED_CONTEXT ( ( #5032 ) ) GLOBAL_UNIT_ASSIGNED_CONTEXT ( ( #2551, #4615, #466 ) ) REPRESENTATION_CONTEXT ( 'NONE', 'WORKASPACE' ) );
#3360 = ORIENTED_EDGE ( 'NONE', *, *, #4714, .F. ) ;
#3361 = DIRECTION ( 'NONE',  ( 0.9610853065513911300, -0.0000000000000000000, 0.2762517575166150700 ) ) ;
#3362 = CARTESIAN_POINT ( 'NONE',  ( 4.209999999999999100, -4.049999999999999800, -0.6150000000000167600 ) ) ;
#3363 = CARTESIAN_POINT ( 'NONE',  ( 5.724167524494057500, 5.051000000000001000, -4.226371333128317300 ) ) ;
#3364 = EDGE_CURVE ( 'NONE', #5170, #1791, #416, .T. ) ;
#3365 = LINE ( 'NONE', #856, #2681 ) ;
#3366 = CARTESIAN_POINT ( 'NONE',  ( 10.12468452440929100, 5.051000000000001000, -4.972322583850103500 ) ) ;
#3367 = VERTEX_POINT ( 'NONE', #2849 ) ;
#3368 = CARTESIAN_POINT ( 'NONE',  ( 5.939106279213127100, 5.050000000000000700, -4.975659249163766300 ) ) ;
#3369 = UNCERTAINTY_MEASURE_WITH_UNIT (LENGTH_MEASURE( 1.000000000000000100E-005 ), #3344, 'distance_accuracy_value', 'NONE');
#3370 = VECTOR ( 'NONE', #534, 1000.000000000000000 ) ;
#3371 = ORIENTED_EDGE ( 'NONE', *, *, #3926, .T. ) ;
#3372 = ADVANCED_FACE ( 'NONE', ( #3850 ), #3728, .F. ) ;
#3373 = ORIENTED_EDGE ( 'NONE', *, *, #3437, .T. ) ;
#3374 =( NAMED_UNIT ( * ) SI_UNIT ( $, .STERADIAN. ) SOLID_ANGLE_UNIT ( ) );
#3375 = AXIS2_PLACEMENT_3D ( 'NONE', #3540, #227, #1854 ) ;
#3376 = DIRECTION ( 'NONE',  ( 1.000000000000000000, 0.0000000000000000000, 0.0000000000000000000 ) ) ;
#3377 = FACE_OUTER_BOUND ( 'NONE', #3121, .T. ) ;
#3378 = EDGE_CURVE ( 'NONE', #4480, #550, #2145, .T. ) ;
#3379 = ORIENTED_EDGE ( 'NONE', *, *, #2691, .T. ) ;
#3380 = DIRECTION ( 'NONE',  ( -1.000000000000000000, 0.0000000000000000000, -3.097720492815722700E-016 ) ) ;
#3381 = SURFACE_STYLE_FILL_AREA ( #2444 ) ;
#3382 = VECTOR ( 'NONE', #3073, 1000.000000000000000 ) ;
#3383 = CARTESIAN_POINT ( 'NONE',  ( 7.449999999999999300, -4.049999999999999800, -0.6149999999999988800 ) ) ;
#3384 = ORIENTED_EDGE ( 'NONE', *, *, #5087, .F. ) ;
#3385 = MECHANICAL_DESIGN_GEOMETRIC_PRESENTATION_REPRESENTATION (  '', ( #3918 ), #3729 ) ;
#3386 = VECTOR ( 'NONE', #3347, 1000.000000000000000 ) ;
#3387 = DIRECTION ( 'NONE',  ( -0.0000000000000000000, -1.000000000000000000, -0.0000000000000000000 ) ) ;
#3388 = VERTEX_POINT ( 'NONE', #4105 ) ;
#3389 = PRESENTATION_STYLE_ASSIGNMENT (( #528 ) ) ;
#3390 = DIRECTION ( 'NONE',  ( -0.0000000000000000000, 0.0000000000000000000, 1.000000000000000000 ) ) ;
#3391 = ORIENTED_EDGE ( 'NONE', *, *, #2367, .F. ) ;
#3392 = EDGE_CURVE ( 'NONE', #272, #4087, #3134, .T. ) ;
#3393 = LINE ( 'NONE', #2622, #2333 ) ;
#3394 = DIRECTION ( 'NONE',  ( -0.0000000000000000000, -0.0000000000000000000, -1.000000000000000000 ) ) ;
#3395 = MECHANICAL_DESIGN_GEOMETRIC_PRESENTATION_REPRESENTATION (  '', ( #3867 ), #4584 ) ;
#3396 = ORIENTED_EDGE ( 'NONE', *, *, #1215, .T. ) ;
#3397 = VECTOR ( 'NONE', #2322, 1000.000000000000000 ) ;
#3398 = DIRECTION ( 'NONE',  ( 0.9999960426590096500, 0.0000000000000000000, 0.002813301676023248900 ) ) ;
#3399 = LINE ( 'NONE', #5349, #581 ) ;
#3400 = ADVANCED_FACE ( 'NONE', ( #1872 ), #1093, .T. ) ;
#3401 = DIRECTION ( 'NONE',  ( -4.956352788505266800E-015, -0.0000000000000000000, 1.000000000000000000 ) ) ;
#3402 = VERTEX_POINT ( 'NONE', #2439 ) ;
#3403 = MECHANICAL_DESIGN_GEOMETRIC_PRESENTATION_REPRESENTATION (  '', ( #5143 ), #4277 ) ;
#3404 = DIRECTION ( 'NONE',  ( 1.000000000000000000, 0.0000000000000000000, 0.0000000000000000000 ) ) ;
#3405 =( NAMED_UNIT ( * ) SI_UNIT ( $, .STERADIAN. ) SOLID_ANGLE_UNIT ( ) );
#3406 = SURFACE_STYLE_FILL_AREA ( #4260 ) ;
#3407 = EDGE_CURVE ( 'NONE', #1855, #163, #5255, .T. ) ;
#3408 = DIRECTION ( 'NONE',  ( 0.9999999968487352000, 0.0000000000000000000, 7.938847109812746000E-005 ) ) ;
#3409 = CARTESIAN_POINT ( 'NONE',  ( 1.669999999999999700, 0.0000000000000000000, -0.6150000000000345200 ) ) ;
#3410 = CARTESIAN_POINT ( 'NONE',  ( 10.19181571253225500, 5.051000000000001000, -5.205917668354676800 ) ) ;
#3411 = STYLED_ITEM ( 'NONE', ( #2493 ), #1204 ) ;
#3412 = EDGE_CURVE ( 'NONE', #5204, #2135, #580, .T. ) ;
#3413 = SURFACE_STYLE_FILL_AREA ( #2915 ) ;
#3414 = MECHANICAL_DESIGN_GEOMETRIC_PRESENTATION_REPRESENTATION (  '', ( #4398 ), #4226 ) ;
#3415 = CARTESIAN_POINT ( 'NONE',  ( 3.640000000000000100, 0.0000000000000000000, -0.2000000000000000100 ) ) ;
#3416 =( GEOMETRIC_REPRESENTATION_CONTEXT ( 3 ) GLOBAL_UNCERTAINTY_ASSIGNED_CONTEXT ( ( #4302 ) ) GLOBAL_UNIT_ASSIGNED_CONTEXT ( ( #3862, #2214, #5111 ) ) REPRESENTATION_CONTEXT ( 'NONE', 'WORKASPACE' ) );
#3417 = DIRECTION ( 'NONE',  ( 0.2755265765475192800, -0.0000000000000000000, -0.9612934544747529000 ) ) ;
#3418 = ADVANCED_FACE ( 'NONE', ( #3900 ), #5376, .F. ) ;
#3419 = ORIENTED_EDGE ( 'NONE', *, *, #4445, .T. ) ;
#3420 = MECHANICAL_DESIGN_GEOMETRIC_PRESENTATION_REPRESENTATION (  '', ( #4711 ), #7 ) ;
#3421 = VECTOR ( 'NONE', #1857, 1000.000000000000000 ) ;
#3422 = DIRECTION ( 'NONE',  ( 1.000000000000000000, 0.0000000000000000000, 0.0000000000000000000 ) ) ;
#3423 = COLOUR_RGB ( '',0.8980392156862745400, 0.9215686274509803400, 0.9294117647058823800 ) ;
#3424 = CARTESIAN_POINT ( 'NONE',  ( 9.168322353241782400, 5.050000000000000700, -3.996226937848597500 ) ) ;
#3425 = ORIENTED_EDGE ( 'NONE', *, *, #2115, .F. ) ;
#3426 = SURFACE_STYLE_USAGE ( .BOTH. , #955 ) ;
#3427 = VERTEX_POINT ( 'NONE', #4930 ) ;
#3428 = EDGE_CURVE ( 'NONE', #3246, #5153, #12, .T. ) ;
#3429 = ORIENTED_EDGE ( 'NONE', *, *, #4865, .F. ) ;
#3430 = CARTESIAN_POINT ( 'NONE',  ( 0.0000000000000000000, 0.0000000000000000000, 0.0000000000000000000 ) ) ;
#3431 = DIRECTION ( 'NONE',  ( 0.0000000000000000000, 0.0000000000000000000, 1.000000000000000000 ) ) ;
#3432 = LINE ( 'NONE', #2798, #4705 ) ;
#3433 = VERTEX_POINT ( 'NONE', #2455 ) ;
#3434 = AXIS2_PLACEMENT_3D ( 'NONE', #2418, #737, #2847 ) ;
#3435 = FILL_AREA_STYLE_COLOUR ( '', #4029 ) ;
#3436 = FACE_OUTER_BOUND ( 'NONE', #3320, .T. ) ;
#3437 = EDGE_CURVE ( 'NONE', #1776, #2336, #1801, .T. ) ;
#3438 = ORIENTED_EDGE ( 'NONE', *, *, #774, .F. ) ;
#3439 = CARTESIAN_POINT ( 'NONE',  ( 7.144954577053015400, 5.050000000000000700, -4.341699067862130300 ) ) ;
#3440 = CARTESIAN_POINT ( 'NONE',  ( 2.940000000000000800, 0.0000000000000000000, -0.2000000000000000100 ) ) ;
#3441 = ORIENTED_EDGE ( 'NONE', *, *, #683, .T. ) ;
#3442 = VECTOR ( 'NONE', #709, 1000.000000000000000 ) ;
#3443 = AXIS2_PLACEMENT_3D ( 'NONE', #2256, #975, #3454 ) ;
#3444 = VERTEX_POINT ( 'NONE', #4487 ) ;
#3445 =( NAMED_UNIT ( * ) SI_UNIT ( $, .STERADIAN. ) SOLID_ANGLE_UNIT ( ) );
#3446 = DIRECTION ( 'NONE',  ( -1.000000000000000000, -0.0000000000000000000, -0.0000000000000000000 ) ) ;
#3447 = ORIENTED_EDGE ( 'NONE', *, *, #4747, .F. ) ;
#3448 = CARTESIAN_POINT ( 'NONE',  ( 6.749999999999999100, -4.049999999999999800, -8.235000000000001200 ) ) ;
#3449 = MECHANICAL_DESIGN_GEOMETRIC_PRESENTATION_REPRESENTATION (  '', ( #1306 ), #1031 ) ;
#3450 = EDGE_CURVE ( 'NONE', #1315, #3711, #4276, .T. ) ;
#3451 = EDGE_LOOP ( 'NONE', ( #2683, #4340, #4316, #1652 ) ) ;
#3452 = DIRECTION ( 'NONE',  ( 0.0000000000000000000, 0.0000000000000000000, 1.000000000000000000 ) ) ;
#3453 = UNCERTAINTY_MEASURE_WITH_UNIT (LENGTH_MEASURE( 1.000000000000000100E-005 ), #4840, 'distance_accuracy_value', 'NONE');
#3454 = DIRECTION ( 'NONE',  ( 1.000000000000000000, 0.0000000000000000000, 0.0000000000000000000 ) ) ;
#3455 = PRODUCT_RELATED_PRODUCT_CATEGORY ( 'part', '', ( #374 ) ) ;
#3456 = FILL_AREA_STYLE_COLOUR ( '', #3490 ) ;
#3457 = COLOUR_RGB ( '',1.000000000000000000, 1.000000000000000000, 1.000000000000000000 ) ;
#3458 = VECTOR ( 'NONE', #186, 1000.000000000000000 ) ;
#3459 = PRESENTATION_STYLE_ASSIGNMENT (( #3673 ) ) ;
#3460 = AXIS2_PLACEMENT_3D ( 'NONE', #2287, #5187, #3949 ) ;
#3461 = PLANE ( 'NONE',  #4537 ) ;
#3462 =( LENGTH_UNIT ( ) NAMED_UNIT ( * ) SI_UNIT ( .MILLI., .METRE. ) );
#3463 =( GEOMETRIC_REPRESENTATION_CONTEXT ( 3 ) GLOBAL_UNCERTAINTY_ASSIGNED_CONTEXT ( ( #741 ) ) GLOBAL_UNIT_ASSIGNED_CONTEXT ( ( #27, #1644, #860 ) ) REPRESENTATION_CONTEXT ( 'NONE', 'WORKASPACE' ) );
#3464 = SURFACE_SIDE_STYLE ('',( #4303 ) ) ;
#3465 = CARTESIAN_POINT ( 'NONE',  ( 4.910000000000000100, -4.049999999999999800, -0.7900000000000185800 ) ) ;
#3466 = CARTESIAN_POINT ( 'NONE',  ( 2.020000000000000000, -4.049999999999999800, -8.584999999999965300 ) ) ;
#3467 = CARTESIAN_POINT ( 'NONE',  ( 1.669999999999999700, -4.049999999999999800, -0.6150000000000345200 ) ) ;
#3468 = ORIENTED_EDGE ( 'NONE', *, *, #4608, .T. ) ;
#3469 = LINE ( 'NONE', #3158, #876 ) ;
#3470 = ORIENTED_EDGE ( 'NONE', *, *, #3529, .F. ) ;
#3471 = FILL_AREA_STYLE ('',( #141 ) ) ;
#3472 = EDGE_CURVE ( 'NONE', #4933, #1572, #3202, .T. ) ;
#3473 = DIRECTION ( 'NONE',  ( 1.000000000000000000, 0.0000000000000000000, -0.0000000000000000000 ) ) ;
#3474 = ORIENTED_EDGE ( 'NONE', *, *, #2958, .F. ) ;
#3475 = EDGE_LOOP ( 'NONE', ( #4999, #672, #3966, #4779 ) ) ;
#3476 = SURFACE_STYLE_USAGE ( .BOTH. , #144 ) ;
#3477 =( GEOMETRIC_REPRESENTATION_CONTEXT ( 3 ) GLOBAL_UNCERTAINTY_ASSIGNED_CONTEXT ( ( #3853 ) ) GLOBAL_UNIT_ASSIGNED_CONTEXT ( ( #1450, #3210, #4035 ) ) REPRESENTATION_CONTEXT ( 'NONE', 'WORKASPACE' ) );
#3478 = SURFACE_SIDE_STYLE ('',( #1312 ) ) ;
#3479 = PLANE ( 'NONE',  #1098 ) ;
#3480 = ORIENTED_EDGE ( 'NONE', *, *, #4482, .T. ) ;
#3481 = PLANE ( 'NONE',  #4740 ) ;
#3482 = DIRECTION ( 'NONE',  ( -0.9237839814038696400, 0.0000000000000000000, 0.3829140317376929500 ) ) ;
#3483 = SURFACE_STYLE_FILL_AREA ( #337 ) ;
#3484 = DIRECTION ( 'NONE',  ( -1.000000000000000000, 0.0000000000000000000, 0.0000000000000000000 ) ) ;
#3485 = LINE ( 'NONE', #4872, #3938 ) ;
#3486 = DIRECTION ( 'NONE',  ( 1.000000000000000000, 0.0000000000000000000, 0.0000000000000000000 ) ) ;
#3487 = ORIENTED_EDGE ( 'NONE', *, *, #2486, .F. ) ;
#3488 = LINE ( 'NONE', #3750, #4587 ) ;
#3489 = EDGE_CURVE ( 'NONE', #5082, #1205, #2078, .T. ) ;
#3490 = COLOUR_RGB ( '',1.000000000000000000, 1.000000000000000000, 1.000000000000000000 ) ;
#3491 = UNCERTAINTY_MEASURE_WITH_UNIT (LENGTH_MEASURE( 1.000000000000000100E-005 ), #3462, 'distance_accuracy_value', 'NONE');
#3492 = PLANE ( 'NONE',  #1397 ) ;
#3493 = ORIENTED_EDGE ( 'NONE', *, *, #4174, .F. ) ;
#3494 = SURFACE_STYLE_USAGE ( .BOTH. , #4301 ) ;
#3495 = VECTOR ( 'NONE', #1165, 1000.000000000000000 ) ;
#3496 = ORIENTED_EDGE ( 'NONE', *, *, #1123, .F. ) ;
#3497 = CARTESIAN_POINT ( 'NONE',  ( 6.617081432004043000, 5.051000000000001000, -3.996226937848596600 ) ) ;
#3498 = MECHANICAL_DESIGN_GEOMETRIC_PRESENTATION_REPRESENTATION (  '', ( #3577 ), #4068 ) ;
#3499 = DIRECTION ( 'NONE',  ( 0.0000000000000000000, 1.000000000000000000, -0.0000000000000000000 ) ) ;
#3500 = VECTOR ( 'NONE', #2155, 1000.000000000000000 ) ;
#3501 = VERTEX_POINT ( 'NONE', #3753 ) ;
#3503 = CARTESIAN_POINT ( 'NONE',  ( 11.26000000000000000, 0.0000000000000000000, -0.2000000000000000100 ) ) ;
#3502 = CARTESIAN_POINT ( 'NONE',  ( 4.209999999999999100, -4.049999999999999800, -0.6150000000000167600 ) ) ;
#3504 = PRESENTATION_STYLE_ASSIGNMENT (( #530 ) ) ;
#3505 = STYLED_ITEM ( 'NONE', ( #2650 ), #3848 ) ;
#3506 = DIRECTION ( 'NONE',  ( 0.0000000000000000000, 0.0000000000000000000, -1.000000000000000000 ) ) ;
#3507 = ORIENTED_EDGE ( 'NONE', *, *, #3102, .F. ) ;
#3508 = VECTOR ( 'NONE', #79, 1000.000000000000000 ) ;
#3509 = COLOUR_RGB ( '',0.6941176470588235100, 0.09803921568627450800, 0.09803921568627450800 ) ;
#3510 =( LENGTH_UNIT ( ) NAMED_UNIT ( * ) SI_UNIT ( .MILLI., .METRE. ) );
#3511 = STYLED_ITEM ( 'NONE', ( #2994 ), #4669 ) ;
#3512 = ORIENTED_EDGE ( 'NONE', *, *, #5374, .F. ) ;
#3513 = UNCERTAINTY_MEASURE_WITH_UNIT (LENGTH_MEASURE( 1.000000000000000100E-005 ), #783, 'distance_accuracy_value', 'NONE');
#3514 = VECTOR ( 'NONE', #1736, 1000.000000000000000 ) ;
#3515 = DIRECTION ( 'NONE',  ( -0.0000000000000000000, -1.000000000000000000, -0.0000000000000000000 ) ) ;
#3516 = VECTOR ( 'NONE', #4921, 1000.000000000000000 ) ;
#3517 = EDGE_CURVE ( 'NONE', #1892, #4212, #1412, .T. ) ;
#3518 = CARTESIAN_POINT ( 'NONE',  ( 1.669999999999999700, 0.0000000000000000000, -8.234999999999965700 ) ) ;
#3519 = VECTOR ( 'NONE', #3846, 1000.000000000000000 ) ;
#3520 = VECTOR ( 'NONE', #4051, 1000.000000000000000 ) ;
#3521 = PLANE ( 'NONE',  #3443 ) ;
#3522 = SURFACE_SIDE_STYLE ('',( #5190 ) ) ;
#3523 = SURFACE_SIDE_STYLE ('',( #1788 ) ) ;
#3524 = PRESENTATION_STYLE_ASSIGNMENT (( #3494 ) ) ;
#3525 = ORIENTED_EDGE ( 'NONE', *, *, #3172, .T. ) ;
#3526 = STYLED_ITEM ( 'NONE', ( #277 ), #3081 ) ;
#3527 = DIRECTION ( 'NONE',  ( 0.0000000000000000000, 0.0000000000000000000, 1.000000000000000000 ) ) ;
#3528 = MECHANICAL_DESIGN_GEOMETRIC_PRESENTATION_REPRESENTATION (  '', ( #2990 ), #4102 ) ;
#3529 = EDGE_CURVE ( 'NONE', #3056, #3955, #5064, .T. ) ;
#3530 = CARTESIAN_POINT ( 'NONE',  ( 4.209999999999999100, -4.049999999999999800, -8.234999999999981700 ) ) ;
#3531 = FACE_BOUND ( 'NONE', #2518, .T. ) ;
#3532 = CARTESIAN_POINT ( 'NONE',  ( 1.669999999999999700, -4.049999999999999800, -8.584999999999963500 ) ) ;
#3533 = VERTEX_POINT ( 'NONE', #3368 ) ;
#3534 = DIRECTION ( 'NONE',  ( -1.000000000000000000, 0.0000000000000000000, 0.0000000000000000000 ) ) ;
#3535 = SURFACE_STYLE_USAGE ( .BOTH. , #3522 ) ;
#3536 = ORIENTED_EDGE ( 'NONE', *, *, #1050, .T. ) ;
#3537 = FACE_OUTER_BOUND ( 'NONE', #2713, .T. ) ;
#3538 = EDGE_LOOP ( 'NONE', ( #2933, #244, #719, #4838 ) ) ;
#3539 = DIRECTION ( 'NONE',  ( 0.0000000000000000000, 0.0000000000000000000, -1.000000000000000000 ) ) ;
#3540 = CARTESIAN_POINT ( 'NONE',  ( 11.82999999999999700, -4.049999999999999800, -0.9649999999999990800 ) ) ;
#3541 = MECHANICAL_DESIGN_GEOMETRIC_PRESENTATION_REPRESENTATION (  '', ( #4942 ), #191 ) ;
#3542 = LINE ( 'NONE', #2109, #1766 ) ;
#3543 = ORIENTED_EDGE ( 'NONE', *, *, #551, .T. ) ;
#3544 =( NAMED_UNIT ( * ) PLANE_ANGLE_UNIT ( ) SI_UNIT ( $, .RADIAN. ) );
#3545 = EDGE_CURVE ( 'NONE', #2268, #231, #4663, .T. ) ;
#3546 = LINE ( 'NONE', #5327, #3315 ) ;
#3547 = CARTESIAN_POINT ( 'NONE',  ( 7.448944730396791900, 5.051000000000001000, -3.996226937848596600 ) ) ;
#3548 = VERTEX_POINT ( 'NONE', #1302 ) ;
#3549 = SURFACE_SIDE_STYLE ('',( #3689 ) ) ;
#3550 = VECTOR ( 'NONE', #2426, 1000.000000000000000 ) ;
#3551 = DIRECTION ( 'NONE',  ( -4.956352788505110600E-015, 0.0000000000000000000, 1.000000000000000000 ) ) ;
#3552 = VERTEX_POINT ( 'NONE', #4146 ) ;
#3553 = SURFACE_STYLE_FILL_AREA ( #2019 ) ;
#3554 = CARTESIAN_POINT ( 'NONE',  ( 6.865940461821950600, 5.050000000000000700, -3.996226937848596600 ) ) ;
#3555 = SURFACE_SIDE_STYLE ('',( #5307 ) ) ;
#3556 = ORIENTED_EDGE ( 'NONE', *, *, #2052, .T. ) ;
#3557 = DIRECTION ( 'NONE',  ( -0.0000000000000000000, -0.0000000000000000000, -1.000000000000000000 ) ) ;
#3558 = SURFACE_STYLE_FILL_AREA ( #3970 ) ;
#3559 =( LENGTH_UNIT ( ) NAMED_UNIT ( * ) SI_UNIT ( .MILLI., .METRE. ) );
#3560 = MECHANICAL_DESIGN_GEOMETRIC_PRESENTATION_REPRESENTATION (  '', ( #1042 ), #4121 ) ;
#3561 = LINE ( 'NONE', #1628, #3186 ) ;
#3562 = CARTESIAN_POINT ( 'NONE',  ( 8.461388803700311100, 5.051000000000001000, -4.750616504455980900 ) ) ;
#3563 = VECTOR ( 'NONE', #1313, 1000.000000000000100 ) ;
#3564 = VERTEX_POINT ( 'NONE', #2140 ) ;
#3565 = VECTOR ( 'NONE', #2753, 1000.000000000000000 ) ;
#3566 = SURFACE_STYLE_USAGE ( .BOTH. , #4866 ) ;
#3567 = PRESENTATION_LAYER_ASSIGNMENT (  '', '', ( #2807 ) ) ;
#3568 = CARTESIAN_POINT ( 'NONE',  ( 2.369999999999999700, -4.049999999999999800, -8.234999999999965700 ) ) ;
#3569 = VERTEX_POINT ( 'NONE', #4556 ) ;
#3570 = EDGE_CURVE ( 'NONE', #1012, #1603, #2552, .T. ) ;
#3571 = VERTEX_POINT ( 'NONE', #63 ) ;
#3572 = DIRECTION ( 'NONE',  ( 0.0000000000000000000, -0.0000000000000000000, -1.000000000000000000 ) ) ;
#3573 =( NAMED_UNIT ( * ) SI_UNIT ( $, .STERADIAN. ) SOLID_ANGLE_UNIT ( ) );
#3574 = VERTEX_POINT ( 'NONE', #4177 ) ;
#3575 = SURFACE_STYLE_USAGE ( .BOTH. , #3549 ) ;
#3576 = VECTOR ( 'NONE', #3417, 1000.000000000000100 ) ;
#3577 = STYLED_ITEM ( 'NONE', ( #716 ), #1225 ) ;
#3578 = DIRECTION ( 'NONE',  ( 1.000000000000000000, -0.0000000000000000000, -0.0000000000000000000 ) ) ;
#3579 = EDGE_CURVE ( 'NONE', #4184, #817, #1351, .T. ) ;
#3580 = ADVANCED_FACE ( 'NONE', ( #5119 ), #3775, .T. ) ;
#3581 = ORIENTED_EDGE ( 'NONE', *, *, #3790, .T. ) ;
#3582 = VECTOR ( 'NONE', #4131, 1000.000000000000000 ) ;
#3583 = FACE_OUTER_BOUND ( 'NONE', #2050, .T. ) ;
#3584 =( NAMED_UNIT ( * ) SI_UNIT ( $, .STERADIAN. ) SOLID_ANGLE_UNIT ( ) );
#3585 = DIRECTION ( 'NONE',  ( -0.4668459304955207600, 0.0000000000000000000, 0.8843386665637613700 ) ) ;
#3586 = EDGE_CURVE ( 'NONE', #3955, #4401, #795, .T. ) ;
#3587 = CARTESIAN_POINT ( 'NONE',  ( 0.0000000000000000000, 5.050000000000000700, 0.0000000000000000000 ) ) ;
#3588 = PLANE ( 'NONE',  #3617 ) ;
#3589 = COLOUR_RGB ( '',0.8980392156862745400, 0.9215686274509803400, 0.9294117647058823800 ) ;
#3590 = AXIS2_PLACEMENT_3D ( 'NONE', #2366, #375, #5317 ) ;
#3591 = SURFACE_SIDE_STYLE ('',( #4172 ) ) ;
#3592 = PLANE ( 'NONE',  #1227 ) ;
#3593 = FILL_AREA_STYLE ('',( #4752 ) ) ;
#3594 = LINE ( 'NONE', #2341, #532 ) ;
#3595 =( NAMED_UNIT ( * ) PLANE_ANGLE_UNIT ( ) SI_UNIT ( $, .RADIAN. ) );
#3596 =( LENGTH_UNIT ( ) NAMED_UNIT ( * ) SI_UNIT ( .MILLI., .METRE. ) );
#3597 =( NAMED_UNIT ( * ) SI_UNIT ( $, .STERADIAN. ) SOLID_ANGLE_UNIT ( ) );
#3598 = CARTESIAN_POINT ( 'NONE',  ( 8.526860599064679700, 5.051000000000001000, -4.975618789064136600 ) ) ;
#3599 = CARTESIAN_POINT ( 'NONE',  ( 8.916645829308855300, 5.051000000000001000, -4.527026645096021300 ) ) ;
#3600 = SURFACE_STYLE_USAGE ( .BOTH. , #2824 ) ;
#3601 =( GEOMETRIC_REPRESENTATION_CONTEXT ( 3 ) GLOBAL_UNCERTAINTY_ASSIGNED_CONTEXT ( ( #222 ) ) GLOBAL_UNIT_ASSIGNED_CONTEXT ( ( #306, #4873, #2815 ) ) REPRESENTATION_CONTEXT ( 'NONE', 'WORKASPACE' ) );
#3602 = ORIENTED_EDGE ( 'NONE', *, *, #4382, .F. ) ;
#3603 = CARTESIAN_POINT ( 'NONE',  ( 9.168322353241782400, 5.050000000000000700, -3.996226937848597500 ) ) ;
#3604 =( LENGTH_UNIT ( ) NAMED_UNIT ( * ) SI_UNIT ( .MILLI., .METRE. ) );
#3605 = SURFACE_STYLE_USAGE ( .BOTH. , #3200 ) ;
#3606 = LINE ( 'NONE', #3142, #3096 ) ;
#3607 = MECHANICAL_DESIGN_GEOMETRIC_PRESENTATION_REPRESENTATION (  '', ( #2887 ), #1081 ) ;
#3608 = EDGE_LOOP ( 'NONE', ( #4163, #5103, #4844, #430 ) ) ;
#3609 = EDGE_CURVE ( 'NONE', #366, #4461, #4729, .T. ) ;
#3610 = DIRECTION ( 'NONE',  ( -1.000000000000000000, 0.0000000000000000000, -0.0000000000000000000 ) ) ;
#3611 = CARTESIAN_POINT ( 'NONE',  ( 6.749999999999999100, -4.049999999999999800, -8.235000000000001200 ) ) ;
#3612 = PRESENTATION_STYLE_ASSIGNMENT (( #2728 ) ) ;
#3613 = VERTEX_POINT ( 'NONE', #2524 ) ;
#3614 = ORIENTED_EDGE ( 'NONE', *, *, #5318, .T. ) ;
#3615 = CARTESIAN_POINT ( 'NONE',  ( 2.369999999999999700, 0.0000000000000000000, -8.584999999999965300 ) ) ;
#3616 =( NAMED_UNIT ( * ) PLANE_ANGLE_UNIT ( ) SI_UNIT ( $, .RADIAN. ) );
#3617 = AXIS2_PLACEMENT_3D ( 'NONE', #1076, #1405, #4317 ) ;
#3618 = FACE_OUTER_BOUND ( 'NONE', #3722, .T. ) ;
#3619 =( NAMED_UNIT ( * ) SI_UNIT ( $, .STERADIAN. ) SOLID_ANGLE_UNIT ( ) );
#3620 = FILL_AREA_STYLE ('',( #2338 ) ) ;
#3621 =( NAMED_UNIT ( * ) PLANE_ANGLE_UNIT ( ) SI_UNIT ( $, .RADIAN. ) );
#3622 = CARTESIAN_POINT ( 'NONE',  ( 10.56000000000000000, 0.0000000000000000000, -9.000000000000000000 ) ) ;
#3623 =( NAMED_UNIT ( * ) PLANE_ANGLE_UNIT ( ) SI_UNIT ( $, .RADIAN. ) );
#3624 = ORIENTED_EDGE ( 'NONE', *, *, #2076, .T. ) ;
#3625 = LINE ( 'NONE', #3274, #2525 ) ;
#3626 = AXIS2_PLACEMENT_3D ( 'NONE', #459, #4202, #2170 ) ;
#3627 = SURFACE_STYLE_USAGE ( .BOTH. , #4444 ) ;
#3628 =( NAMED_UNIT ( * ) PLANE_ANGLE_UNIT ( ) SI_UNIT ( $, .RADIAN. ) );
#3629 = EDGE_CURVE ( 'NONE', #2185, #438, #3840, .T. ) ;
#3630 = ORIENTED_EDGE ( 'NONE', *, *, #1352, .F. ) ;
#3631 = VECTOR ( 'NONE', #747, 1000.000000000000000 ) ;
#3632 = VECTOR ( 'NONE', #1728, 1000.000000000000000 ) ;
#3633 = VERTEX_POINT ( 'NONE', #864 ) ;
#3634 = CARTESIAN_POINT ( 'NONE',  ( 0.0000000000000000000, 0.0000000000000000000, -0.2000000000000000100 ) ) ;
#3635 = ADVANCED_FACE ( 'NONE', ( #1614 ), #3738, .F. ) ;
#3636 = PLANE ( 'NONE',  #30 ) ;
#3637 = VECTOR ( 'NONE', #3398, 999.9999999999998900 ) ;
#3638 = MANIFOLD_SOLID_BREP ( 'Mirror1', #3765 ) ;
#3639 = ORIENTED_EDGE ( 'NONE', *, *, #802, .T. ) ;
#3640 = FACE_OUTER_BOUND ( 'NONE', #256, .T. ) ;
#3641 =( NAMED_UNIT ( * ) PLANE_ANGLE_UNIT ( ) SI_UNIT ( $, .RADIAN. ) );
#3642 = STYLED_ITEM ( 'NONE', ( #3662 ), #3350 ) ;
#3643 = LINE ( 'NONE', #4173, #2008 ) ;
#3644 = CARTESIAN_POINT ( 'NONE',  ( 7.191475823436544300, 5.051000000000001000, -5.205917668354676800 ) ) ;
#3645 = CARTESIAN_POINT ( 'NONE',  ( 1.669999999999999700, -4.049999999999999800, -8.234999999999965700 ) ) ;
#3646 = ORIENTED_EDGE ( 'NONE', *, *, #980, .T. ) ;
#3647 = SURFACE_STYLE_FILL_AREA ( #4100 ) ;
#3648 = LINE ( 'NONE', #2568, #1409 ) ;
#3649 = MECHANICAL_DESIGN_GEOMETRIC_PRESENTATION_REPRESENTATION (  '', ( #1876 ), #208 ) ;
#3650 = CARTESIAN_POINT ( 'NONE',  ( 1.669999999999999700, -4.049999999999999800, -8.584999999999963500 ) ) ;
#3651 = CARTESIAN_POINT ( 'NONE',  ( 4.906650958062761500, 5.051000000000001000, -4.653056172982758200 ) ) ;
#3652 = EDGE_LOOP ( 'NONE', ( #3674, #938, #363, #3624 ) ) ;
#3653 = VECTOR ( 'NONE', #2072, 1000.000000000000100 ) ;
#3654 = COLOUR_RGB ( '',1.000000000000000000, 1.000000000000000000, 1.000000000000000000 ) ;
#3655 = ORIENTED_EDGE ( 'NONE', *, *, #248, .T. ) ;
#3656 =( GEOMETRIC_REPRESENTATION_CONTEXT ( 3 ) GLOBAL_UNCERTAINTY_ASSIGNED_CONTEXT ( ( #4746 ) ) GLOBAL_UNIT_ASSIGNED_CONTEXT ( ( #1426, #589, #4682 ) ) REPRESENTATION_CONTEXT ( 'NONE', 'WORKASPACE' ) );
#3657 = CARTESIAN_POINT ( 'NONE',  ( 4.810841445385825900, 5.050000000000000700, -3.996226937848596600 ) ) ;
#3658 =( NAMED_UNIT ( * ) SI_UNIT ( $, .STERADIAN. ) SOLID_ANGLE_UNIT ( ) );
#3659 = VECTOR ( 'NONE', #4010, 1000.000000000000000 ) ;
#3660 = SURFACE_STYLE_USAGE ( .BOTH. , #367 ) ;
#3661 = CARTESIAN_POINT ( 'NONE',  ( 8.980521289887407800, 5.050000000000000700, -4.750616504455980900 ) ) ;
#3662 = PRESENTATION_STYLE_ASSIGNMENT (( #1606 ) ) ;
#3663 = FILL_AREA_STYLE ('',( #1885 ) ) ;
#3664 = UNCERTAINTY_MEASURE_WITH_UNIT (LENGTH_MEASURE( 1.000000000000000100E-005 ), #5258, 'distance_accuracy_value', 'NONE');
#3665 = MECHANICAL_DESIGN_GEOMETRIC_PRESENTATION_REPRESENTATION (  '', ( #5128 ), #3923 ) ;
#3666 = FILL_AREA_STYLE_COLOUR ( '', #2775 ) ;
#3667 = DIRECTION ( 'NONE',  ( -0.0000000000000000000, 1.000000000000000000, -0.0000000000000000000 ) ) ;
#3668 = SURFACE_STYLE_USAGE ( .BOTH. , #5275 ) ;
#3669 = FILL_AREA_STYLE_COLOUR ( '', #763 ) ;
#3670 = EDGE_CURVE ( 'NONE', #2657, #3086, #967, .T. ) ;
#3671 = PLANE ( 'NONE',  #1783 ) ;
#3672 = SURFACE_STYLE_FILL_AREA ( #654 ) ;
#3673 = SURFACE_STYLE_USAGE ( .BOTH. , #1122 ) ;
#3674 = ORIENTED_EDGE ( 'NONE', *, *, #2662, .T. ) ;
#3675 = CARTESIAN_POINT ( 'NONE',  ( 12.52999999999999600, 0.0000000000000000000, -8.235000000000001200 ) ) ;
#3676 = AXIS2_PLACEMENT_3D ( 'NONE', #4369, #2307, #1925 ) ;
#3677 = DIRECTION ( 'NONE',  ( -0.2745159998572621100, 0.0000000000000000000, 0.9615825319869156800 ) ) ;
#3678 = CARTESIAN_POINT ( 'NONE',  ( 0.0000000000000000000, 5.050000000000000700, 0.0000000000000000000 ) ) ;
#3679 = FILL_AREA_STYLE ('',( #1194 ) ) ;
#3680 =( GEOMETRIC_REPRESENTATION_CONTEXT ( 3 ) GLOBAL_UNCERTAINTY_ASSIGNED_CONTEXT ( ( #3369 ) ) GLOBAL_UNIT_ASSIGNED_CONTEXT ( ( #3344, #2839, #822 ) ) REPRESENTATION_CONTEXT ( 'NONE', 'WORKASPACE' ) );
#3681 =( NAMED_UNIT ( * ) PLANE_ANGLE_UNIT ( ) SI_UNIT ( $, .RADIAN. ) );
#3682 = FACE_BOUND ( 'NONE', #4822, .T. ) ;
#3683 = CARTESIAN_POINT ( 'NONE',  ( 2.369999999999999700, -4.049999999999999800, -0.9650000000000345000 ) ) ;
#3684 = VERTEX_POINT ( 'NONE', #3220 ) ;
#3685 = FILL_AREA_STYLE_COLOUR ( '', #2441 ) ;
#3686 = CARTESIAN_POINT ( 'NONE',  ( 8.980521289887407800, 5.050000000000000700, -4.750616504455980900 ) ) ;
#3687 = EDGE_CURVE ( 'NONE', #1578, #5216, #4213, .T. ) ;
#3688 = ORIENTED_EDGE ( 'NONE', *, *, #2264, .T. ) ;
#3689 = SURFACE_STYLE_FILL_AREA ( #5171 ) ;
#3690 = EDGE_LOOP ( 'NONE', ( #2379, #3339, #2921, #888 ) ) ;
#3691 = FILL_AREA_STYLE_COLOUR ( '', #275 ) ;
#3692 = EDGE_LOOP ( 'NONE', ( #2848, #2244, #3987, #5300 ) ) ;
#3693 = CARTESIAN_POINT ( 'NONE',  ( 6.328972429650927500, 5.050000000000000700, -4.527026645098537500 ) ) ;
#3694 = UNCERTAINTY_MEASURE_WITH_UNIT (LENGTH_MEASURE( 1.000000000000000100E-005 ), #3700, 'distance_accuracy_value', 'NONE');
#3695 = FILL_AREA_STYLE_COLOUR ( '', #3334 ) ;
#3696 = STYLED_ITEM ( 'NONE', ( #1236 ), #3418 ) ;
#3697 = LINE ( 'NONE', #2402, #1271 ) ;
#3698 = ORIENTED_EDGE ( 'NONE', *, *, #774, .T. ) ;
#3699 = PRESENTATION_LAYER_ASSIGNMENT (  '', '', ( #993 ) ) ;
#3700 =( LENGTH_UNIT ( ) NAMED_UNIT ( * ) SI_UNIT ( .MILLI., .METRE. ) );
#3701 =( LENGTH_UNIT ( ) NAMED_UNIT ( * ) SI_UNIT ( .MILLI., .METRE. ) );
#3702 =( LENGTH_UNIT ( ) NAMED_UNIT ( * ) SI_UNIT ( .MILLI., .METRE. ) );
#3703 = ORIENTED_EDGE ( 'NONE', *, *, #1162, .T. ) ;
#3704 = PRESENTATION_LAYER_ASSIGNMENT (  '', '', ( #4619 ) ) ;
#3705 = FILL_AREA_STYLE_COLOUR ( '', #895 ) ;
#3706 = ORIENTED_EDGE ( 'NONE', *, *, #3392, .F. ) ;
#3707 = VECTOR ( 'NONE', #4141, 1000.000000000000000 ) ;
#3708 = SURFACE_STYLE_USAGE ( .BOTH. , #2829 ) ;
#3709 = ORIENTED_EDGE ( 'NONE', *, *, #966, .F. ) ;
#3710 = PRESENTATION_STYLE_ASSIGNMENT (( #2808 ) ) ;
#3711 = VERTEX_POINT ( 'NONE', #694 ) ;
#3712 = FILL_AREA_STYLE ('',( #1273 ) ) ;
#3713 = UNCERTAINTY_MEASURE_WITH_UNIT (LENGTH_MEASURE( 1.000000000000000100E-005 ), #5177, 'distance_accuracy_value', 'NONE');
#3714 = ORIENTED_EDGE ( 'NONE', *, *, #2206, .F. ) ;
#3715 = VECTOR ( 'NONE', #1063, 1000.000000000000000 ) ;
#3716 = CARTESIAN_POINT ( 'NONE',  ( 4.209999999999999100, 0.0000000000000000000, -0.6150000000000167600 ) ) ;
#3717 = DIRECTION ( 'NONE',  ( -1.000000000000000000, -0.0000000000000000000, -0.0000000000000000000 ) ) ;
#3718 = EDGE_CURVE ( 'NONE', #927, #3155, #3122, .T. ) ;
#3719 = SURFACE_STYLE_USAGE ( .BOTH. , #809 ) ;
#3720 = ORIENTED_EDGE ( 'NONE', *, *, #4426, .T. ) ;
#3721 = CARTESIAN_POINT ( 'NONE',  ( 8.916645829308855300, 5.050000000000000700, -4.527026645096022200 ) ) ;
#3722 = EDGE_LOOP ( 'NONE', ( #2835, #2485, #1648, #2759 ) ) ;
#3723 =( NAMED_UNIT ( * ) SI_UNIT ( $, .STERADIAN. ) SOLID_ANGLE_UNIT ( ) );
#3724 = SURFACE_STYLE_FILL_AREA ( #1971 ) ;
#3725 =( GEOMETRIC_REPRESENTATION_CONTEXT ( 3 ) GLOBAL_UNCERTAINTY_ASSIGNED_CONTEXT ( ( #2249 ) ) GLOBAL_UNIT_ASSIGNED_CONTEXT ( ( #2348, #5240, #3295 ) ) REPRESENTATION_CONTEXT ( 'NONE', 'WORKASPACE' ) );
#3726 = ADVANCED_FACE ( 'NONE', ( #4541 ), #1120, .T. ) ;
#3727 = EDGE_CURVE ( 'NONE', #4443, #1088, #846, .T. ) ;
#3728 = PLANE ( 'NONE',  #3861 ) ;
#3729 =( GEOMETRIC_REPRESENTATION_CONTEXT ( 3 ) GLOBAL_UNCERTAINTY_ASSIGNED_CONTEXT ( ( #1625 ) ) GLOBAL_UNIT_ASSIGNED_CONTEXT ( ( #2696, #4269, #166 ) ) REPRESENTATION_CONTEXT ( 'NONE', 'WORKASPACE' ) );
#3730 = CARTESIAN_POINT ( 'NONE',  ( 4.906650958062761500, 5.050000000000000700, -4.653056172982758200 ) ) ;
#3731 = DIRECTION ( 'NONE',  ( 0.0000000000000000000, -0.0000000000000000000, -1.000000000000000000 ) ) ;
#3732 = AXIS2_PLACEMENT_3D ( 'NONE', #3532, #4813, #2693 ) ;
#3733 = DIRECTION ( 'NONE',  ( -0.0000000000000000000, 1.000000000000000000, -0.0000000000000000000 ) ) ;
#3734 = PRESENTATION_STYLE_ASSIGNMENT (( #2734 ) ) ;
#3735 = EDGE_CURVE ( 'NONE', #3564, #5204, #2136, .T. ) ;
#3736 = VECTOR ( 'NONE', #8, 1000.000000000000000 ) ;
#3737 = SURFACE_SIDE_STYLE ('',( #5049 ) ) ;
#3738 = PLANE ( 'NONE',  #1245 ) ;
#3739 = COLOUR_RGB ( '',0.8980392156862745400, 0.9215686274509803400, 0.9294117647058823800 ) ;
#3740 = EDGE_LOOP ( 'NONE', ( #3906, #1150, #1358, #39 ) ) ;
#3741 = DIRECTION ( 'NONE',  ( 0.002813301676023248500, 0.0000000000000000000, -0.9999960426590095400 ) ) ;
#3742 = LINE ( 'NONE', #1465, #1577 ) ;
#3743 = ADVANCED_FACE ( 'NONE', ( #70, #5056, #3057, #3002 ), #1143, .F. ) ;
#3744 = VERTEX_POINT ( 'NONE', #252 ) ;
#3745 = AXIS2_PLACEMENT_3D ( 'NONE', #3530, #1046, #262 ) ;
#3746 =( NAMED_UNIT ( * ) SI_UNIT ( $, .STERADIAN. ) SOLID_ANGLE_UNIT ( ) );
#3747 = VERTEX_POINT ( 'NONE', #673 ) ;
#3748 =( GEOMETRIC_REPRESENTATION_CONTEXT ( 3 ) GLOBAL_UNCERTAINTY_ASSIGNED_CONTEXT ( ( #4191 ) ) GLOBAL_UNIT_ASSIGNED_CONTEXT ( ( #3975, #1043, #2743 ) ) REPRESENTATION_CONTEXT ( 'NONE', 'WORKASPACE' ) );
#3749 = EDGE_LOOP ( 'NONE', ( #577, #2884, #1583, #2121 ) ) ;
#3750 = CARTESIAN_POINT ( 'NONE',  ( 6.926306928424502900, 5.050000000000000700, -5.073182798732029000 ) ) ;
#3751 = CARTESIAN_POINT ( 'NONE',  ( 4.559999999999999600, 0.0000000000000000000, -0.6150000000000166400 ) ) ;
#3752 = ORIENTED_EDGE ( 'NONE', *, *, #5130, .T. ) ;
#3753 = CARTESIAN_POINT ( 'NONE',  ( 9.989999999999996700, -4.049999999999999800, -8.235000000000001200 ) ) ;
#3754 = LINE ( 'NONE', #4432, #4580 ) ;
#3755 = STYLED_ITEM ( 'NONE', ( #5050 ), #1548 ) ;
#3756 = ADVANCED_BREP_SHAPE_REPRESENTATION ( 'IR_TEA2_L14.2W9.2H5.4', ( #3638, #3590 ), #813 ) ;
#3757 = EDGE_LOOP ( 'NONE', ( #4848, #5108, #4009, #2156 ) ) ;
#3758 =( NAMED_UNIT ( * ) SI_UNIT ( $, .STERADIAN. ) SOLID_ANGLE_UNIT ( ) );
#3759 = CARTESIAN_POINT ( 'NONE',  ( 9.289999999999997400, 0.0000000000000000000, -0.9649999999999990800 ) ) ;
#3760 = PRESENTATION_STYLE_ASSIGNMENT (( #5290 ) ) ;
#3761 = MECHANICAL_DESIGN_GEOMETRIC_PRESENTATION_REPRESENTATION (  '', ( #655 ), #4296 ) ;
#3762 = VECTOR ( 'NONE', #4440, 1000.000000000000000 ) ;
#3763 = LINE ( 'NONE', #4222, #3632 ) ;
#3764 = EDGE_CURVE ( 'NONE', #4649, #1173, #1677, .T. ) ;
#3765 = CLOSED_SHELL ( 'NONE', ( #2666, #3743, #1962, #3350, #5060, #2278, #280, #1657, #4938, #3170, #3726, #1398, #1204, #1109, #5027, #4292, #4545, #1632, #1704, #2957, #5340, #2554, #402, #81, #2471, #5007, #4193, #4492, #4876, #4169, #2846, #3081, #1301, #1225, #1685, #3580, #128, #3059, #3372, #2174, #4120, #1177, #4521, #1376, #1145, #659, #4986, #618, #5362, #4962, #4843, #3208, #5250, #2573, #2931, #926, #468, #2879, #1516, #1730, #853, #4145, #877, #3235, #4567, #3264, #2499, #4814, #3773, #2070, #2026, #5081, #2310, #902, #3873, #3821, #591, #16, #1894, #2045, #807, #1599, #2522, #4669, #2095, #1276, #35, #3324, #4049, #2118, #5215, #2816, #1548, #426, #2148, #2685, #448, #4216, #2904, #3798, #239, #777, #2986, #490, #4344, #539, #2787, #2346, #61, #827, #1255, #3635, #2380, #3418, #4623, #3848, #3400, #4597 ) ) ;
#3766 = FILL_AREA_STYLE ('',( #2153 ) ) ;
#3767 =( LENGTH_UNIT ( ) NAMED_UNIT ( * ) SI_UNIT ( .MILLI., .METRE. ) );
#3768 = VECTOR ( 'NONE', #3484, 1000.000000000000000 ) ;
#3769 =( GEOMETRIC_REPRESENTATION_CONTEXT ( 3 ) GLOBAL_UNCERTAINTY_ASSIGNED_CONTEXT ( ( #201 ) ) GLOBAL_UNIT_ASSIGNED_CONTEXT ( ( #1882, #1845, #5203 ) ) REPRESENTATION_CONTEXT ( 'NONE', 'WORKASPACE' ) );
#3770 = EDGE_LOOP ( 'NONE', ( #2689, #339, #909, #4830 ) ) ;
#3772 = LINE ( 'NONE', #3971, #961 ) ;
#3771 = CARTESIAN_POINT ( 'NONE',  ( 7.901928634121220300, 5.051000000000001000, -3.996226937848596600 ) ) ;
#3773 = ADVANCED_FACE ( 'NONE', ( #3777 ), #1893, .F. ) ;
#3774 = LINE ( 'NONE', #4622, #1731 ) ;
#3775 = PLANE ( 'NONE',  #1055 ) ;
#3776 = EDGE_LOOP ( 'NONE', ( #845, #58, #1477, #2171 ) ) ;
#3777 = FACE_OUTER_BOUND ( 'NONE', #4765, .T. ) ;
#3778 = SURFACE_STYLE_FILL_AREA ( #150 ) ;
#3779 = ORIENTED_EDGE ( 'NONE', *, *, #551, .F. ) ;
#3780 = PLANE ( 'NONE',  #2415 ) ;
#3781 = SURFACE_STYLE_FILL_AREA ( #2979 ) ;
#3782 = LINE ( 'NONE', #5333, #4606 ) ;
#3783 = STYLED_ITEM ( 'NONE', ( #2711 ), #81 ) ;
#3784 = ORIENTED_EDGE ( 'NONE', *, *, #527, .T. ) ;
#3785 = CARTESIAN_POINT ( 'NONE',  ( 2.369999999999999700, 0.0000000000000000000, -8.234999999999965700 ) ) ;
#3786 = PRODUCT_DEFINITION_CONTEXT ( 'detailed design', #2390, 'design' ) ;
#3787 = LINE ( 'NONE', #4860, #1421 ) ;
#3788 =( LENGTH_UNIT ( ) NAMED_UNIT ( * ) SI_UNIT ( .MILLI., .METRE. ) );
#3789 = PRESENTATION_LAYER_ASSIGNMENT (  '', '', ( #3755 ) ) ;
#3790 = EDGE_CURVE ( 'NONE', #3810, #2463, #1543, .T. ) ;
#3791 = CARTESIAN_POINT ( 'NONE',  ( 6.865940461821950600, 5.050000000000000700, -3.996226937848596600 ) ) ;
#3792 = PRESENTATION_LAYER_ASSIGNMENT (  '', '', ( #3505 ) ) ;
#3793 = ORIENTED_EDGE ( 'NONE', *, *, #3412, .T. ) ;
#3794 = PLANE ( 'NONE',  #1539 ) ;
#3795 = STYLED_ITEM ( 'NONE', ( #2100 ), #2471 ) ;
#3796 = FILL_AREA_STYLE_COLOUR ( '', #3304 ) ;
#3797 = DIRECTION ( 'NONE',  ( -1.000000000000000000, 0.0000000000000000000, -3.097720492815730600E-016 ) ) ;
#3798 = ADVANCED_FACE ( 'NONE', ( #2935 ), #3671, .F. ) ;
#3799 = EDGE_CURVE ( 'NONE', #1658, #3402, #3833, .T. ) ;
#3800 = PRESENTATION_LAYER_ASSIGNMENT (  '', '', ( #2112 ) ) ;
#3801 = PLANE ( 'NONE',  #4704 ) ;
#3802 =( NAMED_UNIT ( * ) SI_UNIT ( $, .STERADIAN. ) SOLID_ANGLE_UNIT ( ) );
#3803 = EDGE_CURVE ( 'NONE', #767, #3044, #4998, .T. ) ;
#3804 = LINE ( 'NONE', #4304, #3370 ) ;
#3805 = FACE_BOUND ( 'NONE', #1551, .T. ) ;
#3806 = ORIENTED_EDGE ( 'NONE', *, *, #474, .F. ) ;
#3807 = LINE ( 'NONE', #1059, #3421 ) ;
#3808 = ORIENTED_EDGE ( 'NONE', *, *, #4219, .T. ) ;
#3809 = LINE ( 'NONE', #5120, #4969 ) ;
#3810 = VERTEX_POINT ( 'NONE', #1187 ) ;
#3811 = CARTESIAN_POINT ( 'NONE',  ( 9.289999999999997400, -4.049999999999999800, -0.6149999999999989900 ) ) ;
#3812 = PLANE ( 'NONE',  #2172 ) ;
#3813 = PRESENTATION_STYLE_ASSIGNMENT (( #1670 ) ) ;
#3814 = STYLED_ITEM ( 'NONE', ( #2034 ), #3059 ) ;
#3815 = VERTEX_POINT ( 'NONE', #2903 ) ;
#3816 = MECHANICAL_DESIGN_GEOMETRIC_PRESENTATION_REPRESENTATION (  '', ( #5373 ), #3725 ) ;
#3817 = CARTESIAN_POINT ( 'NONE',  ( 4.909999999999999300, -4.049999999999999800, -0.9650000000000168400 ) ) ;
#3818 = LINE ( 'NONE', #4901, #1324 ) ;
#3819 = EDGE_CURVE ( 'NONE', #3564, #251, #2997, .T. ) ;
#3820 = ORIENTED_EDGE ( 'NONE', *, *, #4802, .T. ) ;
#3821 = ADVANCED_FACE ( 'NONE', ( #1342 ), #4504, .F. ) ;
#3822 = SURFACE_SIDE_STYLE ('',( #5201 ) ) ;
#3823 = ORIENTED_EDGE ( 'NONE', *, *, #2638, .T. ) ;
#3824 = AXIS2_PLACEMENT_3D ( 'NONE', #185, #3108, #1449 ) ;
#3825 = COLOUR_RGB ( '',0.8980392156862745400, 0.9215686274509803400, 0.9294117647058823800 ) ;
#3826 = FILL_AREA_STYLE_COLOUR ( '', #3969 ) ;
#3827 = ORIENTED_EDGE ( 'NONE', *, *, #1283, .F. ) ;
#3828 = LINE ( 'NONE', #5239, #2320 ) ;
#3829 =( LENGTH_UNIT ( ) NAMED_UNIT ( * ) SI_UNIT ( .MILLI., .METRE. ) );
#3830 = MECHANICAL_DESIGN_GEOMETRIC_PRESENTATION_REPRESENTATION (  '', ( #1717 ), #392 ) ;
#3831 = COLOUR_RGB ( '',0.8980392156862745400, 0.9215686274509803400, 0.9294117647058823800 ) ;
#3832 = EDGE_CURVE ( 'NONE', #5260, #2138, #3114, .T. ) ;
#3833 = LINE ( 'NONE', #4889, #1860 ) ;
#3834 = ORIENTED_EDGE ( 'NONE', *, *, #2705, .T. ) ;
#3835 = ORIENTED_EDGE ( 'NONE', *, *, #5005, .F. ) ;
#3836 = DIRECTION ( 'NONE',  ( -0.2763173343570119500, 0.0000000000000000000, 0.9610664548998864000 ) ) ;
#3837 = VECTOR ( 'NONE', #648, 1000.000000000000100 ) ;
#3838 =( LENGTH_UNIT ( ) NAMED_UNIT ( * ) SI_UNIT ( .MILLI., .METRE. ) );
#3839 = VERTEX_POINT ( 'NONE', #4082 ) ;
#3840 = LINE ( 'NONE', #1268, #3508 ) ;
#3841 = ORIENTED_EDGE ( 'NONE', *, *, #5099, .F. ) ;
#3842 = FILL_AREA_STYLE ('',( #1732 ) ) ;
#3843 = ORIENTED_EDGE ( 'NONE', *, *, #584, .F. ) ;
#3844 =( GEOMETRIC_REPRESENTATION_CONTEXT ( 3 ) GLOBAL_UNCERTAINTY_ASSIGNED_CONTEXT ( ( #5346 ) ) GLOBAL_UNIT_ASSIGNED_CONTEXT ( ( #4013, #2781, #4399 ) ) REPRESENTATION_CONTEXT ( 'NONE', 'WORKASPACE' ) );
#3845 = SURFACE_SIDE_STYLE ('',( #1129 ) ) ;
#3846 = DIRECTION ( 'NONE',  ( 0.2755520632520548900, -0.0000000000000000000, -0.9612861490927326900 ) ) ;
#3847 = DIRECTION ( 'NONE',  ( 0.2745159998572621100, 0.0000000000000000000, -0.9615825319869156800 ) ) ;
#3848 = ADVANCED_FACE ( 'NONE', ( #2005 ), #2001, .F. ) ;
#3849 = MECHANICAL_DESIGN_GEOMETRIC_PRESENTATION_REPRESENTATION (  '', ( #2807 ), #3311 ) ;
#3850 = FACE_OUTER_BOUND ( 'NONE', #1396, .T. ) ;
#3851 = EDGE_CURVE ( 'NONE', #1578, #4875, #4151, .T. ) ;
#3852 = CARTESIAN_POINT ( 'NONE',  ( 4.362595052319494300, 5.051000000000001000, -5.205917668354676800 ) ) ;
#3853 = UNCERTAINTY_MEASURE_WITH_UNIT (LENGTH_MEASURE( 1.000000000000000100E-005 ), #1450, 'distance_accuracy_value', 'NONE');
#3854 = CARTESIAN_POINT ( 'NONE',  ( 8.311767360338937000, 5.050000000000000700, -4.226415471414234100 ) ) ;
#3855 = ORIENTED_EDGE ( 'NONE', *, *, #603, .T. ) ;
#3856 = LINE ( 'NONE', #3060, #1366 ) ;
#3857 = CARTESIAN_POINT ( 'NONE',  ( 6.676311338635463800, 5.050000000000000700, -5.205917668354676800 ) ) ;
#3858 = PRESENTATION_LAYER_ASSIGNMENT (  '', '', ( #3411 ) ) ;
#3859 = SURFACE_STYLE_USAGE ( .BOTH. , #1750 ) ;
#3860 = COLOUR_RGB ( '',0.8980392156862745400, 0.9215686274509803400, 0.9294117647058823800 ) ;
#3861 = AXIS2_PLACEMENT_3D ( 'NONE', #420, #2871, #4963 ) ;
#3862 =( LENGTH_UNIT ( ) NAMED_UNIT ( * ) SI_UNIT ( .MILLI., .METRE. ) );
#3863 = FILL_AREA_STYLE ('',( #2565 ) ) ;
#3864 = EDGE_CURVE ( 'NONE', #4662, #3038, #778, .T. ) ;
#3865 = DIRECTION ( 'NONE',  ( -0.0000000000000000000, 1.000000000000000000, -0.0000000000000000000 ) ) ;
#3866 = ORIENTED_EDGE ( 'NONE', *, *, #4671, .T. ) ;
#3867 = STYLED_ITEM ( 'NONE', ( #1725 ), #5060 ) ;
#3868 = UNCERTAINTY_MEASURE_WITH_UNIT (LENGTH_MEASURE( 1.000000000000000100E-005 ), #5281, 'distance_accuracy_value', 'NONE');
#3869 = FILL_AREA_STYLE_COLOUR ( '', #5022 ) ;
#3870 = FILL_AREA_STYLE_COLOUR ( '', #3831 ) ;
#3871 = EDGE_LOOP ( 'NONE', ( #3823, #114, #4532, #515 ) ) ;
#3872 = CARTESIAN_POINT ( 'NONE',  ( 7.759700354169154900, 5.051000000000001000, -5.078369047688200400 ) ) ;
#3873 = ADVANCED_FACE ( 'NONE', ( #1401 ), #4585, .F. ) ;
#3874 = EDGE_LOOP ( 'NONE', ( #3373, #2978, #4261, #2665 ) ) ;
#3875 = ORIENTED_EDGE ( 'NONE', *, *, #3117, .F. ) ;
#3876 = DIRECTION ( 'NONE',  ( 1.000000000000000000, 0.0000000000000000000, 0.0000000000000000000 ) ) ;
#3877 = EDGE_CURVE ( 'NONE', #2165, #4662, #1669, .T. ) ;
#3878 = ORIENTED_EDGE ( 'NONE', *, *, #4825, .F. ) ;
#3879 = FILL_AREA_STYLE ('',( #545 ) ) ;
#3880 = ORIENTED_EDGE ( 'NONE', *, *, #2096, .T. ) ;
#3881 = CARTESIAN_POINT ( 'NONE',  ( 12.17999999999999600, -4.049999999999999800, -0.6149999999999988800 ) ) ;
#3882 = SURFACE_STYLE_USAGE ( .BOTH. , #133 ) ;
#3883 = EDGE_CURVE ( 'NONE', #4187, #3548, #57, .T. ) ;
#3884 = CARTESIAN_POINT ( 'NONE',  ( 6.749999999999999100, -4.049999999999999800, -0.9649999999999990800 ) ) ;
#3885 = VERTEX_POINT ( 'NONE', #2068 ) ;
#3886 = FACE_OUTER_BOUND ( 'NONE', #3692, .T. ) ;
#3887 = COLOUR_RGB ( '',1.000000000000000000, 1.000000000000000000, 1.000000000000000000 ) ;
#3888 = AXIS2_PLACEMENT_3D ( 'NONE', #442, #3361, #873 ) ;
#3889 = ORIENTED_EDGE ( 'NONE', *, *, #4392, .F. ) ;
#3890 = LINE ( 'NONE', #3209, #3188 ) ;
#3891 = LINE ( 'NONE', #2133, #176 ) ;
#3892 = PLANE ( 'NONE',  #156 ) ;
#3893 = VERTEX_POINT ( 'NONE', #841 ) ;
#3894 = LINE ( 'NONE', #1295, #2547 ) ;
#3895 = SURFACE_SIDE_STYLE ('',( #968 ) ) ;
#3896 = PRESENTATION_LAYER_ASSIGNMENT (  '', '', ( #5168 ) ) ;
#3897 = CARTESIAN_POINT ( 'NONE',  ( 8.526860599064679700, 5.050000000000000700, -4.975618789064136600 ) ) ;
#3898 = EDGE_CURVE ( 'NONE', #1418, #3444, #567, .T. ) ;
#3899 = ORIENTED_EDGE ( 'NONE', *, *, #3279, .T. ) ;
#3900 = FACE_OUTER_BOUND ( 'NONE', #361, .T. ) ;
#3901 = DIRECTION ( 'NONE',  ( -0.0000000000000000000, -1.000000000000000000, -0.0000000000000000000 ) ) ;
#3902 = DIRECTION ( 'NONE',  ( 1.000000000000000000, 0.0000000000000000000, 0.0000000000000000000 ) ) ;
#3903 = SURFACE_STYLE_USAGE ( .BOTH. , #986 ) ;
#3905 = DIRECTION ( 'NONE',  ( 0.2729786930695601300, 0.0000000000000000000, -0.9620200793798614500 ) ) ;
#3904 =( NAMED_UNIT ( * ) PLANE_ANGLE_UNIT ( ) SI_UNIT ( $, .RADIAN. ) );
#3906 = ORIENTED_EDGE ( 'NONE', *, *, #3102, .T. ) ;
#3907 =( NAMED_UNIT ( * ) SI_UNIT ( $, .STERADIAN. ) SOLID_ANGLE_UNIT ( ) );
#3908 = FACE_OUTER_BOUND ( 'NONE', #4453, .T. ) ;
#3909 = STYLED_ITEM ( 'NONE', ( #3278 ), #3400 ) ;
#3910 = SURFACE_STYLE_USAGE ( .BOTH. , #3027 ) ;
#3911 = UNCERTAINTY_MEASURE_WITH_UNIT (LENGTH_MEASURE( 1.000000000000000100E-005 ), #1820, 'distance_accuracy_value', 'NONE');
#3912 = STYLED_ITEM ( 'NONE', ( #4387 ), #280 ) ;
#3913 = CARTESIAN_POINT ( 'NONE',  ( 0.0000000000000000000, 0.0000000000000000000, 0.0000000000000000000 ) ) ;
#3914 =( LENGTH_UNIT ( ) NAMED_UNIT ( * ) SI_UNIT ( .MILLI., .METRE. ) );
#3915 = CARTESIAN_POINT ( 'NONE',  ( 2.020000000000000000, -4.049999999999999800, -0.6150000000000344100 ) ) ;
#3917 = DIRECTION ( 'NONE',  ( -0.05596501978068262700, 0.0000000000000000000, 0.9984327301130245800 ) ) ;
#3916 = DIRECTION ( 'NONE',  ( 3.097720492815722700E-016, 0.0000000000000000000, -1.000000000000000000 ) ) ;
#3918 = STYLED_ITEM ( 'NONE', ( #4473 ), #1685 ) ;
#3919 = CARTESIAN_POINT ( 'NONE',  ( 12.52999999999999800, -4.049999999999999800, -0.7900000000000008100 ) ) ;
#3920 = CARTESIAN_POINT ( 'NONE',  ( 4.358931573360483600, 5.050000000000000700, -3.996226937848596600 ) ) ;
#3921 = LINE ( 'NONE', #1708, #2831 ) ;
#3922 = VECTOR ( 'NONE', #2363, 1000.000000000000000 ) ;
#3923 =( GEOMETRIC_REPRESENTATION_CONTEXT ( 3 ) GLOBAL_UNCERTAINTY_ASSIGNED_CONTEXT ( ( #2894 ) ) GLOBAL_UNIT_ASSIGNED_CONTEXT ( ( #4967, #1618, #3758 ) ) REPRESENTATION_CONTEXT ( 'NONE', 'WORKASPACE' ) );
#3924 = VERTEX_POINT ( 'NONE', #1646 ) ;
#3925 =( NAMED_UNIT ( * ) SI_UNIT ( $, .STERADIAN. ) SOLID_ANGLE_UNIT ( ) );
#3926 = EDGE_CURVE ( 'NONE', #2422, #5304, #1078, .T. ) ;
#3927 = SURFACE_STYLE_FILL_AREA ( #2113 ) ;
#3928 = ORIENTED_EDGE ( 'NONE', *, *, #1779, .T. ) ;
#3929 = LINE ( 'NONE', #3179, #1981 ) ;
#3930 = ORIENTED_EDGE ( 'NONE', *, *, #1616, .F. ) ;
#3931 = CARTESIAN_POINT ( 'NONE',  ( 9.289999999999997400, -4.049999999999999800, -8.235000000000001200 ) ) ;
#3932 = AXIS2_PLACEMENT_3D ( 'NONE', #2717, #4833, #3144 ) ;
#3933 =( LENGTH_UNIT ( ) NAMED_UNIT ( * ) SI_UNIT ( .MILLI., .METRE. ) );
#3934 = VECTOR ( 'NONE', #1655, 1000.000000000000000 ) ;
#3935 = EDGE_LOOP ( 'NONE', ( #3834, #3963, #3438, #2872 ) ) ;
#3936 = FILL_AREA_STYLE_COLOUR ( '', #5116 ) ;
#3937 = CARTESIAN_POINT ( 'NONE',  ( 6.555651969246063100, 5.050000000000000700, -5.205917668354676800 ) ) ;
#3938 = VECTOR ( 'NONE', #3206, 1000.000000000000100 ) ;
#3939 = PRESENTATION_LAYER_ASSIGNMENT (  '', '', ( #5143 ) ) ;
#3940 = SURFACE_SIDE_STYLE ('',( #1070 ) ) ;
#3941 = ORIENTED_EDGE ( 'NONE', *, *, #4676, .F. ) ;
#3942 = LINE ( 'NONE', #2405, #2398 ) ;
#3943 = ORIENTED_EDGE ( 'NONE', *, *, #1104, .T. ) ;
#3944 = EDGE_CURVE ( 'NONE', #3044, #4409, #2124, .T. ) ;
#3945 = FILL_AREA_STYLE ('',( #1032 ) ) ;
#3946 = ORIENTED_EDGE ( 'NONE', *, *, #2182, .F. ) ;
#3947 =( LENGTH_UNIT ( ) NAMED_UNIT ( * ) SI_UNIT ( .MILLI., .METRE. ) );
#3948 = ORIENTED_EDGE ( 'NONE', *, *, #4987, .T. ) ;
#3949 = DIRECTION ( 'NONE',  ( 0.0000000000000000000, 0.0000000000000000000, -1.000000000000000000 ) ) ;
#3950 = FACE_OUTER_BOUND ( 'NONE', #894, .T. ) ;
#3951 = EDGE_CURVE ( 'NONE', #5304, #2353, #113, .T. ) ;
#3952 = CARTESIAN_POINT ( 'NONE',  ( 0.0000000000000000000, 0.0000000000000000000, -9.199999999999999300 ) ) ;
#3953 = ORIENTED_EDGE ( 'NONE', *, *, #1649, .F. ) ;
#3954 = LINE ( 'NONE', #3759, #5061 ) ;
#3955 = VERTEX_POINT ( 'NONE', #2117 ) ;
#3956 = STYLED_ITEM ( 'NONE', ( #910 ), #3743 ) ;
#3957 = CARTESIAN_POINT ( 'NONE',  ( 8.916645829308855300, 5.051000000000001000, -4.527026645096021300 ) ) ;
#3958 = ORIENTED_EDGE ( 'NONE', *, *, #999, .T. ) ;
#3959 =( GEOMETRIC_REPRESENTATION_CONTEXT ( 3 ) GLOBAL_UNCERTAINTY_ASSIGNED_CONTEXT ( ( #4881 ) ) GLOBAL_UNIT_ASSIGNED_CONTEXT ( ( #5031, #2582, #2535 ) ) REPRESENTATION_CONTEXT ( 'NONE', 'WORKASPACE' ) );
#3960 = COLOUR_RGB ( '',0.7921568627450980000, 0.8196078431372548800, 0.9333333333333333500 ) ;
#3961 = FACE_OUTER_BOUND ( 'NONE', #5073, .T. ) ;
#3962 = EDGE_LOOP ( 'NONE', ( #3543, #4074, #3447, #1049 ) ) ;
#3963 = ORIENTED_EDGE ( 'NONE', *, *, #4114, .F. ) ;
#3964 = SURFACE_STYLE_FILL_AREA ( #3358 ) ;
#3965 = MECHANICAL_DESIGN_GEOMETRIC_PRESENTATION_REPRESENTATION (  '', ( #4441 ), #3359 ) ;
#3966 = ORIENTED_EDGE ( 'NONE', *, *, #5282, .F. ) ;
#3967 = DIRECTION ( 'NONE',  ( 0.2763139702539129700, 0.0000000000000000000, -0.9610674221107068400 ) ) ;
#3968 = PLANE ( 'NONE',  #3745 ) ;
#3969 = COLOUR_RGB ( '',0.8980392156862745400, 0.9215686274509803400, 0.9294117647058823800 ) ;
#3970 = FILL_AREA_STYLE ('',( #4341 ) ) ;
#3971 = CARTESIAN_POINT ( 'NONE',  ( 14.19999999999999900, 5.050000000000000700, 0.0000000000000000000 ) ) ;
#3972 = DIRECTION ( 'NONE',  ( -4.956352788505110600E-015, 0.0000000000000000000, 1.000000000000000000 ) ) ;
#3973 =( LENGTH_UNIT ( ) NAMED_UNIT ( * ) SI_UNIT ( .MILLI., .METRE. ) );
#3974 = PLANE ( 'NONE',  #4628 ) ;
#3975 =( LENGTH_UNIT ( ) NAMED_UNIT ( * ) SI_UNIT ( .MILLI., .METRE. ) );
#3976 = EDGE_CURVE ( 'NONE', #486, #3006, #4854, .T. ) ;
#3977 = VECTOR ( 'NONE', #1453, 1000.000000000000000 ) ;
#3978 = CARTESIAN_POINT ( 'NONE',  ( 7.573578721878718100, 5.051000000000001000, -5.205917668354676800 ) ) ;
#3979 = STYLED_ITEM ( 'NONE', ( #3019 ), #2986 ) ;
#3980 = AXIS2_PLACEMENT_3D ( 'NONE', #2870, #379, #1611 ) ;
#3981 = CARTESIAN_POINT ( 'NONE',  ( 6.749999999999999100, -4.049999999999999800, -0.6149999999999989900 ) ) ;
#3982 = FILL_AREA_STYLE_COLOUR ( '', #136 ) ;
#3983 = EDGE_CURVE ( 'NONE', #3253, #1980, #4465, .T. ) ;
#3984 = FILL_AREA_STYLE ('',( #3123 ) ) ;
#3985 = SURFACE_STYLE_FILL_AREA ( #354 ) ;
#3986 = PLANE ( 'NONE',  #3732 ) ;
#3987 = ORIENTED_EDGE ( 'NONE', *, *, #2305, .F. ) ;
#3988 = CARTESIAN_POINT ( 'NONE',  ( 5.939106279213127100, 5.051000000000001000, -4.975659249163766300 ) ) ;
#3989 =( NAMED_UNIT ( * ) PLANE_ANGLE_UNIT ( ) SI_UNIT ( $, .RADIAN. ) );
#3990 = PLANE ( 'NONE',  #4607 ) ;
#3991 = STYLED_ITEM ( 'NONE', ( #5053 ), #1962 ) ;
#3992 = VERTEX_POINT ( 'NONE', #1713 ) ;
#3993 = CARTESIAN_POINT ( 'NONE',  ( 9.289999999999997400, -4.049999999999999800, -0.9649999999999990800 ) ) ;
#3994 = PLANE ( 'NONE',  #3375 ) ;
#3995 = PRESENTATION_LAYER_ASSIGNMENT (  '', '', ( #5070 ) ) ;
#3996 = VECTOR ( 'NONE', #1769, 1000.000000000000000 ) ;
#3997 = FILL_AREA_STYLE ('',( #4442 ) ) ;
#3998 = EDGE_LOOP ( 'NONE', ( #2874, #1406, #4181, #5140 ) ) ;
#3999 = ORIENTED_EDGE ( 'NONE', *, *, #439, .F. ) ;
#4000 = DIRECTION ( 'NONE',  ( 0.2732148821745950500, 0.0000000000000000000, -0.9619530280415579100 ) ) ;
#4001 = FILL_AREA_STYLE_COLOUR ( '', #3457 ) ;
#4002 = EDGE_CURVE ( 'NONE', #715, #450, #1221, .T. ) ;
#4003 = PRESENTATION_STYLE_ASSIGNMENT (( #711 ) ) ;
#4004 = PLANE ( 'NONE',  #792 ) ;
#4005 = EDGE_LOOP ( 'NONE', ( #3698, #2517, #540, #5278 ) ) ;
#4006 =( LENGTH_UNIT ( ) NAMED_UNIT ( * ) SI_UNIT ( .MILLI., .METRE. ) );
#4007 =( LENGTH_UNIT ( ) NAMED_UNIT ( * ) SI_UNIT ( .MILLI., .METRE. ) );
#4008 = FILL_AREA_STYLE_COLOUR ( '', #2002 ) ;
#4009 = ORIENTED_EDGE ( 'NONE', *, *, #957, .F. ) ;
#4010 = DIRECTION ( 'NONE',  ( -9.912705577010435800E-015, -0.0000000000000000000, 1.000000000000000000 ) ) ;
#4011 = UNCERTAINTY_MEASURE_WITH_UNIT (LENGTH_MEASURE( 1.000000000000000100E-005 ), #732, 'distance_accuracy_value', 'NONE');
#4012 = DIRECTION ( 'NONE',  ( -1.000000000000000000, -0.0000000000000000000, -0.0000000000000000000 ) ) ;
#4013 =( LENGTH_UNIT ( ) NAMED_UNIT ( * ) SI_UNIT ( .MILLI., .METRE. ) );
#4014 = CARTESIAN_POINT ( 'NONE',  ( 11.26000000000000000, 0.0000000000000000000, 0.0000000000000000000 ) ) ;
#4015 = AXIS2_PLACEMENT_3D ( 'NONE', #3599, #313, #3190 ) ;
#4016 = DIRECTION ( 'NONE',  ( -0.2762437428917409200, 0.0000000000000000000, 0.9610876102172797300 ) ) ;
#4017 = VECTOR ( 'NONE', #5104, 1000.000000000000000 ) ;
#4018 = ORIENTED_EDGE ( 'NONE', *, *, #3898, .T. ) ;
#4019 = SURFACE_STYLE_FILL_AREA ( #3471 ) ;
#4020 = DIRECTION ( 'NONE',  ( 0.0000000000000000000, -0.0000000000000000000, -1.000000000000000000 ) ) ;
#4021 = SURFACE_STYLE_FILL_AREA ( #4681 ) ;
#4022 = PRESENTATION_LAYER_ASSIGNMENT (  '', '', ( #4463 ) ) ;
#4023 = FILL_AREA_STYLE_COLOUR ( '', #2715 ) ;
#4024 = CARTESIAN_POINT ( 'NONE',  ( 7.901928634121220300, 5.050000000000000700, -3.996226937848596600 ) ) ;
#4025 = COLOUR_RGB ( '',0.8980392156862745400, 0.9215686274509803400, 0.9294117647058823800 ) ;
#4026 = VERTEX_POINT ( 'NONE', #4565 ) ;
#4027 = FACE_OUTER_BOUND ( 'NONE', #5261, .T. ) ;
#4028 =( NAMED_UNIT ( * ) SI_UNIT ( $, .STERADIAN. ) SOLID_ANGLE_UNIT ( ) );
#4029 = COLOUR_RGB ( '',0.8980392156862745400, 0.9215686274509803400, 0.9294117647058823800 ) ;
#4030 = ORIENTED_EDGE ( 'NONE', *, *, #1562, .F. ) ;
#4031 = COLOUR_RGB ( '',0.6941176470588235100, 0.09803921568627450800, 0.09803921568627450800 ) ;
#4032 = SURFACE_STYLE_USAGE ( .BOTH. , #284 ) ;
#4033 = PRESENTATION_LAYER_ASSIGNMENT (  '', '', ( #866 ) ) ;
#4034 = DIRECTION ( 'NONE',  ( -1.000000000000000000, -0.0000000000000000000, -0.0000000000000000000 ) ) ;
#4035 =( NAMED_UNIT ( * ) SI_UNIT ( $, .STERADIAN. ) SOLID_ANGLE_UNIT ( ) );
#4036 = DIRECTION ( 'NONE',  ( 1.000000000000000000, 0.0000000000000000000, -0.0000000000000000000 ) ) ;
#4037 = ORIENTED_EDGE ( 'NONE', *, *, #1785, .F. ) ;
#4038 = COLOUR_RGB ( '',0.8980392156862745400, 0.9215686274509803400, 0.9294117647058823800 ) ;
#4039 = LINE ( 'NONE', #2592, #2137 ) ;
#4040 = DIRECTION ( 'NONE',  ( 1.000000000000000000, 0.0000000000000000000, 0.0000000000000000000 ) ) ;
#4041 = DIRECTION ( 'NONE',  ( 1.000000000000000000, -0.0000000000000000000, -0.0000000000000000000 ) ) ;
#4042 = DIRECTION ( 'NONE',  ( 1.000000000000000000, -0.0000000000000000000, -0.0000000000000000000 ) ) ;
#4043 = CARTESIAN_POINT ( 'NONE',  ( 8.311767360338937000, 5.051000000000001000, -4.226415471414234100 ) ) ;
#4044 =( NAMED_UNIT ( * ) SI_UNIT ( $, .STERADIAN. ) SOLID_ANGLE_UNIT ( ) );
#4045 = EDGE_CURVE ( 'NONE', #5089, #4237, #5242, .T. ) ;
#4046 = ORIENTED_EDGE ( 'NONE', *, *, #2599, .T. ) ;
#4047 =( NAMED_UNIT ( * ) PLANE_ANGLE_UNIT ( ) SI_UNIT ( $, .RADIAN. ) );
#4048 = LINE ( 'NONE', #1006, #919 ) ;
#4049 = ADVANCED_FACE ( 'NONE', ( #959 ), #911, .F. ) ;
#4050 = FILL_AREA_STYLE_COLOUR ( '', #3031 ) ;
#4051 = DIRECTION ( 'NONE',  ( 1.000000000000000000, 0.0000000000000000000, 0.0000000000000000000 ) ) ;
#4052 = AXIS2_PLACEMENT_3D ( 'NONE', #4452, #4090, #1992 ) ;
#4053 = VECTOR ( 'NONE', #5042, 1000.000000000000000 ) ;
#4054 = VECTOR ( 'NONE', #1116, 1000.000000000000000 ) ;
#4055 =( NAMED_UNIT ( * ) SI_UNIT ( $, .STERADIAN. ) SOLID_ANGLE_UNIT ( ) );
#4056 = CARTESIAN_POINT ( 'NONE',  ( 1.669999999999999700, -4.049999999999999800, -8.234999999999965700 ) ) ;
#4057 = CARTESIAN_POINT ( 'NONE',  ( 4.559999999999999600, -4.049999999999999800, -0.6150000000000166400 ) ) ;
#4058 = DIRECTION ( 'NONE',  ( 0.0000000000000000000, -1.000000000000000000, 0.0000000000000000000 ) ) ;
#4059 = DIRECTION ( 'NONE',  ( -0.0000000000000000000, -1.000000000000000000, -0.0000000000000000000 ) ) ;
#4060 = CARTESIAN_POINT ( 'NONE',  ( 10.56000000000000000, 0.0000000000000000000, 0.0000000000000000000 ) ) ;
#4061 = MECHANICAL_DESIGN_GEOMETRIC_PRESENTATION_REPRESENTATION (  '', ( #1260 ), #2951 ) ;
#4062 = ORIENTED_EDGE ( 'NONE', *, *, #5200, .T. ) ;
#4063 = DIRECTION ( 'NONE',  ( -1.000000000000000000, 0.0000000000000000000, 0.0000000000000000000 ) ) ;
#4064 = DIRECTION ( 'NONE',  ( -0.05375259206908285900, 0.0000000000000000000, 0.9985542843760947300 ) ) ;
#4065 = CARTESIAN_POINT ( 'NONE',  ( 7.448944730396791900, 5.051000000000001000, -3.996226937848596600 ) ) ;
#4066 = DIRECTION ( 'NONE',  ( -0.0000000000000000000, -1.000000000000000000, -0.0000000000000000000 ) ) ;
#4067 = VECTOR ( 'NONE', #3667, 1000.000000000000000 ) ;
#4068 =( GEOMETRIC_REPRESENTATION_CONTEXT ( 3 ) GLOBAL_UNCERTAINTY_ASSIGNED_CONTEXT ( ( #4130 ) ) GLOBAL_UNIT_ASSIGNED_CONTEXT ( ( #4919, #3681, #4496 ) ) REPRESENTATION_CONTEXT ( 'NONE', 'WORKASPACE' ) );
#4069 = ORIENTED_EDGE ( 'NONE', *, *, #3926, .F. ) ;
#4070 = EDGE_CURVE ( 'NONE', #2785, #1974, #3041, .T. ) ;
#4071 = DIRECTION ( 'NONE',  ( -0.0000000000000000000, 1.000000000000000000, -0.0000000000000000000 ) ) ;
#4072 = LINE ( 'NONE', #4805, #4186 ) ;
#4073 = MECHANICAL_DESIGN_GEOMETRIC_PRESENTATION_REPRESENTATION (  '', ( #3909 ), #5065 ) ;
#4074 = ORIENTED_EDGE ( 'NONE', *, *, #3570, .F. ) ;
#4075 = PLANE ( 'NONE',  #652 ) ;
#4076 = CARTESIAN_POINT ( 'NONE',  ( 6.865940461821950600, 5.051000000000001000, -3.996226937848596600 ) ) ;
#4077 = FILL_AREA_STYLE_COLOUR ( '', #3509 ) ;
#4078 = DIRECTION ( 'NONE',  ( 0.0000000000000000000, 1.000000000000000000, 0.0000000000000000000 ) ) ;
#4079 = FILL_AREA_STYLE_COLOUR ( '', #3739 ) ;
#4080 =( NAMED_UNIT ( * ) SI_UNIT ( $, .STERADIAN. ) SOLID_ANGLE_UNIT ( ) );
#4081 = ORIENTED_EDGE ( 'NONE', *, *, #1761, .F. ) ;
#4082 = CARTESIAN_POINT ( 'NONE',  ( 4.906650958062761500, 5.050000000000000700, -4.653056172982759100 ) ) ;
#4083 = CARTESIAN_POINT ( 'NONE',  ( 9.448968307528209800, 5.050000000000000700, -4.972348877486177300 ) ) ;
#4084 = EDGE_CURVE ( 'NONE', #1749, #819, #3763, .T. ) ;
#4085 = ORIENTED_EDGE ( 'NONE', *, *, #4508, .T. ) ;
#4086 = ORIENTED_EDGE ( 'NONE', *, *, #3029, .T. ) ;
#4087 = VERTEX_POINT ( 'NONE', #3857 ) ;
#4088 = CARTESIAN_POINT ( 'NONE',  ( 7.449999999999999300, 0.0000000000000000000, -0.9649999999999990800 ) ) ;
#4089 = UNCERTAINTY_MEASURE_WITH_UNIT (LENGTH_MEASURE( 1.000000000000000100E-005 ), #3914, 'distance_accuracy_value', 'NONE');
#4090 = DIRECTION ( 'NONE',  ( -1.000000000000000000, 0.0000000000000000000, -4.956352788505169000E-015 ) ) ;
#4091 = SURFACE_STYLE_FILL_AREA ( #9 ) ;
#4092 = VECTOR ( 'NONE', #463, 1000.000000000000000 ) ;
#4093 = VERTEX_POINT ( 'NONE', #3035 ) ;
#4094 = FACE_OUTER_BOUND ( 'NONE', #4118, .T. ) ;
#4095 = CARTESIAN_POINT ( 'NONE',  ( 4.358931573360483600, 5.051000000000001000, -3.996226937848596600 ) ) ;
#4096 = FILL_AREA_STYLE_COLOUR ( '', #3589 ) ;
#4097 = AXIS2_PLACEMENT_3D ( 'NONE', #3164, #4313, #1888 ) ;
#4098 = LINE ( 'NONE', #2099, #117 ) ;
#4099 = COLOUR_RGB ( '',1.000000000000000000, 1.000000000000000000, 1.000000000000000000 ) ;
#4101 = LINE ( 'NONE', #2382, #1346 ) ;
#4100 = FILL_AREA_STYLE ('',( #4519 ) ) ;
#4102 =( GEOMETRIC_REPRESENTATION_CONTEXT ( 3 ) GLOBAL_UNCERTAINTY_ASSIGNED_CONTEXT ( ( #1622 ) ) GLOBAL_UNIT_ASSIGNED_CONTEXT ( ( #668, #4454, #2406 ) ) REPRESENTATION_CONTEXT ( 'NONE', 'WORKASPACE' ) );
#4103 = SURFACE_STYLE_USAGE ( .BOTH. , #2033 ) ;
#4104 = EDGE_CURVE ( 'NONE', #1439, #2724, #4648, .T. ) ;
#4105 = CARTESIAN_POINT ( 'NONE',  ( 5.661972997095286800, 5.051000000000001000, -5.205917668354676800 ) ) ;
#4106 = ORIENTED_EDGE ( 'NONE', *, *, #1883, .F. ) ;
#4107 = SURFACE_STYLE_FILL_AREA ( #788 ) ;
#4108 = VECTOR ( 'NONE', #1673, 1000.000000000000000 ) ;
#4109 = EDGE_LOOP ( 'NONE', ( #4768, #3880, #2046, #3441, #4772, #2577, #1211, #3866, #628, #1318, #3808 ) ) ;
#4110 = AXIS2_PLACEMENT_3D ( 'NONE', #2788, #4405, #4064 ) ;
#4111 = CARTESIAN_POINT ( 'NONE',  ( 0.0000000000000000000, 0.0000000000000000000, -9.000000000000000000 ) ) ;
#4112 = SURFACE_SIDE_STYLE ('',( #3413 ) ) ;
#4113 = SURFACE_SIDE_STYLE ('',( #861 ) ) ;
#4114 = EDGE_CURVE ( 'NONE', #5244, #5260, #4929, .T. ) ;
#4115 =( LENGTH_UNIT ( ) NAMED_UNIT ( * ) SI_UNIT ( .MILLI., .METRE. ) );
#4116 = DIRECTION ( 'NONE',  ( 1.000000000000000000, 0.0000000000000000000, 0.0000000000000000000 ) ) ;
#4117 = DIRECTION ( 'NONE',  ( 0.0000000000000000000, 0.0000000000000000000, -1.000000000000000000 ) ) ;
#4118 = EDGE_LOOP ( 'NONE', ( #1411, #1030, #148, #3793 ) ) ;
#4119 = DIRECTION ( 'NONE',  ( 0.0000000000000000000, 0.0000000000000000000, -1.000000000000000000 ) ) ;
#4120 = ADVANCED_FACE ( 'NONE', ( #1277 ), #1796, .F. ) ;
#4121 =( GEOMETRIC_REPRESENTATION_CONTEXT ( 3 ) GLOBAL_UNCERTAINTY_ASSIGNED_CONTEXT ( ( #4300 ) ) GLOBAL_UNIT_ASSIGNED_CONTEXT ( ( #431, #770, #412 ) ) REPRESENTATION_CONTEXT ( 'NONE', 'WORKASPACE' ) );
#4122 = PLANE ( 'NONE',  #3318 ) ;
#4123 = LINE ( 'NONE', #2376, #5284 ) ;
#4124 = EDGE_LOOP ( 'NONE', ( #3332, #323, #40, #989 ) ) ;
#4125 = DIRECTION ( 'NONE',  ( -1.000000000000000000, 0.0000000000000000000, 0.0000000000000000000 ) ) ;
#4126 = CARTESIAN_POINT ( 'NONE',  ( 8.980521289887407800, 5.051000000000001000, -4.750616504455980900 ) ) ;
#4127 = EDGE_CURVE ( 'NONE', #4443, #4087, #2190, .T. ) ;
#4128 = FILL_AREA_STYLE ('',( #278 ) ) ;
#4129 = ORIENTED_EDGE ( 'NONE', *, *, #2501, .F. ) ;
#4130 = UNCERTAINTY_MEASURE_WITH_UNIT (LENGTH_MEASURE( 1.000000000000000100E-005 ), #4919, 'distance_accuracy_value', 'NONE');
#4131 = DIRECTION ( 'NONE',  ( -9.912705577010435800E-015, -0.0000000000000000000, 1.000000000000000000 ) ) ;
#4132 = STYLED_ITEM ( 'NONE', ( #1944 ), #1276 ) ;
#4133 = EDGE_CURVE ( 'NONE', #2135, #272, #2588, .T. ) ;
#4134 = VERTEX_POINT ( 'NONE', #937 ) ;
#4135 = DIRECTION ( 'NONE',  ( -0.0000000000000000000, 0.0000000000000000000, 1.000000000000000000 ) ) ;
#4136 =( NAMED_UNIT ( * ) SI_UNIT ( $, .STERADIAN. ) SOLID_ANGLE_UNIT ( ) );
#4137 = STYLED_ITEM ( 'NONE', ( #2074 ), #3638 ) ;
#4138 = ORIENTED_EDGE ( 'NONE', *, *, #3068, .T. ) ;
#4139 = EDGE_CURVE ( 'NONE', #4275, #2268, #1335, .T. ) ;
#4140 = VECTOR ( 'NONE', #5348, 1000.000000000000100 ) ;
#4141 = DIRECTION ( 'NONE',  ( 0.2793947940814935400, 0.0000000000000000000, -0.9601763114346030200 ) ) ;
#4142 = EDGE_LOOP ( 'NONE', ( #1321, #1947, #2626, #2834 ) ) ;
#4143 = MECHANICAL_DESIGN_GEOMETRIC_PRESENTATION_REPRESENTATION (  '', ( #41 ), #3769 ) ;
#4144 = FILL_AREA_STYLE ('',( #889 ) ) ;
#4145 = ADVANCED_FACE ( 'NONE', ( #4531 ), #4290, .F. ) ;
#4146 = CARTESIAN_POINT ( 'NONE',  ( 5.073273000045511500, 5.051000000000001000, -5.205917668354676800 ) ) ;
#4147 = ORIENTED_EDGE ( 'NONE', *, *, #1941, .F. ) ;
#4148 = UNCERTAINTY_MEASURE_WITH_UNIT (LENGTH_MEASURE( 1.000000000000000100E-005 ), #3767, 'distance_accuracy_value', 'NONE');
#4149 = VECTOR ( 'NONE', #2900, 1000.000000000000000 ) ;
#4150 = UNCERTAINTY_MEASURE_WITH_UNIT (LENGTH_MEASURE( 1.000000000000000100E-005 ), #587, 'distance_accuracy_value', 'NONE');
#4151 = LINE ( 'NONE', #4978, #4092 ) ;
#4152 = DIRECTION ( 'NONE',  ( -0.0000000000000000000, 1.000000000000000000, -0.0000000000000000000 ) ) ;
#4153 = ORIENTED_EDGE ( 'NONE', *, *, #1463, .F. ) ;
#4154 =( NAMED_UNIT ( * ) PLANE_ANGLE_UNIT ( ) SI_UNIT ( $, .RADIAN. ) );
#4155 = EDGE_LOOP ( 'NONE', ( #3855, #2412, #3267, #1705 ) ) ;
#4156 = DIRECTION ( 'NONE',  ( 1.000000000000000000, 0.0000000000000000000, 0.0000000000000000000 ) ) ;
#4157 = LINE ( 'NONE', #3072, #253 ) ;
#4158 = DIRECTION ( 'NONE',  ( -0.05596501978068262700, 0.0000000000000000000, 0.9984327301130245800 ) ) ;
#4159 = VERTEX_POINT ( 'NONE', #1747 ) ;
#4160 = DIRECTION ( 'NONE',  ( 1.000000000000000000, 0.0000000000000000000, 0.0000000000000000000 ) ) ;
#4161 = MECHANICAL_DESIGN_GEOMETRIC_PRESENTATION_REPRESENTATION (  '', ( #1607 ), #2436 ) ;
#4162 = EDGE_CURVE ( 'NONE', #550, #3246, #3177, .T. ) ;
#4163 = ORIENTED_EDGE ( 'NONE', *, *, #1407, .T. ) ;
#4164 = LINE ( 'NONE', #4439, #523 ) ;
#4165 = STYLED_ITEM ( 'NONE', ( #4571 ), #2118 ) ;
#4166 = CARTESIAN_POINT ( 'NONE',  ( 2.940000000000000800, 0.0000000000000000000, -0.2000000000000000100 ) ) ;
#4167 =( NAMED_UNIT ( * ) PLANE_ANGLE_UNIT ( ) SI_UNIT ( $, .RADIAN. ) );
#4168 = COLOUR_RGB ( '',1.000000000000000000, 1.000000000000000000, 1.000000000000000000 ) ;
#4169 = ADVANCED_FACE ( 'NONE', ( #1534 ), #2822, .F. ) ;
#4170 = MECHANICAL_DESIGN_GEOMETRIC_PRESENTATION_REPRESENTATION (  '', ( #2867 ), #3065 ) ;
#4171 = CARTESIAN_POINT ( 'NONE',  ( 7.191475823436544300, 5.051000000000001000, -5.205917668354676800 ) ) ;
#4172 = SURFACE_STYLE_FILL_AREA ( #233 ) ;
#4173 = CARTESIAN_POINT ( 'NONE',  ( 8.397586906936778600, 5.051000000000001000, -4.527026645096021300 ) ) ;
#4174 = EDGE_CURVE ( 'NONE', #5312, #80, #383, .T. ) ;
#4175 = FACE_OUTER_BOUND ( 'NONE', #4871, .T. ) ;
#4176 = SURFACE_SIDE_STYLE ('',( #1155 ) ) ;
#4177 = CARTESIAN_POINT ( 'NONE',  ( 3.640000000000000100, 0.0000000000000000000, -9.199999999999999300 ) ) ;
#4178 = ORIENTED_EDGE ( 'NONE', *, *, #1206, .F. ) ;
#4179 = DIRECTION ( 'NONE',  ( 0.0000000000000000000, 0.0000000000000000000, -1.000000000000000000 ) ) ;
#4180 = COLOUR_RGB ( '',0.8980392156862745400, 0.9215686274509803400, 0.9294117647058823800 ) ;
#4181 = ORIENTED_EDGE ( 'NONE', *, *, #1921, .F. ) ;
#4182 = FILL_AREA_STYLE_COLOUR ( '', #3654 ) ;
#4183 = VECTOR ( 'NONE', #4410, 1000.000000000000000 ) ;
#4184 = VERTEX_POINT ( 'NONE', #1553 ) ;
#4185 =( GEOMETRIC_REPRESENTATION_CONTEXT ( 3 ) GLOBAL_UNCERTAINTY_ASSIGNED_CONTEXT ( ( #1332 ) ) GLOBAL_UNIT_ASSIGNED_CONTEXT ( ( #2802, #3621, #4481 ) ) REPRESENTATION_CONTEXT ( 'NONE', 'WORKASPACE' ) );
#4186 = VECTOR ( 'NONE', #5150, 1000.000000000000000 ) ;
#4187 = VERTEX_POINT ( 'NONE', #101 ) ;
#4188 = STYLED_ITEM ( 'NONE', ( #3039 ), #402 ) ;
#4189 = DIRECTION ( 'NONE',  ( 1.000000000000000000, 0.0000000000000000000, 0.0000000000000000000 ) ) ;
#4190 = ORIENTED_EDGE ( 'NONE', *, *, #1883, .T. ) ;
#4191 = UNCERTAINTY_MEASURE_WITH_UNIT (LENGTH_MEASURE( 1.000000000000000100E-005 ), #3975, 'distance_accuracy_value', 'NONE');
#4192 = CARTESIAN_POINT ( 'NONE',  ( 12.52999999999999600, -4.049999999999999800, -0.6149999999999988800 ) ) ;
#4193 = ADVANCED_FACE ( 'NONE', ( #2852 ), #4723, .F. ) ;
#4194 = VERTEX_POINT ( 'NONE', #4818 ) ;
#4195 = PRESENTATION_LAYER_ASSIGNMENT (  '', '', ( #5194 ) ) ;
#4196 = ORIENTED_EDGE ( 'NONE', *, *, #3944, .F. ) ;
#4197 = DIRECTION ( 'NONE',  ( 0.3725077383644757000, -0.0000000000000000000, 0.9280290862136721900 ) ) ;
#4198 = FILL_AREA_STYLE ('',( #467 ) ) ;
#4199 = EDGE_CURVE ( 'NONE', #4992, #486, #2704, .T. ) ;
#4200 = EDGE_LOOP ( 'NONE', ( #103, #4206, #2097, #1582 ) ) ;
#4201 = FILL_AREA_STYLE ('',( #4629 ) ) ;
#4202 = DIRECTION ( 'NONE',  ( 0.0000000000000000000, 0.0000000000000000000, -1.000000000000000000 ) ) ;
#4203 = PRODUCT_DEFINITION_SHAPE ( 'NONE', 'NONE',  #5243 ) ;
#4204 = FACE_OUTER_BOUND ( 'NONE', #212, .T. ) ;
#4205 = STYLED_ITEM ( 'NONE', ( #3760 ), #5215 ) ;
#4206 = ORIENTED_EDGE ( 'NONE', *, *, #739, .F. ) ;
#4207 = LINE ( 'NONE', #2395, #174 ) ;
#4208 = DIRECTION ( 'NONE',  ( -0.0000000000000000000, 1.000000000000000000, -0.0000000000000000000 ) ) ;
#4209 = PRESENTATION_STYLE_ASSIGNMENT (( #4103 ) ) ;
#4210 = PRESENTATION_LAYER_ASSIGNMENT (  '', '', ( #882 ) ) ;
#4211 = DIRECTION ( 'NONE',  ( -0.0000000000000000000, -0.0000000000000000000, 1.000000000000000000 ) ) ;
#4212 = VERTEX_POINT ( 'NONE', #707 ) ;
#4213 = LINE ( 'NONE', #1938, #250 ) ;
#4214 = VECTOR ( 'NONE', #1585, 1000.000000000000000 ) ;
#4215 =( LENGTH_UNIT ( ) NAMED_UNIT ( * ) SI_UNIT ( .MILLI., .METRE. ) );
#4216 = ADVANCED_FACE ( 'NONE', ( #5165 ), #1954, .F. ) ;
#4217 = FACE_OUTER_BOUND ( 'NONE', #4709, .T. ) ;
#4218 = EDGE_CURVE ( 'NONE', #2407, #272, #947, .T. ) ;
#4219 = EDGE_CURVE ( 'NONE', #1091, #2804, #53, .T. ) ;
#4220 = ORIENTED_EDGE ( 'NONE', *, *, #4996, .T. ) ;
#4221 = DIRECTION ( 'NONE',  ( 0.2793947940814935400, 0.0000000000000000000, -0.9601763114346030200 ) ) ;
#4222 = CARTESIAN_POINT ( 'NONE',  ( 4.209999999999999100, -4.049999999999999800, -8.234999999999981700 ) ) ;
#4223 =( GEOMETRIC_REPRESENTATION_CONTEXT ( 3 ) GLOBAL_UNCERTAINTY_ASSIGNED_CONTEXT ( ( #2942 ) ) GLOBAL_UNIT_ASSIGNED_CONTEXT ( ( #4215, #1703, #3405 ) ) REPRESENTATION_CONTEXT ( 'NONE', 'WORKASPACE' ) );
#4224 = CARTESIAN_POINT ( 'NONE',  ( 4.707035546987861500, 5.050000000000000700, -5.205917668354676800 ) ) ;
#4225 = FACE_OUTER_BOUND ( 'NONE', #4142, .T. ) ;
#4226 =( GEOMETRIC_REPRESENTATION_CONTEXT ( 3 ) GLOBAL_UNCERTAINTY_ASSIGNED_CONTEXT ( ( #3453 ) ) GLOBAL_UNIT_ASSIGNED_CONTEXT ( ( #4840, #2726, #229 ) ) REPRESENTATION_CONTEXT ( 'NONE', 'WORKASPACE' ) );
#4227 = DIRECTION ( 'NONE',  ( 1.000000000000000000, 0.0000000000000000000, 0.0000000000000000000 ) ) ;
#4228 = SURFACE_STYLE_FILL_AREA ( #2158 ) ;
#4229 = STYLED_ITEM ( 'NONE', ( #4239 ), #2310 ) ;
#4230 = PLANE ( 'NONE',  #2661 ) ;
#4231 = MECHANICAL_DESIGN_GEOMETRIC_PRESENTATION_REPRESENTATION (  '', ( #5168 ), #1937 ) ;
#4232 = SURFACE_STYLE_USAGE ( .BOTH. , #3478 ) ;
#4233 = UNCERTAINTY_MEASURE_WITH_UNIT (LENGTH_MEASURE( 1.000000000000000100E-005 ), #3788, 'distance_accuracy_value', 'NONE');
#4234 = FILL_AREA_STYLE ('',( #859 ) ) ;
#4235 =( NAMED_UNIT ( * ) SI_UNIT ( $, .STERADIAN. ) SOLID_ANGLE_UNIT ( ) );
#4236 = COLOUR_RGB ( '',1.000000000000000000, 1.000000000000000000, 1.000000000000000000 ) ;
#4237 = VERTEX_POINT ( 'NONE', #4884 ) ;
#4238 = CARTESIAN_POINT ( 'NONE',  ( 5.724167524494057500, 5.050000000000000700, -4.226371333128316400 ) ) ;
#4239 = PRESENTATION_STYLE_ASSIGNMENT (( #2989 ) ) ;
#4240 = SURFACE_STYLE_FILL_AREA ( #2953 ) ;
#4241 = VERTEX_POINT ( 'NONE', #1005 ) ;
#4242 = STYLED_ITEM ( 'NONE', ( #111 ), #35 ) ;
#4243 =( LENGTH_UNIT ( ) NAMED_UNIT ( * ) SI_UNIT ( .MILLI., .METRE. ) );
#4244 = SURFACE_SIDE_STYLE ('',( #4730 ) ) ;
#4245 = MECHANICAL_DESIGN_GEOMETRIC_PRESENTATION_REPRESENTATION (  '', ( #3979 ), #5293 ) ;
#4246 = VERTEX_POINT ( 'NONE', #168 ) ;
#4247 = UNCERTAINTY_MEASURE_WITH_UNIT (LENGTH_MEASURE( 1.000000000000000100E-005 ), #247, 'distance_accuracy_value', 'NONE');
#4248 =( NAMED_UNIT ( * ) SI_UNIT ( $, .STERADIAN. ) SOLID_ANGLE_UNIT ( ) );
#4249 =( GEOMETRIC_REPRESENTATION_CONTEXT ( 3 ) GLOBAL_UNCERTAINTY_ASSIGNED_CONTEXT ( ( #2764 ) ) GLOBAL_UNIT_ASSIGNED_CONTEXT ( ( #4505, #2454, #2027 ) ) REPRESENTATION_CONTEXT ( 'NONE', 'WORKASPACE' ) );
#4250 = PLANE ( 'NONE',  #2673 ) ;
#4251 = EDGE_CURVE ( 'NONE', #4461, #1749, #4982, .T. ) ;
#4252 = VERTEX_POINT ( 'NONE', #590 ) ;
#4253 =( NAMED_UNIT ( * ) PLANE_ANGLE_UNIT ( ) SI_UNIT ( $, .RADIAN. ) );
#4254 = LINE ( 'NONE', #4972, #3167 ) ;
#4255 = DIRECTION ( 'NONE',  ( 3.097720492815730600E-016, 0.0000000000000000000, -1.000000000000000000 ) ) ;
#4256 = VERTEX_POINT ( 'NONE', #1907 ) ;
#4257 = PRESENTATION_LAYER_ASSIGNMENT (  '', '', ( #3918 ) ) ;
#4258 = PRESENTATION_STYLE_ASSIGNMENT (( #5273 ) ) ;
#4259 =( NAMED_UNIT ( * ) SI_UNIT ( $, .STERADIAN. ) SOLID_ANGLE_UNIT ( ) );
#4260 = FILL_AREA_STYLE ('',( #4657 ) ) ;
#4261 = ORIENTED_EDGE ( 'NONE', *, *, #3157, .F. ) ;
#4262 = CARTESIAN_POINT ( 'NONE',  ( 9.448968307528209800, 5.051000000000001000, -4.972348877486177300 ) ) ;
#4263 = LINE ( 'NONE', #264, #3047 ) ;
#4264 = EDGE_CURVE ( 'NONE', #3533, #1418, #1780, .T. ) ;
#4265 = LINE ( 'NONE', #2803, #3442 ) ;
#4266 = ORIENTED_EDGE ( 'NONE', *, *, #3352, .F. ) ;
#4267 = SURFACE_STYLE_FILL_AREA ( #3244 ) ;
#4268 = FACE_OUTER_BOUND ( 'NONE', #2141, .T. ) ;
#4269 =( NAMED_UNIT ( * ) PLANE_ANGLE_UNIT ( ) SI_UNIT ( $, .RADIAN. ) );
#4270 = EDGE_LOOP ( 'NONE', ( #995, #3305, #5124, #1208 ) ) ;
#4271 = DIRECTION ( 'NONE',  ( 4.956352788505211600E-015, 0.0000000000000000000, 1.000000000000000000 ) ) ;
#4272 = VECTOR ( 'NONE', #3431, 1000.000000000000000 ) ;
#4273 = ORIENTED_EDGE ( 'NONE', *, *, #1206, .T. ) ;
#4274 = VECTOR ( 'NONE', #2274, 1000.000000000000000 ) ;
#4275 = VERTEX_POINT ( 'NONE', #1587 ) ;
#4276 = LINE ( 'NONE', #4588, #2876 ) ;
#4277 =( GEOMETRIC_REPRESENTATION_CONTEXT ( 3 ) GLOBAL_UNCERTAINTY_ASSIGNED_CONTEXT ( ( #4888 ) ) GLOBAL_UNIT_ASSIGNED_CONTEXT ( ( #4006, #1086, #1523 ) ) REPRESENTATION_CONTEXT ( 'NONE', 'WORKASPACE' ) );
#4278 = UNCERTAINTY_MEASURE_WITH_UNIT (LENGTH_MEASURE( 1.000000000000000100E-005 ), #1212, 'distance_accuracy_value', 'NONE');
#4279 = CARTESIAN_POINT ( 'NONE',  ( 5.471370941386530800, 5.050000000000000700, -5.205917668354676800 ) ) ;
#4280 = DIRECTION ( 'NONE',  ( 0.0000000000000000000, -0.0000000000000000000, 1.000000000000000000 ) ) ;
#4281 = DIRECTION ( 'NONE',  ( -1.000000000000000000, 0.0000000000000000000, 0.0000000000000000000 ) ) ;
#4282 = ORIENTED_EDGE ( 'NONE', *, *, #5235, .F. ) ;
#4283 = MECHANICAL_DESIGN_GEOMETRIC_PRESENTATION_REPRESENTATION (  '', ( #4463 ), #4734 ) ;
#4284 = COLOUR_RGB ( '',0.6941176470588235100, 0.09803921568627450800, 0.09803921568627450800 ) ;
#4285 = PLANE ( 'NONE',  #5350 ) ;
#4286 = LINE ( 'NONE', #3811, #4053 ) ;
#4287 =( LENGTH_UNIT ( ) NAMED_UNIT ( * ) SI_UNIT ( .MILLI., .METRE. ) );
#4288 = CARTESIAN_POINT ( 'NONE',  ( 4.559164922421128800, 5.051000000000001000, -4.690058771941092900 ) ) ;
#4289 = PRESENTATION_STYLE_ASSIGNMENT (( #3668 ) ) ;
#4290 = PLANE ( 'NONE',  #2361 ) ;
#4291 = AXIS2_PLACEMENT_3D ( 'NONE', #1939, #4868, #2347 ) ;
#4292 = ADVANCED_FACE ( 'NONE', ( #2309 ), #1183, .F. ) ;
#4293 = DIRECTION ( 'NONE',  ( -0.2793947940814935400, 0.0000000000000000000, 0.9601763114346030200 ) ) ;
#4294 = DIRECTION ( 'NONE',  ( -0.0000000000000000000, -0.0000000000000000000, -1.000000000000000000 ) ) ;
#4295 = LINE ( 'NONE', #2020, #2036 ) ;
#4296 =( GEOMETRIC_REPRESENTATION_CONTEXT ( 3 ) GLOBAL_UNCERTAINTY_ASSIGNED_CONTEXT ( ( #5097 ) ) GLOBAL_UNIT_ASSIGNED_CONTEXT ( ( #1778, #925, #4235 ) ) REPRESENTATION_CONTEXT ( 'NONE', 'WORKASPACE' ) );
#4297 = FILL_AREA_STYLE ('',( #1497 ) ) ;
#4298 = EDGE_CURVE ( 'NONE', #5244, #4572, #3818, .T. ) ;
#4299 = VERTEX_POINT ( 'NONE', #1569 ) ;
#4300 = UNCERTAINTY_MEASURE_WITH_UNIT (LENGTH_MEASURE( 1.000000000000000100E-005 ), #431, 'distance_accuracy_value', 'NONE');
#4301 = SURFACE_SIDE_STYLE ('',( #3354 ) ) ;
#4302 = UNCERTAINTY_MEASURE_WITH_UNIT (LENGTH_MEASURE( 1.000000000000000100E-005 ), #3862, 'distance_accuracy_value', 'NONE');
#4303 = SURFACE_STYLE_FILL_AREA ( #552 ) ;
#4304 = CARTESIAN_POINT ( 'NONE',  ( 10.19181571253225500, 5.051000000000001000, -5.205917668354676800 ) ) ;
#4305 = FACE_BOUND ( 'NONE', #503, .T. ) ;
#4306 = SURFACE_STYLE_USAGE ( .BOTH. , #950 ) ;
#4307 = ORIENTED_EDGE ( 'NONE', *, *, #3126, .F. ) ;
#4309 = CARTESIAN_POINT ( 'NONE',  ( 0.0000000000000000000, 0.0000000000000000000, -9.199999999999999300 ) ) ;
#4308 = CARTESIAN_POINT ( 'NONE',  ( 9.989999999999996700, -4.049999999999999800, -0.9649999999999990800 ) ) ;
#4310 = ORIENTED_EDGE ( 'NONE', *, *, #1682, .T. ) ;
#4311 =( LENGTH_UNIT ( ) NAMED_UNIT ( * ) SI_UNIT ( .MILLI., .METRE. ) );
#4312 = ORIENTED_EDGE ( 'NONE', *, *, #62, .T. ) ;
#4313 = DIRECTION ( 'NONE',  ( 3.097720492815722700E-016, 0.0000000000000000000, -1.000000000000000000 ) ) ;
#4314 = LINE ( 'NONE', #804, #2634 ) ;
#4315 = AXIS2_PLACEMENT_3D ( 'NONE', #592, #170, #4293 ) ;
#4316 = ORIENTED_EDGE ( 'NONE', *, *, #3545, .F. ) ;
#4317 = DIRECTION ( 'NONE',  ( 1.000000000000000000, 0.0000000000000000000, -0.0000000000000000000 ) ) ;
#4318 = ORIENTED_EDGE ( 'NONE', *, *, #3832, .F. ) ;
#4319 = VECTOR ( 'NONE', #2858, 1000.000000000000100 ) ;
#4320 = MECHANICAL_DESIGN_GEOMETRIC_PRESENTATION_REPRESENTATION (  '', ( #3755 ), #1171 ) ;
#4321 = DIRECTION ( 'NONE',  ( 0.0000000000000000000, -1.000000000000000000, 0.0000000000000000000 ) ) ;
#4322 = EDGE_CURVE ( 'NONE', #4478, #3433, #2460, .T. ) ;
#4323 =( LENGTH_UNIT ( ) NAMED_UNIT ( * ) SI_UNIT ( .MILLI., .METRE. ) );
#4324 = EDGE_LOOP ( 'NONE', ( #970, #4383, #3275, #1593 ) ) ;
#4325 = CARTESIAN_POINT ( 'NONE',  ( 12.52999999999999600, -4.049999999999999800, -0.9649999999999990800 ) ) ;
#4326 = CARTESIAN_POINT ( 'NONE',  ( 4.559164922421128800, 5.051000000000001000, -4.690058771941092900 ) ) ;
#4327 =( GEOMETRIC_REPRESENTATION_CONTEXT ( 3 ) GLOBAL_UNCERTAINTY_ASSIGNED_CONTEXT ( ( #4630 ) ) GLOBAL_UNIT_ASSIGNED_CONTEXT ( ( #1100, #4047, #2343 ) ) REPRESENTATION_CONTEXT ( 'NONE', 'WORKASPACE' ) );
#4328 = SURFACE_STYLE_USAGE ( .BOTH. , #1029 ) ;
#4329 = LINE ( 'NONE', #2503, #5041 ) ;
#4330 = ORIENTED_EDGE ( 'NONE', *, *, #3609, .T. ) ;
#4331 = AXIS2_PLACEMENT_3D ( 'NONE', #2084, #2557, #1279 ) ;
#4332 = EDGE_LOOP ( 'NONE', ( #2832, #3384, #3032, #1442 ) ) ;
#4333 = CARTESIAN_POINT ( 'NONE',  ( 8.526860599064679700, 5.051000000000001000, -4.975618789064136600 ) ) ;
#4334 = EDGE_LOOP ( 'NONE', ( #5344, #2619, #331, #47 ) ) ;
#4335 = AXIS2_PLACEMENT_3D ( 'NONE', #1281, #1310, #4189 ) ;
#4336 = CARTESIAN_POINT ( 'NONE',  ( 9.289999999999997400, -4.049999999999999800, -8.585000000000000900 ) ) ;
#4337 = EDGE_CURVE ( 'NONE', #4572, #2138, #2980, .T. ) ;
#4338 = ORIENTED_EDGE ( 'NONE', *, *, #3437, .F. ) ;
#4339 = DIRECTION ( 'NONE',  ( 1.000000000000000000, 0.0000000000000000000, 0.0000000000000000000 ) ) ;
#4340 = ORIENTED_EDGE ( 'NONE', *, *, #123, .F. ) ;
#4341 = FILL_AREA_STYLE_COLOUR ( '', #4384 ) ;
#4342 = DIRECTION ( 'NONE',  ( -1.000000000000000000, -0.0000000000000000000, -0.0000000000000000000 ) ) ;
#4343 = ORIENTED_EDGE ( 'NONE', *, *, #4865, .T. ) ;
#4344 = ADVANCED_FACE ( 'NONE', ( #224 ), #5286, .F. ) ;
#4345 = DIRECTION ( 'NONE',  ( 1.000000000000000000, 0.0000000000000000000, 0.0000000000000000000 ) ) ;
#4346 = COLOUR_RGB ( '',0.6941176470588235100, 0.09803921568627450800, 0.09803921568627450800 ) ;
#4347 = CARTESIAN_POINT ( 'NONE',  ( 6.555651969246063100, 5.051000000000001000, -5.205917668354676800 ) ) ;
#4348 = COLOUR_RGB ( '',1.000000000000000000, 1.000000000000000000, 1.000000000000000000 ) ;
#4349 = AXIS2_PLACEMENT_3D ( 'NONE', #2210, #522, #2632 ) ;
#4350 = MECHANICAL_DESIGN_GEOMETRIC_PRESENTATION_REPRESENTATION (  '', ( #2688 ), #146 ) ;
#4351 = EDGE_CURVE ( 'NONE', #3367, #4480, #1990, .T. ) ;
#4352 =( NAMED_UNIT ( * ) SI_UNIT ( $, .STERADIAN. ) SOLID_ANGLE_UNIT ( ) );
#4353 = DIRECTION ( 'NONE',  ( -0.0000000000000000000, -0.0000000000000000000, 1.000000000000000000 ) ) ;
#4354 = DIRECTION ( 'NONE',  ( 0.0000000000000000000, 0.0000000000000000000, -1.000000000000000000 ) ) ;
#4355 = CARTESIAN_POINT ( 'NONE',  ( 4.909999999999999300, 0.0000000000000000000, -8.234999999999981700 ) ) ;
#4356 = MECHANICAL_DESIGN_GEOMETRIC_PRESENTATION_REPRESENTATION (  '', ( #2240 ), #3656 ) ;
#4357 = CARTESIAN_POINT ( 'NONE',  ( 2.370000000000000600, -4.049999999999999800, -8.409999999999962800 ) ) ;
#4358 = DIRECTION ( 'NONE',  ( 1.000000000000000000, 0.0000000000000000000, 0.0000000000000000000 ) ) ;
#4359 = FACE_BOUND ( 'NONE', #5063, .T. ) ;
#4360 = AXIS2_PLACEMENT_3D ( 'NONE', #1636, #4135, #850 ) ;
#4361 = ORIENTED_EDGE ( 'NONE', *, *, #5130, .F. ) ;
#4362 = FILL_AREA_STYLE_COLOUR ( '', #3960 ) ;
#4363 = FILL_AREA_STYLE ('',( #1044 ) ) ;
#4364 = EDGE_CURVE ( 'NONE', #3992, #5247, #4450, .T. ) ;
#4365 = LINE ( 'NONE', #949, #1317 ) ;
#4366 = VERTEX_POINT ( 'NONE', #1174 ) ;
#4367 = FILL_AREA_STYLE_COLOUR ( '', #4168 ) ;
#4368 = CARTESIAN_POINT ( 'NONE',  ( 5.873634483847333800, 5.050000000000000700, -4.750656964556244900 ) ) ;
#4369 = CARTESIAN_POINT ( 'NONE',  ( 3.290000000000000500, 0.0000000000000000000, -9.000000000000000000 ) ) ;
#4370 = LINE ( 'NONE', #4279, #3996 ) ;
#4371 = EDGE_LOOP ( 'NONE', ( #2927, #2695, #2800, #1099 ) ) ;
#4372 = CARTESIAN_POINT ( 'NONE',  ( 12.52999999999999600, -4.049999999999999800, -0.9649999999999990800 ) ) ;
#4373 = CARTESIAN_POINT ( 'NONE',  ( 6.490253737695161000, 5.051000000000001000, -4.975659249163766300 ) ) ;
#4374 = PLANE ( 'NONE',  #4097 ) ;
#4375 = MECHANICAL_DESIGN_GEOMETRIC_PRESENTATION_REPRESENTATION (  '', ( #3013 ), #3844 ) ;
#4376 = DIRECTION ( 'NONE',  ( 0.004650693823676657300, 0.0000000000000000000, -0.9999891854650021500 ) ) ;
#4377 = ORIENTED_EDGE ( 'NONE', *, *, #261, .F. ) ;
#4378 = LINE ( 'NONE', #2740, #2985 ) ;
#4379 = MECHANICAL_DESIGN_GEOMETRIC_PRESENTATION_REPRESENTATION (  '', ( #595 ), #3463 ) ;
#4380 = COLOUR_RGB ( '',0.8980392156862745400, 0.9215686274509803400, 0.9294117647058823800 ) ;
#4381 = DIRECTION ( 'NONE',  ( -0.0000000000000000000, 1.000000000000000000, -0.0000000000000000000 ) ) ;
#4382 = EDGE_CURVE ( 'NONE', #3388, #1836, #3485, .T. ) ;
#4383 = ORIENTED_EDGE ( 'NONE', *, *, #4199, .F. ) ;
#4384 = COLOUR_RGB ( '',0.8980392156862745400, 0.9215686274509803400, 0.9294117647058823800 ) ;
#4385 = CARTESIAN_POINT ( 'NONE',  ( 5.178910637437359000, 5.051000000000001000, -3.996226937848596600 ) ) ;
#4386 =( LENGTH_UNIT ( ) NAMED_UNIT ( * ) SI_UNIT ( .MILLI., .METRE. ) );
#4387 = PRESENTATION_STYLE_ASSIGNMENT (( #2732 ) ) ;
#4388 = ORIENTED_EDGE ( 'NONE', *, *, #5087, .T. ) ;
#4389 =( GEOMETRIC_REPRESENTATION_CONTEXT ( 3 ) GLOBAL_UNCERTAINTY_ASSIGNED_CONTEXT ( ( #1843 ) ) GLOBAL_UNIT_ASSIGNED_CONTEXT ( ( #269, #3227, #2819 ) ) REPRESENTATION_CONTEXT ( 'NONE', 'WORKASPACE' ) );
#4390 = FILL_AREA_STYLE_COLOUR ( '', #3825 ) ;
#4391 = FACE_OUTER_BOUND ( 'NONE', #1235, .T. ) ;
#4392 = EDGE_CURVE ( 'NONE', #1315, #1658, #3697, .T. ) ;
#4393 = PLANE ( 'NONE',  #3932 ) ;
#4394 = CARTESIAN_POINT ( 'NONE',  ( 9.989999999999996700, 0.0000000000000000000, -8.235000000000001200 ) ) ;
#4395 = LINE ( 'NONE', #4043, #3762 ) ;
#4396 = ORIENTED_EDGE ( 'NONE', *, *, #1480, .F. ) ;
#4397 = UNCERTAINTY_MEASURE_WITH_UNIT (LENGTH_MEASURE( 1.000000000000000100E-005 ), #2959, 'distance_accuracy_value', 'NONE');
#4398 = STYLED_ITEM ( 'NONE', ( #5179 ), #3726 ) ;
#4399 =( NAMED_UNIT ( * ) SI_UNIT ( $, .STERADIAN. ) SOLID_ANGLE_UNIT ( ) );
#4400 = DIRECTION ( 'NONE',  ( -0.0000000000000000000, 0.0000000000000000000, 1.000000000000000000 ) ) ;
#4401 = VERTEX_POINT ( 'NONE', #3693 ) ;
#4402 = EDGE_CURVE ( 'NONE', #3097, #3924, #3546, .T. ) ;
#4404 = LINE ( 'NONE', #3466, #4726 ) ;
#4403 = FILL_AREA_STYLE_COLOUR ( '', #4031 ) ;
#4405 = DIRECTION ( 'NONE',  ( -0.9985542843760948400, 0.0000000000000000000, -0.05375259206908286600 ) ) ;
#4406 = SURFACE_SIDE_STYLE ('',( #1564 ) ) ;
#4407 = PRESENTATION_LAYER_ASSIGNMENT (  '', '', ( #3867 ) ) ;
#4408 = ORIENTED_EDGE ( 'NONE', *, *, #1430, .T. ) ;
#4409 = VERTEX_POINT ( 'NONE', #4088 ) ;
#4410 = DIRECTION ( 'NONE',  ( -9.912705577010221200E-015, 0.0000000000000000000, 1.000000000000000000 ) ) ;
#4411 = ORIENTED_EDGE ( 'NONE', *, *, #210, .T. ) ;
#4412 =( NAMED_UNIT ( * ) PLANE_ANGLE_UNIT ( ) SI_UNIT ( $, .RADIAN. ) );
#4413 = DIRECTION ( 'NONE',  ( -1.000000000000000000, 0.0000000000000000000, 4.956352788505119300E-015 ) ) ;
#4414 = CARTESIAN_POINT ( 'NONE',  ( 7.448944730396791900, 5.050000000000000700, -3.996226937848596600 ) ) ;
#4415 = PRESENTATION_STYLE_ASSIGNMENT (( #2674 ) ) ;
#4416 = SURFACE_STYLE_USAGE ( .BOTH. , #335 ) ;
#4417 = LINE ( 'NONE', #799, #3351 ) ;
#4418 = DIRECTION ( 'NONE',  ( 0.0000000000000000000, 0.0000000000000000000, -1.000000000000000000 ) ) ;
#4419 = EDGE_CURVE ( 'NONE', #3082, #706, #492, .T. ) ;
#4420 = SURFACE_STYLE_FILL_AREA ( #1871 ) ;
#4421 = DIRECTION ( 'NONE',  ( 1.000000000000000000, 0.0000000000000000000, 0.0000000000000000000 ) ) ;
#4422 = FILL_AREA_STYLE ('',( #4023 ) ) ;
#4423 = PLANE ( 'NONE',  #3434 ) ;
#4424 = AXIS2_PLACEMENT_3D ( 'NONE', #2809, #320, #3238 ) ;
#4425 = FILL_AREA_STYLE_COLOUR ( '', #1462 ) ;
#4426 = EDGE_CURVE ( 'NONE', #4583, #1289, #2845, .T. ) ;
#4427 = PRESENTATION_STYLE_ASSIGNMENT (( #728 ) ) ;
#4428 =( NAMED_UNIT ( * ) SI_UNIT ( $, .STERADIAN. ) SOLID_ANGLE_UNIT ( ) );
#4429 = EDGE_LOOP ( 'NONE', ( #1923, #2237, #510, #1535 ) ) ;
#4430 = FILL_AREA_STYLE_COLOUR ( '', #4099 ) ;
#4431 = CARTESIAN_POINT ( 'NONE',  ( 4.810841445385825900, 5.051000000000001000, -3.996226937848596600 ) ) ;
#4432 = CARTESIAN_POINT ( 'NONE',  ( 6.555651969246063100, 5.051000000000001000, -5.205917668354676800 ) ) ;
#4433 = DIRECTION ( 'NONE',  ( 1.000000000000000000, 0.0000000000000000000, -0.0000000000000000000 ) ) ;
#4434 =( GEOMETRIC_REPRESENTATION_CONTEXT ( 3 ) GLOBAL_UNCERTAINTY_ASSIGNED_CONTEXT ( ( #1400 ) ) GLOBAL_UNIT_ASSIGNED_CONTEXT ( ( #5166, #3544, #193 ) ) REPRESENTATION_CONTEXT ( 'NONE', 'WORKASPACE' ) );
#4435 = VERTEX_POINT ( 'NONE', #1948 ) ;
#4436 = FACE_BOUND ( 'NONE', #2127, .T. ) ;
#4437 = SURFACE_SIDE_STYLE ('',( #625 ) ) ;
#4438 = ORIENTED_EDGE ( 'NONE', *, *, #52, .F. ) ;
#4439 = CARTESIAN_POINT ( 'NONE',  ( 7.099999999999999600, -4.049999999999999800, -8.585000000000000900 ) ) ;
#4440 = DIRECTION ( 'NONE',  ( -0.0000000000000000000, -1.000000000000000000, -0.0000000000000000000 ) ) ;
#4441 = STYLED_ITEM ( 'NONE', ( #1389 ), #4597 ) ;
#4442 = FILL_AREA_STYLE_COLOUR ( '', #2018 ) ;
#4443 = VERTEX_POINT ( 'NONE', #5267 ) ;
#4444 = SURFACE_SIDE_STYLE ('',( #391 ) ) ;
#4445 = EDGE_CURVE ( 'NONE', #381, #702, #619, .T. ) ;
#4446 = ORIENTED_EDGE ( 'NONE', *, *, #4337, .T. ) ;
#4447 = VECTOR ( 'NONE', #2449, 1000.000000000000000 ) ;
#4448 = CARTESIAN_POINT ( 'NONE',  ( 8.311767360338937000, 5.051000000000001000, -4.226415471414234100 ) ) ;
#4449 = SURFACE_SIDE_STYLE ('',( #1077 ) ) ;
#4450 = LINE ( 'NONE', #2814, #2179 ) ;
#4451 = FILL_AREA_STYLE ('',( #1566 ) ) ;
#4452 = CARTESIAN_POINT ( 'NONE',  ( 4.909999999999999300, -4.049999999999999800, -8.234999999999981700 ) ) ;
#4453 = EDGE_LOOP ( 'NONE', ( #3130, #4856, #2176, #4637 ) ) ;
#4454 =( NAMED_UNIT ( * ) PLANE_ANGLE_UNIT ( ) SI_UNIT ( $, .RADIAN. ) );
#4455 = LINE ( 'NONE', #649, #5037 ) ;
#4456 = DIRECTION ( 'NONE',  ( -1.000000000000000000, -0.0000000000000000000, -0.0000000000000000000 ) ) ;
#4457 = CARTESIAN_POINT ( 'NONE',  ( 14.19999999999999900, 0.0000000000000000000, 0.0000000000000000000 ) ) ;
#4458 = PLANE ( 'NONE',  #1643 ) ;
#4459 = STYLED_ITEM ( 'NONE', ( #2151 ), #3170 ) ;
#4460 = DIRECTION ( 'NONE',  ( 0.0000000000000000000, 0.0000000000000000000, -1.000000000000000000 ) ) ;
#4461 = VERTEX_POINT ( 'NONE', #2854 ) ;
#4462 =( NAMED_UNIT ( * ) PLANE_ANGLE_UNIT ( ) SI_UNIT ( $, .RADIAN. ) );
#4463 = STYLED_ITEM ( 'NONE', ( #3734 ), #468 ) ;
#4464 =( NAMED_UNIT ( * ) SI_UNIT ( $, .STERADIAN. ) SOLID_ANGLE_UNIT ( ) );
#4465 = LINE ( 'NONE', #3771, #3386 ) ;
#4466 = CARTESIAN_POINT ( 'NONE',  ( 2.369999999999999700, 0.0000000000000000000, -8.234999999999965700 ) ) ;
#4467 = ORIENTED_EDGE ( 'NONE', *, *, #4251, .T. ) ;
#4468 = SURFACE_STYLE_FILL_AREA ( #4297 ) ;
#4469 = PRESENTATION_STYLE_ASSIGNMENT (( #1108 ) ) ;
#4470 = VECTOR ( 'NONE', #4281, 1000.000000000000000 ) ;
#4471 = STYLED_ITEM ( 'NONE', ( #3196 ), #1657 ) ;
#4472 = DIRECTION ( 'NONE',  ( -0.0000000000000000000, 1.000000000000000000, -0.0000000000000000000 ) ) ;
#4473 = PRESENTATION_STYLE_ASSIGNMENT (( #1793 ) ) ;
#4474 = UNCERTAINTY_MEASURE_WITH_UNIT (LENGTH_MEASURE( 1.000000000000000100E-005 ), #2239, 'distance_accuracy_value', 'NONE');
#4475 =( LENGTH_UNIT ( ) NAMED_UNIT ( * ) SI_UNIT ( .MILLI., .METRE. ) );
#4476 = DIRECTION ( 'NONE',  ( 1.000000000000000000, 0.0000000000000000000, 0.0000000000000000000 ) ) ;
#4477 =( NAMED_UNIT ( * ) SI_UNIT ( $, .STERADIAN. ) SOLID_ANGLE_UNIT ( ) );
#4478 = VERTEX_POINT ( 'NONE', #1524 ) ;
#4479 = LINE ( 'NONE', #480, #2263 ) ;
#4480 = VERTEX_POINT ( 'NONE', #3242 ) ;
#4481 =( NAMED_UNIT ( * ) SI_UNIT ( $, .STERADIAN. ) SOLID_ANGLE_UNIT ( ) );
#4482 = EDGE_CURVE ( 'NONE', #1481, #4583, #4520, .T. ) ;
#4483 = VERTEX_POINT ( 'NONE', #2796 ) ;
#4484 = DIRECTION ( 'NONE',  ( 1.000000000000000000, 0.0000000000000000000, -0.0000000000000000000 ) ) ;
#4485 = CARTESIAN_POINT ( 'NONE',  ( 4.209999999999999100, 0.0000000000000000000, -8.234999999999981700 ) ) ;
#4486 = FACE_OUTER_BOUND ( 'NONE', #615, .T. ) ;
#4487 = CARTESIAN_POINT ( 'NONE',  ( 6.555651969246063100, 5.050000000000000700, -5.205917668354676800 ) ) ;
#4488 = MECHANICAL_DESIGN_GEOMETRIC_PRESENTATION_REPRESENTATION (  '', ( #2749 ), #3222 ) ;
#4489 = ORIENTED_EDGE ( 'NONE', *, *, #3258, .F. ) ;
#4490 =( NAMED_UNIT ( * ) PLANE_ANGLE_UNIT ( ) SI_UNIT ( $, .RADIAN. ) );
#4491 = COLOUR_RGB ( '',0.8980392156862745400, 0.9215686274509803400, 0.9294117647058823800 ) ;
#4492 = ADVANCED_FACE ( 'NONE', ( #1591 ), #743, .F. ) ;
#4493 = SURFACE_SIDE_STYLE ('',( #4267 ) ) ;
#4494 = DIRECTION ( 'NONE',  ( -0.0000000000000000000, 1.000000000000000000, -0.0000000000000000000 ) ) ;
#4495 = MECHANICAL_DESIGN_GEOMETRIC_PRESENTATION_REPRESENTATION (  '', ( #882 ), #203 ) ;
#4496 =( NAMED_UNIT ( * ) SI_UNIT ( $, .STERADIAN. ) SOLID_ANGLE_UNIT ( ) );
#4497 =( LENGTH_UNIT ( ) NAMED_UNIT ( * ) SI_UNIT ( .MILLI., .METRE. ) );
#4498 = DIRECTION ( 'NONE',  ( -1.000000000000000000, -0.0000000000000000000, -0.0000000000000000000 ) ) ;
#4499 = CARTESIAN_POINT ( 'NONE',  ( 2.369999999999999700, -4.049999999999999800, -8.584999999999965300 ) ) ;
#4500 =( GEOMETRIC_REPRESENTATION_CONTEXT ( 3 ) GLOBAL_UNCERTAINTY_ASSIGNED_CONTEXT ( ( #5207 ) ) GLOBAL_UNIT_ASSIGNED_CONTEXT ( ( #5132, #2656, #678 ) ) REPRESENTATION_CONTEXT ( 'NONE', 'WORKASPACE' ) );
#4501 =( NAMED_UNIT ( * ) SI_UNIT ( $, .STERADIAN. ) SOLID_ANGLE_UNIT ( ) );
#4502 = EDGE_CURVE ( 'NONE', #4478, #3548, #1452, .T. ) ;
#4503 = VECTOR ( 'NONE', #2863, 1000.000000000000000 ) ;
#4504 = PLANE ( 'NONE',  #3243 ) ;
#4505 =( LENGTH_UNIT ( ) NAMED_UNIT ( * ) SI_UNIT ( .MILLI., .METRE. ) );
#4506 = MECHANICAL_DESIGN_GEOMETRIC_PRESENTATION_REPRESENTATION (  '', ( #680 ), #3205 ) ;
#4507 = EDGE_LOOP ( 'NONE', ( #3194, #2180, #2306, #2453, #1073, #491, #5014, #738, #4828, #4578, #4438, #2041, #3343, #72, #2368, #91, #1385, #3470, #4266, #2773, #3706, #435, #4106 ) ) ;
#4508 = EDGE_CURVE ( 'NONE', #3082, #3633, #45, .T. ) ;
#4509 = VECTOR ( 'NONE', #3101, 1000.000000000000000 ) ;
#4510 = VERTEX_POINT ( 'NONE', #386 ) ;
#4511 = AXIS2_PLACEMENT_3D ( 'NONE', #1514, #1074, #4020 ) ;
#4512 = ORIENTED_EDGE ( 'NONE', *, *, #1999, .T. ) ;
#4513 = CARTESIAN_POINT ( 'NONE',  ( 9.512917331921674000, 5.051000000000001000, -3.996226937848597500 ) ) ;
#4514 = PRESENTATION_LAYER_ASSIGNMENT (  '', '', ( #2578 ) ) ;
#4515 = DIRECTION ( 'NONE',  ( -0.9610992334305549200, 0.0000000000000000000, -0.2762033010287890900 ) ) ;
#4516 =( NAMED_UNIT ( * ) SI_UNIT ( $, .STERADIAN. ) SOLID_ANGLE_UNIT ( ) );
#4517 = ORIENTED_EDGE ( 'NONE', *, *, #1378, .F. ) ;
#4518 =( GEOMETRIC_REPRESENTATION_CONTEXT ( 3 ) GLOBAL_UNCERTAINTY_ASSIGNED_CONTEXT ( ( #1898 ) ) GLOBAL_UNIT_ASSIGNED_CONTEXT ( ( #3838, #4603, #3802 ) ) REPRESENTATION_CONTEXT ( 'NONE', 'WORKASPACE' ) );
#4519 = FILL_AREA_STYLE_COLOUR ( '', #2413 ) ;
#4520 = LINE ( 'NONE', #326, #378 ) ;
#4521 = ADVANCED_FACE ( 'NONE', ( #3377 ), #5345, .F. ) ;
#4522 = ORIENTED_EDGE ( 'NONE', *, *, #2273, .F. ) ;
#4523 = UNCERTAINTY_MEASURE_WITH_UNIT (LENGTH_MEASURE( 1.000000000000000100E-005 ), #2664, 'distance_accuracy_value', 'NONE');
#4524 = FILL_AREA_STYLE ('',( #1563 ) ) ;
#4525 = ORIENTED_EDGE ( 'NONE', *, *, #821, .F. ) ;
#4526 = CARTESIAN_POINT ( 'NONE',  ( 0.0000000000000000000, -4.049999999999999800, 0.0000000000000000000 ) ) ;
#4527 = SURFACE_STYLE_USAGE ( .BOTH. , #852 ) ;
#4528 = VECTOR ( 'NONE', #2272, 1000.000000000000200 ) ;
#4529 =( NAMED_UNIT ( * ) SI_UNIT ( $, .STERADIAN. ) SOLID_ANGLE_UNIT ( ) );
#4530 = EDGE_CURVE ( 'NONE', #3335, #1776, #5219, .T. ) ;
#4531 = FACE_OUTER_BOUND ( 'NONE', #4124, .T. ) ;
#4532 = ORIENTED_EDGE ( 'NONE', *, *, #3018, .F. ) ;
#4533 = CARTESIAN_POINT ( 'NONE',  ( 10.12468452440929100, 5.051000000000001000, -4.972322583850103500 ) ) ;
#4534 = FACE_OUTER_BOUND ( 'NONE', #4371, .T. ) ;
#4535 = VERTEX_POINT ( 'NONE', #1209 ) ;
#4536 = SURFACE_STYLE_USAGE ( .BOTH. , #3737 ) ;
#4537 = AXIS2_PLACEMENT_3D ( 'NONE', #2623, #2215, #1354 ) ;
#4538 = EDGE_CURVE ( 'NONE', #249, #855, #4314, .T. ) ;
#4539 = DIRECTION ( 'NONE',  ( -0.2760118818968575500, 0.0000000000000000000, 0.9611542233438684600 ) ) ;
#4540 = EDGE_LOOP ( 'NONE', ( #1942, #3100, #1671, #1056 ) ) ;
#4541 = FACE_OUTER_BOUND ( 'NONE', #620, .T. ) ;
#4542 = ORIENTED_EDGE ( 'NONE', *, *, #4364, .T. ) ;
#4543 =( NAMED_UNIT ( * ) PLANE_ANGLE_UNIT ( ) SI_UNIT ( $, .RADIAN. ) );
#4544 = DIRECTION ( 'NONE',  ( -0.0000000000000000000, 1.000000000000000000, -0.0000000000000000000 ) ) ;
#4545 = ADVANCED_FACE ( 'NONE', ( #3618 ), #5000, .F. ) ;
#4546 = FILL_AREA_STYLE_COLOUR ( '', #4763 ) ;
#4547 = UNCERTAINTY_MEASURE_WITH_UNIT (LENGTH_MEASURE( 1.000000000000000100E-005 ), #1865, 'distance_accuracy_value', 'NONE');
#4548 = STYLED_ITEM ( 'NONE', ( #4577 ), #4567 ) ;
#4549 = VECTOR ( 'NONE', #3043, 1000.000000000000000 ) ;
#4550 = DIRECTION ( 'NONE',  ( -0.0000000000000000000, -1.000000000000000000, -0.0000000000000000000 ) ) ;
#4551 = VECTOR ( 'NONE', #2224, 1000.000000000000100 ) ;
#4552 = CARTESIAN_POINT ( 'NONE',  ( 6.749999999999999100, -4.049999999999999800, -0.6149999999999989900 ) ) ;
#4553 = LINE ( 'NONE', #2022, #1808 ) ;
#4554 = EDGE_CURVE ( 'NONE', #4646, #125, #303, .T. ) ;
#4555 = DIRECTION ( 'NONE',  ( 1.000000000000000000, 0.0000000000000000000, 0.0000000000000000000 ) ) ;
#4556 = CARTESIAN_POINT ( 'NONE',  ( 9.289999999999997400, -4.049999999999999800, -0.9649999999999990800 ) ) ;
#4557 = FACE_OUTER_BOUND ( 'NONE', #3652, .T. ) ;
#4558 = VECTOR ( 'NONE', #4498, 1000.000000000000000 ) ;
#4559 = FILL_AREA_STYLE_COLOUR ( '', #2911 ) ;
#4560 = SURFACE_SIDE_STYLE ('',( #396 ) ) ;
#4561 = PRESENTATION_LAYER_ASSIGNMENT (  '', '', ( #1492 ) ) ;
#4562 = ORIENTED_EDGE ( 'NONE', *, *, #1307, .T. ) ;
#4563 = DIRECTION ( 'NONE',  ( -1.000000000000000000, 0.0000000000000000000, 0.0000000000000000000 ) ) ;
#4564 = CARTESIAN_POINT ( 'NONE',  ( 6.749999999999999100, -4.049999999999999800, -0.6149999999999989900 ) ) ;
#4565 = CARTESIAN_POINT ( 'NONE',  ( 4.362595052319494300, 5.050000000000000700, -5.205917668354676800 ) ) ;
#4566 = VECTOR ( 'NONE', #5248, 1000.000000000000000 ) ;
#4567 = ADVANCED_FACE ( 'NONE', ( #1002 ), #3780, .F. ) ;
#4568 = ORIENTED_EDGE ( 'NONE', *, *, #4426, .F. ) ;
#4569 = CARTESIAN_POINT ( 'NONE',  ( 11.82999999999999700, -4.049999999999999800, -0.9649999999999990800 ) ) ;
#4570 = MECHANICAL_DESIGN_GEOMETRIC_PRESENTATION_REPRESENTATION (  '', ( #866 ), #4850 ) ;
#4571 = PRESENTATION_STYLE_ASSIGNMENT (( #963 ) ) ;
#4572 = VERTEX_POINT ( 'NONE', #818 ) ;
#4573 = ORIENTED_EDGE ( 'NONE', *, *, #5048, .T. ) ;
#4574 =( NAMED_UNIT ( * ) SI_UNIT ( $, .STERADIAN. ) SOLID_ANGLE_UNIT ( ) );
#4575 = PLANE ( 'NONE',  #89 ) ;
#4576 = PRESENTATION_LAYER_ASSIGNMENT (  '', '', ( #2930 ) ) ;
#4577 = PRESENTATION_STYLE_ASSIGNMENT (( #832 ) ) ;
#4578 = ORIENTED_EDGE ( 'NONE', *, *, #1965, .F. ) ;
#4579 = EDGE_CURVE ( 'NONE', #2706, #3839, #4835, .T. ) ;
#4580 = VECTOR ( 'NONE', #4853, 1000.000000000000000 ) ;
#4581 = FILL_AREA_STYLE_COLOUR ( '', #5355 ) ;
#4582 = DIRECTION ( 'NONE',  ( -1.000000000000000000, 0.0000000000000000000, 0.0000000000000000000 ) ) ;
#4583 = VERTEX_POINT ( 'NONE', #2043 ) ;
#4584 =( GEOMETRIC_REPRESENTATION_CONTEXT ( 3 ) GLOBAL_UNCERTAINTY_ASSIGNED_CONTEXT ( ( #5195 ) ) GLOBAL_UNIT_ASSIGNED_CONTEXT ( ( #1869, #5226, #4771 ) ) REPRESENTATION_CONTEXT ( 'NONE', 'WORKASPACE' ) );
#4585 = PLANE ( 'NONE',  #4858 ) ;
#4586 = FACE_OUTER_BOUND ( 'NONE', #3690, .T. ) ;
#4587 = VECTOR ( 'NONE', #4158, 1000.000000000000000 ) ;
#4588 = CARTESIAN_POINT ( 'NONE',  ( 6.392847890230885200, 5.051000000000001000, -4.750656964556244900 ) ) ;
#4589 = VERTEX_POINT ( 'NONE', #2893 ) ;
#4590 = VECTOR ( 'NONE', #990, 1000.000000000000000 ) ;
#4591 = VECTOR ( 'NONE', #862, 1000.000000000000100 ) ;
#4592 = CARTESIAN_POINT ( 'NONE',  ( 6.749999999999999100, -4.049999999999999800, -0.9649999999999990800 ) ) ;
#4593 = CARTESIAN_POINT ( 'NONE',  ( 4.559164922421128800, 5.051000000000001000, -4.690058771941092900 ) ) ;
#4594 = ORIENTED_EDGE ( 'NONE', *, *, #4747, .T. ) ;
#4595 = FACE_OUTER_BOUND ( 'NONE', #1901, .T. ) ;
#4596 = DIRECTION ( 'NONE',  ( 0.05596501978068263400, 0.0000000000000000000, -0.9984327301130245800 ) ) ;
#4597 = ADVANCED_FACE ( 'NONE', ( #2771 ), #2983, .F. ) ;
#4598 = VECTOR ( 'NONE', #5054, 1000.000000000000000 ) ;
#4599 = PRESENTATION_LAYER_ASSIGNMENT (  '', '', ( #3783 ) ) ;
#4600 = ORIENTED_EDGE ( 'NONE', *, *, #2539, .F. ) ;
#4601 = VECTOR ( 'NONE', #3314, 1000.000000000000000 ) ;
#4602 = LINE ( 'NONE', #945, #1475 ) ;
#4603 =( NAMED_UNIT ( * ) PLANE_ANGLE_UNIT ( ) SI_UNIT ( $, .RADIAN. ) );
#4604 = EDGE_LOOP ( 'NONE', ( #1229, #3779, #2752, #1189 ) ) ;
#4605 = VECTOR ( 'NONE', #2563, 1000.000000000000000 ) ;
#4606 = VECTOR ( 'NONE', #1195, 1000.000000000000100 ) ;
#4607 = AXIS2_PLACEMENT_3D ( 'NONE', #1135, #4036, #1602 ) ;
#4608 = EDGE_CURVE ( 'NONE', #1091, #2996, #3542, .T. ) ;
#4609 = DIRECTION ( 'NONE',  ( -0.2764273280489792900, 0.0000000000000000000, 0.9610348236706628400 ) ) ;
#4610 = ORIENTED_EDGE ( 'NONE', *, *, #4139, .F. ) ;
#4611 =( GEOMETRIC_REPRESENTATION_CONTEXT ( 3 ) GLOBAL_UNCERTAINTY_ASSIGNED_CONTEXT ( ( #1007 ) ) GLOBAL_UNIT_ASSIGNED_CONTEXT ( ( #4115, #2469, #3723 ) ) REPRESENTATION_CONTEXT ( 'NONE', 'WORKASPACE' ) );
#4612 = EDGE_LOOP ( 'NONE', ( #4640, #5113, #5100, #1517 ) ) ;
#4613 = FILL_AREA_STYLE ('',( #3826 ) ) ;
#4614 = PRESENTATION_LAYER_ASSIGNMENT (  '', '', ( #4778 ) ) ;
#4615 =( NAMED_UNIT ( * ) PLANE_ANGLE_UNIT ( ) SI_UNIT ( $, .RADIAN. ) );
#4616 = FILL_AREA_STYLE ('',( #4182 ) ) ;
#4617 = LINE ( 'NONE', #2964, #2029 ) ;
#4618 = PRESENTATION_STYLE_ASSIGNMENT (( #340 ) ) ;
#4619 = STYLED_ITEM ( 'NONE', ( #1787 ), #4962 ) ;
#4620 = CARTESIAN_POINT ( 'NONE',  ( 10.12468452440929100, 5.051000000000001000, -4.972322583850103500 ) ) ;
#4621 = FACE_OUTER_BOUND ( 'NONE', #2527, .T. ) ;
#4622 = CARTESIAN_POINT ( 'NONE',  ( 8.461388803700311100, 5.050000000000000700, -4.750616504455980900 ) ) ;
#4623 = ADVANCED_FACE ( 'NONE', ( #5361 ), #843, .T. ) ;
#4624 = DIRECTION ( 'NONE',  ( 0.0000000000000000000, -0.0000000000000000000, -1.000000000000000000 ) ) ;
#4625 = DIRECTION ( 'NONE',  ( -1.000000000000000000, 0.0000000000000000000, -4.956352788505266800E-015 ) ) ;
#4626 = PLANE ( 'NONE',  #2922 ) ;
#4627 = ORIENTED_EDGE ( 'NONE', *, *, #4671, .F. ) ;
#4628 = AXIS2_PLACEMENT_3D ( 'NONE', #593, #1010, #189 ) ;
#4629 = FILL_AREA_STYLE_COLOUR ( '', #994 ) ;
#4630 = UNCERTAINTY_MEASURE_WITH_UNIT (LENGTH_MEASURE( 1.000000000000000100E-005 ), #1100, 'distance_accuracy_value', 'NONE');
#4631 = ORIENTED_EDGE ( 'NONE', *, *, #84, .F. ) ;
#4632 = VECTOR ( 'NONE', #1322, 1000.000000000000000 ) ;
#4633 = CARTESIAN_POINT ( 'NONE',  ( 11.82999999999999700, -4.049999999999999800, -0.6149999999999989900 ) ) ;
#4634 = ORIENTED_EDGE ( 'NONE', *, *, #62, .F. ) ;
#4635 = EDGE_CURVE ( 'NONE', #1676, #2996, #3891, .T. ) ;
#4636 = SURFACE_STYLE_USAGE ( .BOTH. , #4176 ) ;
#4637 = ORIENTED_EDGE ( 'NONE', *, *, #1378, .T. ) ;
#4638 = STYLED_ITEM ( 'NONE', ( #327 ), #1704 ) ;
#4639 = SURFACE_STYLE_FILL_AREA ( #1988 ) ;
#4640 = ORIENTED_EDGE ( 'NONE', *, *, #5266, .T. ) ;
#4641 = DIRECTION ( 'NONE',  ( -0.0000000000000000000, -1.000000000000000000, -0.0000000000000000000 ) ) ;
#4642 = SURFACE_STYLE_USAGE ( .BOTH. , #1721 ) ;
#4643 = LINE ( 'NONE', #3183, #3550 ) ;
#4644 = AXIS2_PLACEMENT_3D ( 'NONE', #3872, #1348, #135 ) ;
#4645 = EDGE_CURVE ( 'NONE', #483, #549, #4098, .T. ) ;
#4646 = VERTEX_POINT ( 'NONE', #3009 ) ;
#4647 =( NAMED_UNIT ( * ) PLANE_ANGLE_UNIT ( ) SI_UNIT ( $, .RADIAN. ) );
#4648 = LINE ( 'NONE', #3467, #952 ) ;
#4649 = VERTEX_POINT ( 'NONE', #3424 ) ;
#4650 = DIRECTION ( 'NONE',  ( 0.3829140317376929500, 0.0000000000000000000, 0.9237839814038696400 ) ) ;
#4651 = CARTESIAN_POINT ( 'NONE',  ( 4.209999999999999100, 0.0000000000000000000, -0.6150000000000167600 ) ) ;
#4652 = FACE_OUTER_BOUND ( 'NONE', #829, .T. ) ;
#4653 = ORIENTED_EDGE ( 'NONE', *, *, #1329, .F. ) ;
#4654 = COLOUR_RGB ( '',1.000000000000000000, 1.000000000000000000, 1.000000000000000000 ) ;
#4655 = MECHANICAL_DESIGN_GEOMETRIC_PRESENTATION_REPRESENTATION (  '', ( #24 ), #3680 ) ;
#4656 = DIRECTION ( 'NONE',  ( -0.2759782365590800500, 0.0000000000000000000, 0.9611638845408937400 ) ) ;
#4657 = FILL_AREA_STYLE_COLOUR ( '', #4348 ) ;
#4658 = ORIENTED_EDGE ( 'NONE', *, *, #4351, .F. ) ;
#4659 = LINE ( 'NONE', #2094, #4792 ) ;
#4660 = PRESENTATION_LAYER_ASSIGNMENT (  '', '', ( #3912 ) ) ;
#4661 = EDGE_CURVE ( 'NONE', #3684, #3038, #456, .T. ) ;
#4662 = VERTEX_POINT ( 'NONE', #2537 ) ;
#4663 = LINE ( 'NONE', #3383, #1482 ) ;
#4664 = PLANE ( 'NONE',  #3460 ) ;
#4665 = COLOUR_RGB ( '',0.8980392156862745400, 0.9215686274509803400, 0.9294117647058823800 ) ;
#4666 =( NAMED_UNIT ( * ) PLANE_ANGLE_UNIT ( ) SI_UNIT ( $, .RADIAN. ) );
#4667 = SURFACE_STYLE_USAGE ( .BOTH. , #1383 ) ;
#4668 = STYLED_ITEM ( 'NONE', ( #119 ), #1376 ) ;
#4669 = ADVANCED_FACE ( 'NONE', ( #1083 ), #908, .F. ) ;
#4670 = LINE ( 'NONE', #2678, #3458 ) ;
#4671 = EDGE_CURVE ( 'NONE', #219, #3552, #1675, .T. ) ;
#4672 = PLANE ( 'NONE',  #1835 ) ;
#4673 = PRESENTATION_LAYER_ASSIGNMENT (  '', '', ( #991 ) ) ;
#4674 = DIRECTION ( 'NONE',  ( 0.8958676361826958300, -0.0000000000000000000, 0.4443210308329204600 ) ) ;
#4675 =( LENGTH_UNIT ( ) NAMED_UNIT ( * ) SI_UNIT ( .MILLI., .METRE. ) );
#4676 = EDGE_CURVE ( 'NONE', #1791, #486, #3774, .T. ) ;
#4677 = CARTESIAN_POINT ( 'NONE',  ( 4.909999999999999300, -4.049999999999999800, -0.9650000000000168400 ) ) ;
#4678 = PRESENTATION_STYLE_ASSIGNMENT (( #2318 ) ) ;
#4679 =( GEOMETRIC_REPRESENTATION_CONTEXT ( 3 ) GLOBAL_UNCERTAINTY_ASSIGNED_CONTEXT ( ( #4011 ) ) GLOBAL_UNIT_ASSIGNED_CONTEXT ( ( #732, #1533, #1186 ) ) REPRESENTATION_CONTEXT ( 'NONE', 'WORKASPACE' ) );
#4680 =( NAMED_UNIT ( * ) PLANE_ANGLE_UNIT ( ) SI_UNIT ( $, .RADIAN. ) );
#4681 = FILL_AREA_STYLE ('',( #3870 ) ) ;
#4682 =( NAMED_UNIT ( * ) SI_UNIT ( $, .STERADIAN. ) SOLID_ANGLE_UNIT ( ) );
#4683 = CARTESIAN_POINT ( 'NONE',  ( 14.19999999999999900, 0.0000000000000000000, 0.0000000000000000000 ) ) ;
#4684 = EDGE_LOOP ( 'NONE', ( #525, #794 ) ) ;
#4685 = CARTESIAN_POINT ( 'NONE',  ( 5.873634483847333800, 5.051000000000001000, -4.750656964556244900 ) ) ;
#4686 = LINE ( 'NONE', #2299, #1645 ) ;
#4687 = ORIENTED_EDGE ( 'NONE', *, *, #1234, .T. ) ;
#4688 = EDGE_CURVE ( 'NONE', #87, #4649, #2255, .T. ) ;
#4689 = CARTESIAN_POINT ( 'NONE',  ( 6.749999999999999100, 0.0000000000000000000, -8.235000000000001200 ) ) ;
#4690 = SURFACE_STYLE_FILL_AREA ( #4363 ) ;
#4691 = UNCERTAINTY_MEASURE_WITH_UNIT (LENGTH_MEASURE( 1.000000000000000100E-005 ), #1690, 'distance_accuracy_value', 'NONE');
#4692 = EDGE_LOOP ( 'NONE', ( #5357, #4129, #712, #1864 ) ) ;
#4693 = ORIENTED_EDGE ( 'NONE', *, *, #4084, .F. ) ;
#4694 = FILL_AREA_STYLE_COLOUR ( '', #205 ) ;
#4695 = PRESENTATION_LAYER_ASSIGNMENT (  '', '', ( #3349 ) ) ;
#4696 = DIRECTION ( 'NONE',  ( 0.0000000000000000000, -1.000000000000000000, 0.0000000000000000000 ) ) ;
#4697 = EDGE_CURVE ( 'NONE', #4435, #4252, #3643, .T. ) ;
#4698 = VERTEX_POINT ( 'NONE', #3817 ) ;
#4699 = UNCERTAINTY_MEASURE_WITH_UNIT (LENGTH_MEASURE( 1.000000000000000100E-005 ), #1023, 'distance_accuracy_value', 'NONE');
#4700 = CARTESIAN_POINT ( 'NONE',  ( 6.392847890230885200, 5.050000000000000700, -4.750656964556244900 ) ) ;
#4701 = CARTESIAN_POINT ( 'NONE',  ( 10.12468452440929100, 5.050000000000000700, -4.972322583850103500 ) ) ;
#4702 = DIRECTION ( 'NONE',  ( -1.000000000000000000, 0.0000000000000000000, -3.097720492815730600E-016 ) ) ;
#4703 = ORIENTED_EDGE ( 'NONE', *, *, #380, .T. ) ;
#4704 = AXIS2_PLACEMENT_3D ( 'NONE', #3881, #1395, #3069 ) ;
#4705 = VECTOR ( 'NONE', #4878, 1000.000000000000000 ) ;
#4706 = ORIENTED_EDGE ( 'NONE', *, *, #2888, .F. ) ;
#4707 = VECTOR ( 'NONE', #1521, 1000.000000000000000 ) ;
#4708 = SURFACE_SIDE_STYLE ('',( #4468 ) ) ;
#4709 = EDGE_LOOP ( 'NONE', ( #1285, #2116, #2110, #1712 ) ) ;
#4710 = DIRECTION ( 'NONE',  ( -1.000000000000000000, 0.0000000000000000000, -0.0000000000000000000 ) ) ;
#4711 = STYLED_ITEM ( 'NONE', ( #1314 ), #4623 ) ;
#4712 = DIRECTION ( 'NONE',  ( -1.000000000000000000, 0.0000000000000000000, -0.0000000000000000000 ) ) ;
#4713 = SURFACE_STYLE_FILL_AREA ( #3111 ) ;
#4714 = EDGE_CURVE ( 'NONE', #3082, #706, #1933, .T. ) ;
#4715 = ORIENTED_EDGE ( 'NONE', *, *, #1407, .F. ) ;
#4716 = SURFACE_STYLE_USAGE ( .BOTH. , #2643 ) ;
#4717 = SURFACE_STYLE_FILL_AREA ( #4451 ) ;
#4718 = FILL_AREA_STYLE ('',( #2254 ) ) ;
#4719 = LINE ( 'NONE', #1726, #1404 ) ;
#4720 = DIRECTION ( 'NONE',  ( 1.000000000000000000, -0.0000000000000000000, -4.956352788505156400E-015 ) ) ;
#4721 = FACE_OUTER_BOUND ( 'NONE', #3538, .T. ) ;
#4722 = VECTOR ( 'NONE', #5371, 1000.000000000000000 ) ;
#4724 =( NAMED_UNIT ( * ) PLANE_ANGLE_UNIT ( ) SI_UNIT ( $, .RADIAN. ) );
#4723 = PLANE ( 'NONE',  #870 ) ;
#4725 = COLOUR_RGB ( '',0.8980392156862745400, 0.9215686274509803400, 0.9294117647058823800 ) ;
#4726 = VECTOR ( 'NONE', #4720, 1000.000000000000000 ) ;
#4727 = FILL_AREA_STYLE_COLOUR ( '', #4025 ) ;
#4728 = ORIENTED_EDGE ( 'NONE', *, *, #1682, .F. ) ;
#4729 = LINE ( 'NONE', #5038, #973 ) ;
#4730 = SURFACE_STYLE_FILL_AREA ( #4616 ) ;
#4731 = CARTESIAN_POINT ( 'NONE',  ( 1.669999999999999700, 0.0000000000000000000, -0.6150000000000345200 ) ) ;
#4732 = ORIENTED_EDGE ( 'NONE', *, *, #2569, .T. ) ;
#4733 = ORIENTED_EDGE ( 'NONE', *, *, #710, .F. ) ;
#4734 =( GEOMETRIC_REPRESENTATION_CONTEXT ( 3 ) GLOBAL_UNCERTAINTY_ASSIGNED_CONTEXT ( ( #2513 ) ) GLOBAL_UNIT_ASSIGNED_CONTEXT ( ( #4386, #2330, #3573 ) ) REPRESENTATION_CONTEXT ( 'NONE', 'WORKASPACE' ) );
#4735 = CARTESIAN_POINT ( 'NONE',  ( 8.881202783233808500, 5.051000000000001000, -4.226415471414234100 ) ) ;
#4736 = COLOUR_RGB ( '',1.000000000000000000, 1.000000000000000000, 1.000000000000000000 ) ;
#4737 = SURFACE_STYLE_USAGE ( .BOTH. , #3070 ) ;
#4738 = VECTOR ( 'NONE', #5142, 1000.000000000000000 ) ;
#4739 = CARTESIAN_POINT ( 'NONE',  ( 7.756345844204541400, 5.051000000000001000, -3.996226937848596600 ) ) ;
#4740 = AXIS2_PLACEMENT_3D ( 'NONE', #3884, #4754, #3055 ) ;
#4741 = SURFACE_STYLE_USAGE ( .BOTH. , #1008 ) ;
#4742 = VECTOR ( 'NONE', #4748, 1000.000000000000000 ) ;
#4743 = DIRECTION ( 'NONE',  ( 4.956352788505070400E-015, -0.0000000000000000000, 1.000000000000000000 ) ) ;
#4744 = VECTOR ( 'NONE', #3876, 1000.000000000000000 ) ;
#4745 = STYLED_ITEM ( 'NONE', ( #4258 ), #4169 ) ;
#4746 = UNCERTAINTY_MEASURE_WITH_UNIT (LENGTH_MEASURE( 1.000000000000000100E-005 ), #1426, 'distance_accuracy_value', 'NONE');
#4747 = EDGE_CURVE ( 'NONE', #2720, #1012, #2543, .T. ) ;
#4748 = DIRECTION ( 'NONE',  ( 0.0000000000000000000, 0.0000000000000000000, -1.000000000000000000 ) ) ;
#4749 = LINE ( 'NONE', #2971, #3234 ) ;
#4750 = CARTESIAN_POINT ( 'NONE',  ( 4.910000000000000100, 0.0000000000000000000, -0.7900000000000185800 ) ) ;
#4751 = SURFACE_STYLE_FILL_AREA ( #3620 ) ;
#4752 = FILL_AREA_STYLE_COLOUR ( '', #1152 ) ;
#4753 = ORIENTED_EDGE ( 'NONE', *, *, #1430, .F. ) ;
#4754 = DIRECTION ( 'NONE',  ( -0.0000000000000000000, 0.0000000000000000000, 1.000000000000000000 ) ) ;
#4755 = DIRECTION ( 'NONE',  ( -0.0000000000000000000, -1.000000000000000000, -0.0000000000000000000 ) ) ;
#4756 = ORIENTED_EDGE ( 'NONE', *, *, #1859, .T. ) ;
#4757 = VERTEX_POINT ( 'NONE', #3409 ) ;
#4758 =( NAMED_UNIT ( * ) SI_UNIT ( $, .STERADIAN. ) SOLID_ANGLE_UNIT ( ) );
#4759 = MECHANICAL_DESIGN_GEOMETRIC_PRESENTATION_REPRESENTATION (  '', ( #1492 ), #5110 ) ;
#4760 = PRESENTATION_LAYER_ASSIGNMENT (  '', '', ( #4188 ) ) ;
#4761 = ORIENTED_EDGE ( 'NONE', *, *, #1977, .T. ) ;
#4762 = DIRECTION ( 'NONE',  ( 0.0000000000000000000, 0.0000000000000000000, -1.000000000000000000 ) ) ;
#4763 = COLOUR_RGB ( '',0.8980392156862745400, 0.9215686274509803400, 0.9294117647058823800 ) ;
#4764 = DIRECTION ( 'NONE',  ( 0.0000000000000000000, 0.0000000000000000000, -1.000000000000000000 ) ) ;
#4765 = EDGE_LOOP ( 'NONE', ( #4086, #744, #499, #83 ) ) ;
#4766 = SURFACE_STYLE_FILL_AREA ( #3679 ) ;
#4767 = SURFACE_SIDE_STYLE ('',( #4924 ) ) ;
#4768 = ORIENTED_EDGE ( 'NONE', *, *, #1761, .T. ) ;
#4769 = EDGE_CURVE ( 'NONE', #3367, #4212, #4719, .T. ) ;
#4770 = CARTESIAN_POINT ( 'NONE',  ( 9.989999999999996700, 0.0000000000000000000, -0.9649999999999990800 ) ) ;
#4771 =( NAMED_UNIT ( * ) SI_UNIT ( $, .STERADIAN. ) SOLID_ANGLE_UNIT ( ) );
#4772 = ORIENTED_EDGE ( 'NONE', *, *, #1785, .T. ) ;
#4773 = CARTESIAN_POINT ( 'NONE',  ( 6.394753193036271100, 5.051000000000001000, -4.226371333128317300 ) ) ;
#4774 = PRESENTATION_STYLE_ASSIGNMENT (( #3107 ) ) ;
#4775 = PRESENTATION_LAYER_ASSIGNMENT (  '', '', ( #3956 ) ) ;
#4776 = CARTESIAN_POINT ( 'NONE',  ( 11.82999999999999700, -4.049999999999999800, -8.235000000000001200 ) ) ;
#4777 = FILL_AREA_STYLE ('',( #1097 ) ) ;
#4778 = STYLED_ITEM ( 'NONE', ( #153 ), #2499 ) ;
#4779 = ORIENTED_EDGE ( 'NONE', *, *, #2246, .T. ) ;
#4780 = VECTOR ( 'NONE', #5280, 1000.000000000000000 ) ;
#4781 = DIRECTION ( 'NONE',  ( 0.0000000000000000000, -0.0000000000000000000, -1.000000000000000000 ) ) ;
#4782 = DIRECTION ( 'NONE',  ( 0.9999960426590096500, 0.0000000000000000000, 0.002813301676023248900 ) ) ;
#4783 = ORIENTED_EDGE ( 'NONE', *, *, #1706, .T. ) ;
#4784 = LINE ( 'NONE', #3716, #3004 ) ;
#4785 =( GEOMETRIC_REPRESENTATION_CONTEXT ( 3 ) GLOBAL_UNCERTAINTY_ASSIGNED_CONTEXT ( ( #4799 ) ) GLOBAL_UNIT_ASSIGNED_CONTEXT ( ( #4287, #1792, #1062 ) ) REPRESENTATION_CONTEXT ( 'NONE', 'WORKASPACE' ) );
#4786 = VERTEX_POINT ( 'NONE', #487 ) ;
#4787 = LINE ( 'NONE', #266, #3837 ) ;
#4788 = DIRECTION ( 'NONE',  ( -0.0000000000000000000, -1.000000000000000000, -0.0000000000000000000 ) ) ;
#4789 = ORIENTED_EDGE ( 'NONE', *, *, #1841, .T. ) ;
#4790 = SURFACE_STYLE_FILL_AREA ( #2995 ) ;
#4791 = DIRECTION ( 'NONE',  ( 9.912705577010238600E-015, -0.0000000000000000000, 1.000000000000000000 ) ) ;
#4792 = VECTOR ( 'NONE', #2984, 1000.000000000000000 ) ;
#4793 = SURFACE_SIDE_STYLE ('',( #2786 ) ) ;
#4794 = LINE ( 'NONE', #5329, #638 ) ;
#4795 = SURFACE_SIDE_STYLE ('',( #4857 ) ) ;
#4796 = CARTESIAN_POINT ( 'NONE',  ( 7.449999999999999300, 0.0000000000000000000, -0.6149999999999987700 ) ) ;
#4797 = ORIENTED_EDGE ( 'NONE', *, *, #2772, .F. ) ;
#4798 = SURFACE_STYLE_FILL_AREA ( #2040 ) ;
#4799 = UNCERTAINTY_MEASURE_WITH_UNIT (LENGTH_MEASURE( 1.000000000000000100E-005 ), #4287, 'distance_accuracy_value', 'NONE');
#4800 = VECTOR ( 'NONE', #1090, 1000.000000000000000 ) ;
#4801 = CARTESIAN_POINT ( 'NONE',  ( 9.512917331921674000, 5.051000000000001000, -3.996226937848597500 ) ) ;
#4802 = EDGE_CURVE ( 'NONE', #972, #2548, #2652, .T. ) ;
#4803 = FACE_OUTER_BOUND ( 'NONE', #2702, .T. ) ;
#4804 = AXIS2_PLACEMENT_3D ( 'NONE', #912, #4255, #4702 ) ;
#4805 = CARTESIAN_POINT ( 'NONE',  ( 1.669999999999999700, -4.049999999999999800, -8.584999999999963500 ) ) ;
#4806 = LINE ( 'NONE', #2364, #20 ) ;
#4807 = LINE ( 'NONE', #1018, #2498 ) ;
#4808 = CARTESIAN_POINT ( 'NONE',  ( 4.810841445385825900, 5.051000000000001000, -3.996226937848596600 ) ) ;
#4809 = CARTESIAN_POINT ( 'NONE',  ( 4.014950853507274400, 5.051000000000001000, -3.996226937848596600 ) ) ;
#4810 = EDGE_CURVE ( 'NONE', #3613, #4299, #324, .T. ) ;
#4811 = COLOUR_RGB ( '',0.8980392156862745400, 0.9215686274509803400, 0.9294117647058823800 ) ;
#4812 =( NAMED_UNIT ( * ) PLANE_ANGLE_UNIT ( ) SI_UNIT ( $, .RADIAN. ) );
#4813 = DIRECTION ( 'NONE',  ( 1.000000000000000000, 0.0000000000000000000, -0.0000000000000000000 ) ) ;
#4814 = ADVANCED_FACE ( 'NONE', ( #1228 ), #3479, .F. ) ;
#4815 = CARTESIAN_POINT ( 'NONE',  ( 4.209999999999999100, -4.049999999999999800, -8.584999999999983100 ) ) ;
#4816 = DIRECTION ( 'NONE',  ( 0.0000000000000000000, 0.0000000000000000000, 1.000000000000000000 ) ) ;
#4817 = UNCERTAINTY_MEASURE_WITH_UNIT (LENGTH_MEASURE( 1.000000000000000100E-005 ), #2769, 'distance_accuracy_value', 'NONE');
#4818 = CARTESIAN_POINT ( 'NONE',  ( 6.749999999999999100, -4.049999999999999800, -8.585000000000000900 ) ) ;
#4819 =( LENGTH_UNIT ( ) NAMED_UNIT ( * ) SI_UNIT ( .MILLI., .METRE. ) );
#4820 = FILL_AREA_STYLE ('',( #2761 ) ) ;
#4821 = AXIS2_PLACEMENT_3D ( 'NONE', #423, #2926, #2528 ) ;
#4822 = EDGE_LOOP ( 'NONE', ( #3474, #4318, #1968, #2654 ) ) ;
#4823 = FILL_AREA_STYLE ('',( #4362 ) ) ;
#4824 = DIRECTION ( 'NONE',  ( -0.2732148821745950500, 0.0000000000000000000, 0.9619530280415578000 ) ) ;
#4825 = EDGE_CURVE ( 'NONE', #977, #1259, #5246, .T. ) ;
#4826 = PRESENTATION_STYLE_ASSIGNMENT (( #4716 ) ) ;
#4827 = CARTESIAN_POINT ( 'NONE',  ( 5.471370941386530800, 5.051000000000001000, -5.205917668354676800 ) ) ;
#4828 = ORIENTED_EDGE ( 'NONE', *, *, #4002, .F. ) ;
#4829 = DIRECTION ( 'NONE',  ( 4.956352788505119300E-015, -0.0000000000000000000, 1.000000000000000000 ) ) ;
#4830 = ORIENTED_EDGE ( 'NONE', *, *, #3718, .T. ) ;
#4831 = EDGE_LOOP ( 'NONE', ( #2104, #3841, #2351, #1119 ) ) ;
#4832 = CARTESIAN_POINT ( 'NONE',  ( 4.209999999999999100, -4.049999999999999800, -8.234999999999981700 ) ) ;
#4833 = DIRECTION ( 'NONE',  ( 0.0000000000000000000, -0.0000000000000000000, 1.000000000000000000 ) ) ;
#4834 = FILL_AREA_STYLE_COLOUR ( '', #3131 ) ;
#4835 = LINE ( 'NONE', #3730, #2694 ) ;
#4836 = CARTESIAN_POINT ( 'NONE',  ( 7.901928634121220300, 5.051000000000001000, -3.996226937848596600 ) ) ;
#4837 = PLANE ( 'NONE',  #2625 ) ;
#4838 = ORIENTED_EDGE ( 'NONE', *, *, #4392, .T. ) ;
#4839 = FACE_OUTER_BOUND ( 'NONE', #5325, .T. ) ;
#4840 =( LENGTH_UNIT ( ) NAMED_UNIT ( * ) SI_UNIT ( .MILLI., .METRE. ) );
#4841 = MECHANICAL_DESIGN_GEOMETRIC_PRESENTATION_REPRESENTATION (  '', ( #5046 ), #5117 ) ;
#4842 = PRESENTATION_STYLE_ASSIGNMENT (( #3283 ) ) ;
#4843 = ADVANCED_FACE ( 'NONE', ( #4268 ), #974, .F. ) ;
#4844 = ORIENTED_EDGE ( 'NONE', *, *, #3951, .F. ) ;
#4845 = LINE ( 'NONE', #3286, #4319 ) ;
#4846 = CARTESIAN_POINT ( 'NONE',  ( 7.191475823436544300, 5.050000000000000700, -5.205917668354676800 ) ) ;
#4847 = LINE ( 'NONE', #4126, #3176 ) ;
#4848 = ORIENTED_EDGE ( 'NONE', *, *, #149, .T. ) ;
#4849 = CARTESIAN_POINT ( 'NONE',  ( 9.168322353241782400, 5.051000000000001000, -3.996226937848597500 ) ) ;
#4850 =( GEOMETRIC_REPRESENTATION_CONTEXT ( 3 ) GLOBAL_UNCERTAINTY_ASSIGNED_CONTEXT ( ( #2733 ) ) GLOBAL_UNIT_ASSIGNED_CONTEXT ( ( #2636, #3063, #4259 ) ) REPRESENTATION_CONTEXT ( 'NONE', 'WORKASPACE' ) );
#4851 = DIRECTION ( 'NONE',  ( 1.000000000000000000, 0.0000000000000000000, 0.0000000000000000000 ) ) ;
#4852 = FILL_AREA_STYLE ('',( #1546 ) ) ;
#4853 = DIRECTION ( 'NONE',  ( -1.000000000000000000, 0.0000000000000000000, 0.0000000000000000000 ) ) ;
#4854 = LINE ( 'NONE', #2955, #3637 ) ;
#4855 = DIRECTION ( 'NONE',  ( 0.0000000000000000000, 0.0000000000000000000, 1.000000000000000000 ) ) ;
#4856 = ORIENTED_EDGE ( 'NONE', *, *, #1423, .F. ) ;
#4857 = SURFACE_STYLE_FILL_AREA ( #1926 ) ;
#4858 = AXIS2_PLACEMENT_3D ( 'NONE', #14, #875, #2101 ) ;
#4859 = CARTESIAN_POINT ( 'NONE',  ( 9.793482366010957600, 5.051000000000001000, -4.972348877483165500 ) ) ;
#4860 = CARTESIAN_POINT ( 'NONE',  ( 2.369999999999999700, 0.0000000000000000000, -8.584999999999965300 ) ) ;
#4861 = VECTOR ( 'NONE', #502, 1000.000000000000000 ) ;
#4862 = CARTESIAN_POINT ( 'NONE',  ( 4.209999999999999100, -4.049999999999999800, -0.6150000000000167600 ) ) ;
#4863 =( NAMED_UNIT ( * ) PLANE_ANGLE_UNIT ( ) SI_UNIT ( $, .RADIAN. ) );
#4864 = ORIENTED_EDGE ( 'NONE', *, *, #2206, .T. ) ;
#4865 = EDGE_CURVE ( 'NONE', #2199, #3427, #109, .T. ) ;
#4867 = COLOUR_RGB ( '',0.8980392156862745400, 0.9215686274509803400, 0.9294117647058823800 ) ;
#4866 = SURFACE_SIDE_STYLE ('',( #2262 ) ) ;
#4868 = DIRECTION ( 'NONE',  ( 0.0000000000000000000, 0.0000000000000000000, -1.000000000000000000 ) ) ;
#4869 = FILL_AREA_STYLE ('',( #1519 ) ) ;
#4870 = ORIENTED_EDGE ( 'NONE', *, *, #5062, .F. ) ;
#4871 = EDGE_LOOP ( 'NONE', ( #4408, #36, #4909, #2010 ) ) ;
#4872 = CARTESIAN_POINT ( 'NONE',  ( 5.661972997095286800, 5.051000000000001000, -5.205917668354676800 ) ) ;
#4873 =( NAMED_UNIT ( * ) PLANE_ANGLE_UNIT ( ) SI_UNIT ( $, .RADIAN. ) );
#4874 = UNCERTAINTY_MEASURE_WITH_UNIT (LENGTH_MEASURE( 1.000000000000000100E-005 ), #5358, 'distance_accuracy_value', 'NONE');
#4875 = VERTEX_POINT ( 'NONE', #1828 ) ;
#4876 = ADVANCED_FACE ( 'NONE', ( #4391 ), #4250, .F. ) ;
#4877 = DIRECTION ( 'NONE',  ( 0.0000000000000000000, 0.0000000000000000000, -1.000000000000000000 ) ) ;
#4878 = DIRECTION ( 'NONE',  ( 0.0000000000000000000, 0.0000000000000000000, 1.000000000000000000 ) ) ;
#4879 = SURFACE_STYLE_FILL_AREA ( #1554 ) ;
#4880 =( GEOMETRIC_REPRESENTATION_CONTEXT ( 3 ) GLOBAL_UNCERTAINTY_ASSIGNED_CONTEXT ( ( #3694 ) ) GLOBAL_UNIT_ASSIGNED_CONTEXT ( ( #3700, #371, #3746 ) ) REPRESENTATION_CONTEXT ( 'NONE', 'WORKASPACE' ) );
#4881 = UNCERTAINTY_MEASURE_WITH_UNIT (LENGTH_MEASURE( 1.000000000000000100E-005 ), #5031, 'distance_accuracy_value', 'NONE');
#4882 = CARTESIAN_POINT ( 'NONE',  ( 7.449999999999999300, -4.049999999999999800, -8.585000000000000900 ) ) ;
#4883 = LINE ( 'NONE', #1737, #1300 ) ;
#4884 = CARTESIAN_POINT ( 'NONE',  ( 12.52999999999999600, 0.0000000000000000000, -0.6149999999999987700 ) ) ;
#4885 =( NAMED_UNIT ( * ) PLANE_ANGLE_UNIT ( ) SI_UNIT ( $, .RADIAN. ) );
#4886 = CARTESIAN_POINT ( 'NONE',  ( 0.0000000000000000000, 0.0000000000000000000, 0.0000000000000000000 ) ) ;
#4887 = MECHANICAL_DESIGN_GEOMETRIC_PRESENTATION_REPRESENTATION (  '', ( #3783 ), #5149 ) ;
#4888 = UNCERTAINTY_MEASURE_WITH_UNIT (LENGTH_MEASURE( 1.000000000000000100E-005 ), #4006, 'distance_accuracy_value', 'NONE');
#4889 = CARTESIAN_POINT ( 'NONE',  ( 6.392847890230885200, 5.050000000000000700, -4.750656964556244900 ) ) ;
#4890 = VECTOR ( 'NONE', #3083, 1000.000000000000000 ) ;
#4891 =( NAMED_UNIT ( * ) SI_UNIT ( $, .STERADIAN. ) SOLID_ANGLE_UNIT ( ) );
#4892 = DIRECTION ( 'NONE',  ( -0.0000000000000000000, -1.000000000000000000, -0.0000000000000000000 ) ) ;
#4893 = MECHANICAL_DESIGN_GEOMETRIC_PRESENTATION_REPRESENTATION (  '', ( #4132 ), #60 ) ;
#4894 = SURFACE_STYLE_USAGE ( .BOTH. , #765 ) ;
#4895 = DIRECTION ( 'NONE',  ( 1.000000000000000000, 0.0000000000000000000, -0.0000000000000000000 ) ) ;
#4896 =( NAMED_UNIT ( * ) PLANE_ANGLE_UNIT ( ) SI_UNIT ( $, .RADIAN. ) );
#4897 = FILL_AREA_STYLE ('',( #4077 ) ) ;
#4898 = STYLED_ITEM ( 'NONE', ( #2833 ), #2278 ) ;
#4899 = FACE_OUTER_BOUND ( 'NONE', #2794, .T. ) ;
#4900 = COLOUR_RGB ( '',1.000000000000000000, 1.000000000000000000, 1.000000000000000000 ) ;
#4901 = CARTESIAN_POINT ( 'NONE',  ( 6.749999999999999100, -4.049999999999999800, -8.235000000000001200 ) ) ;
#4902 = ORIENTED_EDGE ( 'NONE', *, *, #2477, .F. ) ;
#4903 = SURFACE_SIDE_STYLE ('',( #533 ) ) ;
#4904 = CARTESIAN_POINT ( 'NONE',  ( 9.168322353241782400, 5.051000000000001000, -3.996226937848597500 ) ) ;
#4905 = APPLICATION_PROTOCOL_DEFINITION ( 'draft international standard', 'automotive_design', 1998, #1556 ) ;
#4906 = MECHANICAL_DESIGN_GEOMETRIC_PRESENTATION_REPRESENTATION (  '', ( #1375 ), #2023 ) ;
#4907 = LINE ( 'NONE', #596, #2167 ) ;
#4908 =( NAMED_UNIT ( * ) SI_UNIT ( $, .STERADIAN. ) SOLID_ANGLE_UNIT ( ) );
#4909 = ORIENTED_EDGE ( 'NONE', *, *, #1104, .F. ) ;
#4910 = EDGE_LOOP ( 'NONE', ( #2584, #5148, #3512, #1595 ) ) ;
#4911 = PLANE ( 'NONE',  #3980 ) ;
#4912 =( NAMED_UNIT ( * ) PLANE_ANGLE_UNIT ( ) SI_UNIT ( $, .RADIAN. ) );
#4913 = ORIENTED_EDGE ( 'NONE', *, *, #3364, .F. ) ;
#4914 = DIRECTION ( 'NONE',  ( -0.0000000000000000000, -1.000000000000000000, -0.0000000000000000000 ) ) ;
#4915 = CARTESIAN_POINT ( 'NONE',  ( 11.82999999999999700, 0.0000000000000000000, -0.9649999999999990800 ) ) ;
#4916 = VECTOR ( 'NONE', #1128, 1000.000000000000000 ) ;
#4917 = CARTESIAN_POINT ( 'NONE',  ( 6.926306928424502900, 5.051000000000001000, -5.073182798732029000 ) ) ;
#4918 = ORIENTED_EDGE ( 'NONE', *, *, #537, .T. ) ;
#4919 =( LENGTH_UNIT ( ) NAMED_UNIT ( * ) SI_UNIT ( .MILLI., .METRE. ) );
#4920 = CARTESIAN_POINT ( 'NONE',  ( 0.0000000000000000000, -4.049999999999999800, 0.0000000000000000000 ) ) ;
#4921 = DIRECTION ( 'NONE',  ( -1.000000000000000000, 0.0000000000000000000, 0.0000000000000000000 ) ) ;
#4922 = VECTOR ( 'NONE', #1416, 1000.000000000000000 ) ;
#4923 = ORIENTED_EDGE ( 'NONE', *, *, #1575, .T. ) ;
#4924 = SURFACE_STYLE_FILL_AREA ( #1904 ) ;
#4925 =( GEOMETRIC_REPRESENTATION_CONTEXT ( 3 ) GLOBAL_UNCERTAINTY_ASSIGNED_CONTEXT ( ( #2910 ) ) GLOBAL_UNIT_ASSIGNED_CONTEXT ( ( #2396, #2003, #1940 ) ) REPRESENTATION_CONTEXT ( 'NONE', 'WORKASPACE' ) );
#4926 = ORIENTED_EDGE ( 'NONE', *, *, #2438, .F. ) ;
#4927 = FILL_AREA_STYLE ('',( #2472 ) ) ;
#4928 = EDGE_CURVE ( 'NONE', #407, #4646, #5105, .T. ) ;
#4929 = LINE ( 'NONE', #976, #3382 ) ;
#4930 = CARTESIAN_POINT ( 'NONE',  ( 1.669999999999999700, -4.049999999999999800, -8.234999999999965700 ) ) ;
#4931 = ORIENTED_EDGE ( 'NONE', *, *, #3570, .T. ) ;
#4932 = VECTOR ( 'NONE', #3578, 1000.000000000000000 ) ;
#4933 = VERTEX_POINT ( 'NONE', #1775 ) ;
#4934 = PRESENTATION_LAYER_ASSIGNMENT (  '', '', ( #1851 ) ) ;
#4935 =( NAMED_UNIT ( * ) PLANE_ANGLE_UNIT ( ) SI_UNIT ( $, .RADIAN. ) );
#4936 = VERTEX_POINT ( 'NONE', #1379 ) ;
#4937 = SURFACE_STYLE_USAGE ( .BOTH. , #387 ) ;
#4938 = ADVANCED_FACE ( 'NONE', ( #1341 ), #571, .F. ) ;
#4939 = CARTESIAN_POINT ( 'NONE',  ( 5.471370941386530800, 5.051000000000001000, -5.205917668354676800 ) ) ;
#4940 = ORIENTED_EDGE ( 'NONE', *, *, #4530, .F. ) ;
#4941 = VECTOR ( 'NONE', #297, 1000.000000000000000 ) ;
#4942 = STYLED_ITEM ( 'NONE', ( #235 ), #4120 ) ;
#4943 = CARTESIAN_POINT ( 'NONE',  ( 9.289999999999997400, -0.0000000000000000000, -8.585000000000000900 ) ) ;
#4944 = EDGE_CURVE ( 'NONE', #1289, #2706, #635, .T. ) ;
#4945 = EDGE_LOOP ( 'NONE', ( #1764, #2509, #1170, #3187 ) ) ;
#4946 = VECTOR ( 'NONE', #880, 1000.000000000000000 ) ;
#4947 = SURFACE_STYLE_USAGE ( .BOTH. , #1217 ) ;
#4948 = VECTOR ( 'NONE', #5205, 1000.000000000000000 ) ;
#4949 = PLANE ( 'NONE',  #3053 ) ;
#4950 = SURFACE_SIDE_STYLE ('',( #4798 ) ) ;
#4951 = COLOUR_RGB ( '',0.8980392156862745400, 0.9215686274509803400, 0.9294117647058823800 ) ;
#4952 = DIRECTION ( 'NONE',  ( 0.7083077534943610400, -0.0000000000000000000, 0.7059037656364863800 ) ) ;
#4953 =( LENGTH_UNIT ( ) NAMED_UNIT ( * ) SI_UNIT ( .MILLI., .METRE. ) );
#4954 = VECTOR ( 'NONE', #1461, 1000.000000000000000 ) ;
#4955 = PLANE ( 'NONE',  #518 ) ;
#4956 = CIRCLE ( 'NONE', #4349, 0.3499999999999996400 ) ;
#4957 = COLOUR_RGB ( '',1.000000000000000000, 1.000000000000000000, 1.000000000000000000 ) ;
#4958 = MECHANICAL_DESIGN_GEOMETRIC_PRESENTATION_REPRESENTATION (  '', ( #3912 ), #5214 ) ;
#4959 = CARTESIAN_POINT ( 'NONE',  ( 12.52999999999999600, 0.0000000000000000000, -8.585000000000000900 ) ) ;
#4960 = LINE ( 'NONE', #3290, #3736 ) ;
#4961 = SURFACE_STYLE_USAGE ( .BOTH. , #815 ) ;
#4962 = ADVANCED_FACE ( 'NONE', ( #3886 ), #3986, .F. ) ;
#4963 = DIRECTION ( 'NONE',  ( -0.0000000000000000000, 0.0000000000000000000, -1.000000000000000000 ) ) ;
#4964 =( GEOMETRIC_REPRESENTATION_CONTEXT ( 3 ) GLOBAL_UNCERTAINTY_ASSIGNED_CONTEXT ( ( #341 ) ) GLOBAL_UNIT_ASSIGNED_CONTEXT ( ( #3829, #2529, #1739 ) ) REPRESENTATION_CONTEXT ( 'NONE', 'WORKASPACE' ) );
#4965 = ORIENTED_EDGE ( 'NONE', *, *, #828, .F. ) ;
#4966 = EDGE_CURVE ( 'NONE', #445, #3444, #4263, .T. ) ;
#4967 =( LENGTH_UNIT ( ) NAMED_UNIT ( * ) SI_UNIT ( .MILLI., .METRE. ) );
#4968 = PLANE ( 'NONE',  #2007 ) ;
#4969 = VECTOR ( 'NONE', #2659, 1000.000000000000000 ) ;
#4970 = PRESENTATION_LAYER_ASSIGNMENT (  '', '', ( #5162 ) ) ;
#4971 = ORIENTED_EDGE ( 'NONE', *, *, #1299, .T. ) ;
#4972 = CARTESIAN_POINT ( 'NONE',  ( 9.289999999999997400, 0.0000000000000000000, -0.6149999999999989900 ) ) ;
#4973 = EDGE_CURVE ( 'NONE', #4093, #1315, #698, .T. ) ;
#4974 = SURFACE_STYLE_USAGE ( .BOTH. , #812 ) ;
#4975 = ORIENTED_EDGE ( 'NONE', *, *, #2506, .F. ) ;
#4976 = ORIENTED_EDGE ( 'NONE', *, *, #422, .T. ) ;
#4977 =( GEOMETRIC_REPRESENTATION_CONTEXT ( 3 ) GLOBAL_UNCERTAINTY_ASSIGNED_CONTEXT ( ( #1105 ) ) GLOBAL_UNIT_ASSIGNED_CONTEXT ( ( #3702, #3623, #4044 ) ) REPRESENTATION_CONTEXT ( 'NONE', 'WORKASPACE' ) );
#4978 = CARTESIAN_POINT ( 'NONE',  ( 8.881202783233808500, 5.051000000000001000, -4.226415471414234100 ) ) ;
#4979 = UNCERTAINTY_MEASURE_WITH_UNIT (LENGTH_MEASURE( 1.000000000000000100E-005 ), #2896, 'distance_accuracy_value', 'NONE');
#4980 = EDGE_LOOP ( 'NONE', ( #1782, #1806, #167, #382 ) ) ;
#4981 =( NAMED_UNIT ( * ) PLANE_ANGLE_UNIT ( ) SI_UNIT ( $, .RADIAN. ) );
#4982 = LINE ( 'NONE', #1094, #5303 ) ;
#4983 = VERTEX_POINT ( 'NONE', #1866 ) ;
#4984 = SURFACE_SIDE_STYLE ('',( #5092 ) ) ;
#4985 =( LENGTH_UNIT ( ) NAMED_UNIT ( * ) SI_UNIT ( .MILLI., .METRE. ) );
#4986 = ADVANCED_FACE ( 'NONE', ( #2708 ), #623, .F. ) ;
#4987 = EDGE_CURVE ( 'NONE', #1858, #3533, #501, .T. ) ;
#4988 = ORIENTED_EDGE ( 'NONE', *, *, #248, .F. ) ;
#4989 = CARTESIAN_POINT ( 'NONE',  ( 4.209999999999999100, 0.0000000000000000000, -8.584999999999983100 ) ) ;
#4990 = DIRECTION ( 'NONE',  ( -1.000000000000000000, 0.0000000000000000000, 0.0000000000000000000 ) ) ;
#4991 = VECTOR ( 'NONE', #3380, 1000.000000000000000 ) ;
#4992 = VERTEX_POINT ( 'NONE', #2716 ) ;
#4994 = LINE ( 'NONE', #1110, #1472 ) ;
#4993 = DIRECTION ( 'NONE',  ( 0.2732148821745950500, 0.0000000000000000000, -0.9619530280415579100 ) ) ;
#4995 = AXIS2_PLACEMENT_3D ( 'NONE', #1103, #3221, #4824 ) ;
#4996 = EDGE_CURVE ( 'NONE', #3613, #4246, #104, .T. ) ;
#4997 = ORIENTED_EDGE ( 'NONE', *, *, #4810, .F. ) ;
#4998 = LINE ( 'NONE', #3336, #4722 ) ;
#4999 = ORIENTED_EDGE ( 'NONE', *, *, #3342, .T. ) ;
#5000 = PLANE ( 'NONE',  #4821 ) ;
#5001 = FACE_OUTER_BOUND ( 'NONE', #4332, .T. ) ;
#5002 = PRESENTATION_LAYER_ASSIGNMENT (  '', '', ( #1823 ) ) ;
#5003 = ORIENTED_EDGE ( 'NONE', *, *, #642, .F. ) ;
#5004 = CARTESIAN_POINT ( 'NONE',  ( 3.290000000000000500, 0.0000000000000000000, -0.2000000000000000100 ) ) ;
#5005 = EDGE_CURVE ( 'NONE', #3548, #2006, #1598, .T. ) ;
#5006 = PRESENTATION_STYLE_ASSIGNMENT (( #2549 ) ) ;
#5007 = ADVANCED_FACE ( 'NONE', ( #388 ), #1429, .T. ) ;
#5008 = CARTESIAN_POINT ( 'NONE',  ( 8.104140848837408500, 5.051000000000001000, -5.205917668354676800 ) ) ;
#5009 = CARTESIAN_POINT ( 'NONE',  ( 7.449999999999999300, -4.049999999999999800, -8.235000000000001200 ) ) ;
#5010 = FILL_AREA_STYLE ('',( #69 ) ) ;
#5011 = CARTESIAN_POINT ( 'NONE',  ( 10.56000000000000000, 0.0000000000000000000, -0.2000000000000000100 ) ) ;
#5012 =( GEOMETRIC_REPRESENTATION_CONTEXT ( 3 ) GLOBAL_UNCERTAINTY_ASSIGNED_CONTEXT ( ( #3197 ) ) GLOBAL_UNIT_ASSIGNED_CONTEXT ( ( #3701, #2448, #4516 ) ) REPRESENTATION_CONTEXT ( 'NONE', 'WORKASPACE' ) );
#5013 = SURFACE_STYLE_FILL_AREA ( #1068 ) ;
#5014 = ORIENTED_EDGE ( 'NONE', *, *, #195, .F. ) ;
#5015 = PLANE ( 'NONE',  #4331 ) ;
#5016 = CARTESIAN_POINT ( 'NONE',  ( 0.0000000000000000000, 0.0000000000000000000, -9.000000000000000000 ) ) ;
#5017 = LINE ( 'NONE', #1908, #3922 ) ;
#5018 = ORIENTED_EDGE ( 'NONE', *, *, #1575, .F. ) ;
#5019 = FILL_AREA_STYLE_COLOUR ( '', #644 ) ;
#5020 = PRESENTATION_LAYER_ASSIGNMENT (  '', '', ( #2240 ) ) ;
#5021 = ORIENTED_EDGE ( 'NONE', *, *, #4645, .T. ) ;
#5022 = COLOUR_RGB ( '',1.000000000000000000, 1.000000000000000000, 1.000000000000000000 ) ;
#5023 = ORIENTED_EDGE ( 'NONE', *, *, #422, .F. ) ;
#5024 = DIRECTION ( 'NONE',  ( 0.0000000000000000000, 1.000000000000000000, 0.0000000000000000000 ) ) ;
#5025 = DIRECTION ( 'NONE',  ( 0.0000000000000000000, 0.0000000000000000000, -1.000000000000000000 ) ) ;
#5026 =( NAMED_UNIT ( * ) PLANE_ANGLE_UNIT ( ) SI_UNIT ( $, .RADIAN. ) );
#5027 = ADVANCED_FACE ( 'NONE', ( #2470 ), #2754, .F. ) ;
#5028 = ORIENTED_EDGE ( 'NONE', *, *, #5200, .F. ) ;
#5029 = EDGE_CURVE ( 'NONE', #3571, #5208, #1016, .T. ) ;
#5030 = VECTOR ( 'NONE', #1600, 1000.000000000000000 ) ;
#5031 =( LENGTH_UNIT ( ) NAMED_UNIT ( * ) SI_UNIT ( .MILLI., .METRE. ) );
#5032 = UNCERTAINTY_MEASURE_WITH_UNIT (LENGTH_MEASURE( 1.000000000000000100E-005 ), #2551, 'distance_accuracy_value', 'NONE');
#5033 = VECTOR ( 'NONE', #4472, 1000.000000000000000 ) ;
#5034 = VERTEX_POINT ( 'NONE', #4796 ) ;
#5035 = PRESENTATION_LAYER_ASSIGNMENT (  '', '', ( #1148 ) ) ;
#5036 = FILL_AREA_STYLE_COLOUR ( '', #2540 ) ;
#5037 = VECTOR ( 'NONE', #1884, 1000.000000000000000 ) ;
#5038 = CARTESIAN_POINT ( 'NONE',  ( 4.910000000000000100, -4.049999999999999800, -8.409999999999982400 ) ) ;
#5039 = ORIENTED_EDGE ( 'NONE', *, *, #3005, .F. ) ;
#5040 = AXIS2_PLACEMENT_3D ( 'NONE', #4849, #2355, #3610 ) ;
#5041 = VECTOR ( 'NONE', #415, 1000.000000000000000 ) ;
#5042 = DIRECTION ( 'NONE',  ( 0.0000000000000000000, 0.0000000000000000000, -1.000000000000000000 ) ) ;
#5043 = ORIENTED_EDGE ( 'NONE', *, *, #4070, .F. ) ;
#5044 = VECTOR ( 'NONE', #722, 1000.000000000000000 ) ;
#5045 = CARTESIAN_POINT ( 'NONE',  ( 12.52999999999999600, 0.0000000000000000000, -0.9649999999999990800 ) ) ;
#5046 = STYLED_ITEM ( 'NONE', ( #3524 ), #490 ) ;
#5047 = EDGE_LOOP ( 'NONE', ( #4864, #286, #1015, #3899, #427, #3225, #3371, #1216, #1061, #2630, #3943, #3166, #4971, #173, #5352, #4411, #948 ) ) ;
#5048 = EDGE_CURVE ( 'NONE', #4409, #5034, #2122, .T. ) ;
#5049 = SURFACE_STYLE_FILL_AREA ( #1609 ) ;
#5050 = PRESENTATION_STYLE_ASSIGNMENT (( #2514 ) ) ;
#5051 = ORIENTED_EDGE ( 'NONE', *, *, #4697, .F. ) ;
#5052 = CARTESIAN_POINT ( 'NONE',  ( 9.793482366010957600, 5.051000000000001000, -4.972348877483165500 ) ) ;
#5053 = PRESENTATION_STYLE_ASSIGNMENT (( #3660 ) ) ;
#5054 = DIRECTION ( 'NONE',  ( 0.0000000000000000000, 0.0000000000000000000, -1.000000000000000000 ) ) ;
#5055 = ORIENTED_EDGE ( 'NONE', *, *, #4419, .F. ) ;
#5056 = FACE_OUTER_BOUND ( 'NONE', #2907, .T. ) ;
#5057 = FILL_AREA_STYLE ('',( #3456 ) ) ;
#5058 = LINE ( 'NONE', #5311, #2660 ) ;
#5059 = PRESENTATION_LAYER_ASSIGNMENT (  '', '', ( #600 ) ) ;
#5060 = ADVANCED_FACE ( 'NONE', ( #56 ), #2359, .F. ) ;
#5061 = VECTOR ( 'NONE', #2895, 1000.000000000000000 ) ;
#5062 = EDGE_CURVE ( 'NONE', #706, #731, #1275, .T. ) ;
#5063 = EDGE_LOOP ( 'NONE', ( #494, #3201, #2067, #3709 ) ) ;
#5064 = LINE ( 'NONE', #1699, #3653 ) ;
#5065 =( GEOMETRIC_REPRESENTATION_CONTEXT ( 3 ) GLOBAL_UNCERTAINTY_ASSIGNED_CONTEXT ( ( #458 ) ) GLOBAL_UNIT_ASSIGNED_CONTEXT ( ( #1207, #4912, #1191 ) ) REPRESENTATION_CONTEXT ( 'NONE', 'WORKASPACE' ) );
#5066 =( NAMED_UNIT ( * ) PLANE_ANGLE_UNIT ( ) SI_UNIT ( $, .RADIAN. ) );
#5067 = CARTESIAN_POINT ( 'NONE',  ( 0.0000000000000000000, -4.049999999999999800, 0.0000000000000000000 ) ) ;
#5068 = FILL_AREA_STYLE_COLOUR ( '', #5256 ) ;
#5069 = SURFACE_STYLE_FILL_AREA ( #4927 ) ;
#5070 = STYLED_ITEM ( 'NONE', ( #1067 ), #4986 ) ;
#5071 =( LENGTH_UNIT ( ) NAMED_UNIT ( * ) SI_UNIT ( .MILLI., .METRE. ) );
#5072 = LINE ( 'NONE', #2286, #2089 ) ;
#5073 = EDGE_LOOP ( 'NONE', ( #1444, #3630, #2053, #4062 ) ) ;
#5074 = COLOUR_RGB ( '',0.8980392156862745400, 0.9215686274509803400, 0.9294117647058823800 ) ;
#5075 = VECTOR ( 'NONE', #2762, 1000.000000000000000 ) ;
#5076 =( NAMED_UNIT ( * ) PLANE_ANGLE_UNIT ( ) SI_UNIT ( $, .RADIAN. ) );
#5077 = LINE ( 'NONE', #1184, #4558 ) ;
#5078 = EDGE_CURVE ( 'NONE', #4087, #100, #4378, .T. ) ;
#5079 =( NAMED_UNIT ( * ) PLANE_ANGLE_UNIT ( ) SI_UNIT ( $, .RADIAN. ) );
#5080 = LINE ( 'NONE', #1955, #2826 ) ;
#5081 = ADVANCED_FACE ( 'NONE', ( #4586 ), #4393, .F. ) ;
#5082 = VERTEX_POINT ( 'NONE', #5192 ) ;
#5083 = PRESENTATION_LAYER_ASSIGNMENT (  '', '', ( #4459 ) ) ;
#5084 = LINE ( 'NONE', #4333, #211 ) ;
#5085 = MECHANICAL_DESIGN_GEOMETRIC_PRESENTATION_REPRESENTATION (  '', ( #984 ), #377 ) ;
#5086 = ORIENTED_EDGE ( 'NONE', *, *, #4944, .T. ) ;
#5087 = EDGE_CURVE ( 'NONE', #3433, #2006, #4455, .T. ) ;
#5088 = DIRECTION ( 'NONE',  ( 1.000000000000000000, 0.0000000000000000000, 0.0000000000000000000 ) ) ;
#5089 = VERTEX_POINT ( 'NONE', #1052 ) ;
#5090 = DIRECTION ( 'NONE',  ( 1.000000000000000000, -0.0000000000000000000, -0.0000000000000000000 ) ) ;
#5091 = MECHANICAL_DESIGN_GEOMETRIC_PRESENTATION_REPRESENTATION (  '', ( #1752 ), #3162 ) ;
#5092 = SURFACE_STYLE_FILL_AREA ( #3357 ) ;
#5093 = ORIENTED_EDGE ( 'NONE', *, *, #1694, .T. ) ;
#5094 = CARTESIAN_POINT ( 'NONE',  ( 9.289999999999997400, 0.0000000000000000000, -8.235000000000001200 ) ) ;
#5095 = CARTESIAN_POINT ( 'NONE',  ( 9.147901039164724000, 5.050000000000000700, -5.205917668354676800 ) ) ;
#5096 = PRESENTATION_LAYER_ASSIGNMENT (  '', '', ( #4548 ) ) ;
#5097 = UNCERTAINTY_MEASURE_WITH_UNIT (LENGTH_MEASURE( 1.000000000000000100E-005 ), #1778, 'distance_accuracy_value', 'NONE');
#5098 = UNCERTAINTY_MEASURE_WITH_UNIT (LENGTH_MEASURE( 1.000000000000000100E-005 ), #3510, 'distance_accuracy_value', 'NONE');
#5099 = EDGE_CURVE ( 'NONE', #4246, #3574, #3106, .T. ) ;
#5100 = ORIENTED_EDGE ( 'NONE', *, *, #2934, .F. ) ;
#5101 = FILL_AREA_STYLE ('',( #3435 ) ) ;
#5102 = CARTESIAN_POINT ( 'NONE',  ( 9.512917331921674000, 5.051000000000001000, -3.996226937848597500 ) ) ;
#5103 = ORIENTED_EDGE ( 'NONE', *, *, #2881, .F. ) ;
#5104 = DIRECTION ( 'NONE',  ( 0.0000000000000000000, 0.0000000000000000000, -1.000000000000000000 ) ) ;
#5105 = LINE ( 'NONE', #3854, #2476 ) ;
#5106 = CARTESIAN_POINT ( 'NONE',  ( 6.749999999999999100, 0.0000000000000000000, -0.9649999999999990800 ) ) ;
#5107 = ORIENTED_EDGE ( 'NONE', *, *, #4661, .T. ) ;
#5108 = ORIENTED_EDGE ( 'NONE', *, *, #1512, .F. ) ;
#5109 = VECTOR ( 'NONE', #5225, 1000.000000000000000 ) ;
#5110 =( GEOMETRIC_REPRESENTATION_CONTEXT ( 3 ) GLOBAL_UNCERTAINTY_ASSIGNED_CONTEXT ( ( #401 ) ) GLOBAL_UNIT_ASSIGNED_CONTEXT ( ( #4819, #689, #3584 ) ) REPRESENTATION_CONTEXT ( 'NONE', 'WORKASPACE' ) );
#5111 =( NAMED_UNIT ( * ) SI_UNIT ( $, .STERADIAN. ) SOLID_ANGLE_UNIT ( ) );
#5112 = SURFACE_SIDE_STYLE ('',( #3406 ) ) ;
#5113 = ORIENTED_EDGE ( 'NONE', *, *, #2520, .F. ) ;
#5114 = VECTOR ( 'NONE', #1874, 1000.000000000000100 ) ;
#5115 = DIRECTION ( 'NONE',  ( -0.0000000000000000000, 0.0000000000000000000, -1.000000000000000000 ) ) ;
#5116 = COLOUR_RGB ( '',0.8980392156862745400, 0.9215686274509803400, 0.9294117647058823800 ) ;
#5117 =( GEOMETRIC_REPRESENTATION_CONTEXT ( 3 ) GLOBAL_UNCERTAINTY_ASSIGNED_CONTEXT ( ( #1201 ) ) GLOBAL_UNIT_ASSIGNED_CONTEXT ( ( #1035, #5185, #5169 ) ) REPRESENTATION_CONTEXT ( 'NONE', 'WORKASPACE' ) );
#5118 = VERTEX_POINT ( 'NONE', #2312 ) ;
#5119 = FACE_OUTER_BOUND ( 'NONE', #2480, .T. ) ;
#5120 = CARTESIAN_POINT ( 'NONE',  ( 5.809832587082340200, 5.051000000000001000, -4.527026645098537500 ) ) ;
#5121 =( NAMED_UNIT ( * ) SI_UNIT ( $, .STERADIAN. ) SOLID_ANGLE_UNIT ( ) );
#5122 = FILL_AREA_STYLE ('',( #3936 ) ) ;
#5123 = CARTESIAN_POINT ( 'NONE',  ( 4.906650958062761500, 5.051000000000001000, -4.653056172982758200 ) ) ;
#5124 = ORIENTED_EDGE ( 'NONE', *, *, #1299, .F. ) ;
#5125 = CARTESIAN_POINT ( 'NONE',  ( 6.328972429650926700, 5.050000000000000700, -4.527026645098537500 ) ) ;
#5126 = VECTOR ( 'NONE', #1417, 1000.000000000000000 ) ;
#5127 =( NAMED_UNIT ( * ) SI_UNIT ( $, .STERADIAN. ) SOLID_ANGLE_UNIT ( ) );
#5128 = STYLED_ITEM ( 'NONE', ( #5298 ), #4521 ) ;
#5129 = LINE ( 'NONE', #759, #2352 ) ;
#5130 = EDGE_CURVE ( 'NONE', #3501, #483, #2644, .T. ) ;
#5131 = PRESENTATION_STYLE_ASSIGNMENT (( #5234 ) ) ;
#5132 =( LENGTH_UNIT ( ) NAMED_UNIT ( * ) SI_UNIT ( .MILLI., .METRE. ) );
#5133 = COLOUR_RGB ( '',1.000000000000000000, 1.000000000000000000, 1.000000000000000000 ) ;
#5134 = PRESENTATION_LAYER_ASSIGNMENT (  '', '', ( #2087 ) ) ;
#5135 = CARTESIAN_POINT ( 'NONE',  ( 1.669999999999999700, -4.049999999999999800, -8.234999999999965700 ) ) ;
#5136 = CARTESIAN_POINT ( 'NONE',  ( 5.661972997095286800, 5.050000000000000700, -5.205917668354676000 ) ) ;
#5137 = CARTESIAN_POINT ( 'NONE',  ( 2.369999999999999700, -4.049999999999999800, -0.6150000000000344100 ) ) ;
#5139 = DIRECTION ( 'NONE',  ( 0.0000000000000000000, 1.000000000000000000, -0.0000000000000000000 ) ) ;
#5138 = DIRECTION ( 'NONE',  ( 0.0000000000000000000, 0.0000000000000000000, -1.000000000000000000 ) ) ;
#5140 = ORIENTED_EDGE ( 'NONE', *, *, #2539, .T. ) ;
#5141 = CARTESIAN_POINT ( 'NONE',  ( 9.989999999999996700, -4.049999999999999800, -8.585000000000000900 ) ) ;
#5142 = DIRECTION ( 'NONE',  ( -0.0000000000000000000, -1.000000000000000000, -0.0000000000000000000 ) ) ;
#5143 = STYLED_ITEM ( 'NONE', ( #1196 ), #2685 ) ;
#5144 = FACE_OUTER_BOUND ( 'NONE', #1387, .T. ) ;
#5145 = UNCERTAINTY_MEASURE_WITH_UNIT (LENGTH_MEASURE( 1.000000000000000100E-005 ), #676, 'distance_accuracy_value', 'NONE');
#5146 = SURFACE_STYLE_FILL_AREA ( #2774 ) ;
#5147 = UNCERTAINTY_MEASURE_WITH_UNIT (LENGTH_MEASURE( 1.000000000000000100E-005 ), #1121, 'distance_accuracy_value', 'NONE');
#5148 = ORIENTED_EDGE ( 'NONE', *, *, #2901, .F. ) ;
#5149 =( GEOMETRIC_REPRESENTATION_CONTEXT ( 3 ) GLOBAL_UNCERTAINTY_ASSIGNED_CONTEXT ( ( #1753 ) ) GLOBAL_UNIT_ASSIGNED_CONTEXT ( ( #3075, #2667, #3907 ) ) REPRESENTATION_CONTEXT ( 'NONE', 'WORKASPACE' ) );
#5150 = DIRECTION ( 'NONE',  ( -0.0000000000000000000, -0.0000000000000000000, -1.000000000000000000 ) ) ;
#5151 = LINE ( 'NONE', #209, #1441 ) ;
#5152 = LINE ( 'NONE', #679, #5356 ) ;
#5153 = VERTEX_POINT ( 'NONE', #1134 ) ;
#5154 = FILL_AREA_STYLE ('',( #3120 ) ) ;
#5155 = CARTESIAN_POINT ( 'NONE',  ( 9.081208083500273500, 5.051000000000001000, -4.974059236185391700 ) ) ;
#5156 = CARTESIAN_POINT ( 'NONE',  ( 2.370000000000000600, 0.0000000000000000000, -0.7900000000000362300 ) ) ;
#5157 = EDGE_CURVE ( 'NONE', #1131, #5170, #4643, .T. ) ;
#5158 = ORIENTED_EDGE ( 'NONE', *, *, #4508, .F. ) ;
#5159 = SURFACE_SIDE_STYLE ('',( #3778 ) ) ;
#5160 = CARTESIAN_POINT ( 'NONE',  ( 11.82999999999999700, -4.049999999999999800, -0.9649999999999990800 ) ) ;
#5161 = DIRECTION ( 'NONE',  ( -1.000000000000000000, 0.0000000000000000000, -9.912705577010222800E-015 ) ) ;
#5162 = STYLED_ITEM ( 'NONE', ( #1795 ), #3798 ) ;
#5163 = ORIENTED_EDGE ( 'NONE', *, *, #1706, .F. ) ;
#5164 = MECHANICAL_DESIGN_GEOMETRIC_PRESENTATION_REPRESENTATION (  '', ( #4778 ), #3135 ) ;
#5165 = FACE_OUTER_BOUND ( 'NONE', #3770, .T. ) ;
#5166 =( LENGTH_UNIT ( ) NAMED_UNIT ( * ) SI_UNIT ( .MILLI., .METRE. ) );
#5167 = ORIENTED_EDGE ( 'NONE', *, *, #642, .T. ) ;
#5168 = STYLED_ITEM ( 'NONE', ( #2411 ), #4814 ) ;
#5169 =( NAMED_UNIT ( * ) SI_UNIT ( $, .STERADIAN. ) SOLID_ANGLE_UNIT ( ) );
#5170 = VERTEX_POINT ( 'NONE', #3661 ) ;
#5171 = FILL_AREA_STYLE ('',( #1743 ) ) ;
#5172 = DIRECTION ( 'NONE',  ( -0.2762517575166150200, 0.0000000000000000000, 0.9610853065513910200 ) ) ;
#5173 = DIRECTION ( 'NONE',  ( -0.0000000000000000000, -1.000000000000000000, -0.0000000000000000000 ) ) ;
#5174 = FACE_OUTER_BOUND ( 'NONE', #2227, .T. ) ;
#5175 = VECTOR ( 'NONE', #240, 999.9999999999998900 ) ;
#5176 = PLANE ( 'NONE',  #2297 ) ;
#5177 =( LENGTH_UNIT ( ) NAMED_UNIT ( * ) SI_UNIT ( .MILLI., .METRE. ) );
#5178 = ORIENTED_EDGE ( 'NONE', *, *, #1803, .F. ) ;
#5179 = PRESENTATION_STYLE_ASSIGNMENT (( #713 ) ) ;
#5180 = VECTOR ( 'NONE', #3303, 1000.000000000000000 ) ;
#5181 = MECHANICAL_DESIGN_GEOMETRIC_PRESENTATION_REPRESENTATION (  '', ( #755 ), #82 ) ;
#5182 = CARTESIAN_POINT ( 'NONE',  ( 4.014950853507274400, 5.051000000000001000, -3.996226937848596600 ) ) ;
#5183 = VERTEX_POINT ( 'NONE', #4076 ) ;
#5184 = STYLED_ITEM ( 'NONE', ( #3459 ), #827 ) ;
#5185 =( NAMED_UNIT ( * ) PLANE_ANGLE_UNIT ( ) SI_UNIT ( $, .RADIAN. ) );
#5186 = EDGE_CURVE ( 'NONE', #497, #4366, #3942, .T. ) ;
#5187 = DIRECTION ( 'NONE',  ( 1.000000000000000000, 0.0000000000000000000, 0.0000000000000000000 ) ) ;
#5188 = LINE ( 'NONE', #1757, #2270 ) ;
#5189 = DIRECTION ( 'NONE',  ( -0.0000000000000000000, -1.000000000000000000, -0.0000000000000000000 ) ) ;
#5190 = SURFACE_STYLE_FILL_AREA ( #2292 ) ;
#5191 = FILL_AREA_STYLE_COLOUR ( '', #245 ) ;
#5192 = CARTESIAN_POINT ( 'NONE',  ( 8.104140848837408500, 5.051000000000001000, -5.205917668354676800 ) ) ;
#5193 = FILL_AREA_STYLE_COLOUR ( '', #4951 ) ;
#5194 = STYLED_ITEM ( 'NONE', ( #2069 ), #1894 ) ;
#5195 = UNCERTAINTY_MEASURE_WITH_UNIT (LENGTH_MEASURE( 1.000000000000000100E-005 ), #1869, 'distance_accuracy_value', 'NONE');
#5196 = COLOUR_RGB ( '',1.000000000000000000, 1.000000000000000000, 1.000000000000000000 ) ;
#5197 = CARTESIAN_POINT ( 'NONE',  ( 3.290000000000000500, 0.0000000000000000000, 0.0000000000000000000 ) ) ;
#5198 = VECTOR ( 'NONE', #1781, 1000.000000000000000 ) ;
#5199 = PRESENTATION_LAYER_ASSIGNMENT (  '', '', ( #1717 ) ) ;
#5200 = EDGE_CURVE ( 'NONE', #972, #3241, #3432, .T. ) ;
#5201 = SURFACE_STYLE_FILL_AREA ( #3842 ) ;
#5202 = DIRECTION ( 'NONE',  ( 1.000000000000000000, 0.0000000000000000000, 0.0000000000000000000 ) ) ;
#5203 =( NAMED_UNIT ( * ) SI_UNIT ( $, .STERADIAN. ) SOLID_ANGLE_UNIT ( ) );
#5204 = VERTEX_POINT ( 'NONE', #2015 ) ;
#5205 = DIRECTION ( 'NONE',  ( -0.0000000000000000000, -0.0000000000000000000, -1.000000000000000000 ) ) ;
#5206 = VECTOR ( 'NONE', #4381, 1000.000000000000000 ) ;
#5207 = UNCERTAINTY_MEASURE_WITH_UNIT (LENGTH_MEASURE( 1.000000000000000100E-005 ), #5132, 'distance_accuracy_value', 'NONE');
#5208 = VERTEX_POINT ( 'NONE', #5309 ) ;
#5209 = DIRECTION ( 'NONE',  ( -0.0000000000000000000, 1.000000000000000000, -0.0000000000000000000 ) ) ;
#5210 = SURFACE_SIDE_STYLE ('',( #865 ) ) ;
#5211 = STYLED_ITEM ( 'NONE', ( #3355 ), #2931 ) ;
#5212 = SURFACE_SIDE_STYLE ('',( #3672 ) ) ;
#5213 = CARTESIAN_POINT ( 'NONE',  ( 0.0000000000000000000, 0.0000000000000000000, -0.2000000000000000100 ) ) ;
#5214 =( GEOMETRIC_REPRESENTATION_CONTEXT ( 3 ) GLOBAL_UNCERTAINTY_ASSIGNED_CONTEXT ( ( #13 ) ) GLOBAL_UNIT_ASSIGNED_CONTEXT ( ( #1900, #5218, #259 ) ) REPRESENTATION_CONTEXT ( 'NONE', 'WORKASPACE' ) );
#5215 = ADVANCED_FACE ( 'NONE', ( #1528 ), #1210, .F. ) ;
#5216 = VERTEX_POINT ( 'NONE', #329 ) ;
#5217 = DIRECTION ( 'NONE',  ( -0.0000000000000000000, -1.000000000000000000, -0.0000000000000000000 ) ) ;
#5218 =( NAMED_UNIT ( * ) PLANE_ANGLE_UNIT ( ) SI_UNIT ( $, .RADIAN. ) );
#5219 = LINE ( 'NONE', #868, #3934 ) ;
#5220 = ORIENTED_EDGE ( 'NONE', *, *, #2810, .F. ) ;
#5221 = FILL_AREA_STYLE_COLOUR ( '', #3423 ) ;
#5222 = PRESENTATION_LAYER_ASSIGNMENT (  '', '', ( #1328 ) ) ;
#5223 = EDGE_CURVE ( 'NONE', #5312, #1832, #2465, .T. ) ;
#5224 = COLOUR_RGB ( '',1.000000000000000000, 1.000000000000000000, 1.000000000000000000 ) ;
#5225 = DIRECTION ( 'NONE',  ( 9.912705577010423200E-015, 0.0000000000000000000, 1.000000000000000000 ) ) ;
#5226 =( NAMED_UNIT ( * ) PLANE_ANGLE_UNIT ( ) SI_UNIT ( $, .RADIAN. ) );
#5227 = ORIENTED_EDGE ( 'NONE', *, *, #5099, .T. ) ;
#5228 = SURFACE_SIDE_STYLE ('',( #3724 ) ) ;
#5229 = MECHANICAL_DESIGN_GEOMETRIC_PRESENTATION_REPRESENTATION (  '', ( #5162 ), #2403 ) ;
#5230 =( LENGTH_UNIT ( ) NAMED_UNIT ( * ) SI_UNIT ( .MILLI., .METRE. ) );
#5231 = SURFACE_STYLE_USAGE ( .BOTH. , #1975 ) ;
#5232 = CARTESIAN_POINT ( 'NONE',  ( 5.724167524494057500, 5.051000000000001000, -4.226371333128317300 ) ) ;
#5233 = SURFACE_STYLE_FILL_AREA ( #662 ) ;
#5234 = SURFACE_STYLE_USAGE ( .BOTH. , #5212 ) ;
#5235 = EDGE_CURVE ( 'NONE', #879, #4649, #4845, .T. ) ;
#5236 = EDGE_LOOP ( 'NONE', ( #2587, #2247, #1272, #3928 ) ) ;
#5237 = DIRECTION ( 'NONE',  ( -1.000000000000000000, 0.0000000000000000000, 0.0000000000000000000 ) ) ;
#5238 = PRESENTATION_STYLE_ASSIGNMENT (( #3882 ) ) ;
#5239 = CARTESIAN_POINT ( 'NONE',  ( 5.939106279213127100, 5.051000000000001000, -4.975659249163766300 ) ) ;
#5240 =( NAMED_UNIT ( * ) PLANE_ANGLE_UNIT ( ) SI_UNIT ( $, .RADIAN. ) );
#5241 = LINE ( 'NONE', #5141, #4590 ) ;
#5242 = LINE ( 'NONE', #4192, #1789 ) ;
#5243 = PRODUCT_DEFINITION ( 'UNKNOWN', '', #2793, #3786 ) ;
#5244 = VERTEX_POINT ( 'NONE', #1179 ) ;
#5245 = FILL_AREA_STYLE_COLOUR ( '', #1222 ) ;
#5246 = LINE ( 'NONE', #1001, #3193 ) ;
#5247 = VERTEX_POINT ( 'NONE', #4917 ) ;
#5248 = DIRECTION ( 'NONE',  ( -4.956352788505110600E-015, 0.0000000000000000000, 1.000000000000000000 ) ) ;
#5249 = SURFACE_STYLE_FILL_AREA ( #4198 ) ;
#5250 = ADVANCED_FACE ( 'NONE', ( #1327 ), #1550, .F. ) ;
#5251 =( LENGTH_UNIT ( ) NAMED_UNIT ( * ) SI_UNIT ( .MILLI., .METRE. ) );
#5252 = CARTESIAN_POINT ( 'NONE',  ( 10.91000000000000000, 7.426175779181613300E-016, -9.199999999999999300 ) ) ;
#5253 = CARTESIAN_POINT ( 'NONE',  ( 8.104140848837408500, 5.050000000000000700, -5.205917668354676800 ) ) ;
#5254 = ORIENTED_EDGE ( 'NONE', *, *, #2400, .F. ) ;
#5255 = LINE ( 'NONE', #3675, #3582 ) ;
#5256 = COLOUR_RGB ( '',0.8980392156862745400, 0.9215686274509803400, 0.9294117647058823800 ) ;
#5257 = DIRECTION ( 'NONE',  ( -1.000000000000000000, 0.0000000000000000000, -3.097720492815722700E-016 ) ) ;
#5258 =( LENGTH_UNIT ( ) NAMED_UNIT ( * ) SI_UNIT ( .MILLI., .METRE. ) );
#5259 =( GEOMETRIC_REPRESENTATION_CONTEXT ( 3 ) GLOBAL_UNCERTAINTY_ASSIGNED_CONTEXT ( ( #2658 ) ) GLOBAL_UNIT_ASSIGNED_CONTEXT ( ( #5306, #766, #3658 ) ) REPRESENTATION_CONTEXT ( 'NONE', 'WORKASPACE' ) );
#5260 = VERTEX_POINT ( 'NONE', #350 ) ;
#5261 = EDGE_LOOP ( 'NONE', ( #5167, #2939, #384, #4273 ) ) ;
#5262 = PLANE ( 'NONE',  #4110 ) ;
#5263 = VECTOR ( 'NONE', #3291, 1000.000000000000100 ) ;
#5264 =( GEOMETRIC_REPRESENTATION_CONTEXT ( 3 ) GLOBAL_UNCERTAINTY_ASSIGNED_CONTEXT ( ( #4523 ) ) GLOBAL_UNIT_ASSIGNED_CONTEXT ( ( #2664, #4724, #1025 ) ) REPRESENTATION_CONTEXT ( 'NONE', 'WORKASPACE' ) );
#5265 = CARTESIAN_POINT ( 'NONE',  ( 8.104140848837408500, 5.051000000000001000, -5.205917668354676800 ) ) ;
#5266 = EDGE_CURVE ( 'NONE', #4237, #3023, #830, .T. ) ;
#5267 = CARTESIAN_POINT ( 'NONE',  ( 6.676311338635463800, 5.051000000000001000, -5.205917668354676800 ) ) ;
#5268 = UNCERTAINTY_MEASURE_WITH_UNIT (LENGTH_MEASURE( 1.000000000000000100E-005 ), #116, 'distance_accuracy_value', 'NONE');
#5269 = VECTOR ( 'NONE', #2783, 1000.000000000000000 ) ;
#5270 = CARTESIAN_POINT ( 'NONE',  ( 5.313872701658665300, 5.051000000000001000, -3.996226937848596600 ) ) ;
#5271 = DIRECTION ( 'NONE',  ( 0.0000000000000000000, 0.0000000000000000000, 1.000000000000000000 ) ) ;
#5272 = PRESENTATION_LAYER_ASSIGNMENT (  '', '', ( #4165 ) ) ;
#5273 = SURFACE_STYLE_USAGE ( .BOTH. , #1931 ) ;
#5274 = PLANE ( 'NONE',  #5332 ) ;
#5275 = SURFACE_SIDE_STYLE ('',( #660 ) ) ;
#5276 = DIRECTION ( 'NONE',  ( 1.000000000000000000, 0.0000000000000000000, 0.0000000000000000000 ) ) ;
#5277 = MECHANICAL_DESIGN_GEOMETRIC_PRESENTATION_REPRESENTATION (  '', ( #1823 ), #835 ) ;
#5278 = ORIENTED_EDGE ( 'NONE', *, *, #3319, .T. ) ;
#5279 = SURFACE_STYLE_USAGE ( .BOTH. , #1478 ) ;
#5280 = DIRECTION ( 'NONE',  ( -0.0000000000000000000, -1.000000000000000000, -0.0000000000000000000 ) ) ;
#5281 =( LENGTH_UNIT ( ) NAMED_UNIT ( * ) SI_UNIT ( .MILLI., .METRE. ) );
#5282 = EDGE_CURVE ( 'NONE', #1773, #927, #2843, .T. ) ;
#5283 = FACE_OUTER_BOUND ( 'NONE', #4612, .T. ) ;
#5284 = VECTOR ( 'NONE', #4829, 1000.000000000000000 ) ;
#5285 = ORIENTED_EDGE ( 'NONE', *, *, #5078, .T. ) ;
#5286 = PLANE ( 'NONE',  #1586 ) ;
#5287 = FILL_AREA_STYLE ('',( #4430 ) ) ;
#5288 = ORIENTED_EDGE ( 'NONE', *, *, #3529, .T. ) ;
#5289 = CARTESIAN_POINT ( 'NONE',  ( 6.749999999999999100, -4.049999999999999800, -0.6149999999999989900 ) ) ;
#5290 = SURFACE_STYLE_USAGE ( .BOTH. , #1952 ) ;
#5291 = FILL_AREA_STYLE ('',( #3189 ) ) ;
#5292 = DIRECTION ( 'NONE',  ( -0.8843386665637613700, 0.0000000000000000000, -0.4668459304955207600 ) ) ;
#5293 =( GEOMETRIC_REPRESENTATION_CONTEXT ( 3 ) GLOBAL_UNCERTAINTY_ASSIGNED_CONTEXT ( ( #3119 ) ) GLOBAL_UNIT_ASSIGNED_CONTEXT ( ( #2193, #1799, #5127 ) ) REPRESENTATION_CONTEXT ( 'NONE', 'WORKASPACE' ) );
#5294 = ORIENTED_EDGE ( 'NONE', *, *, #123, .T. ) ;
#5295 = PRESENTATION_STYLE_ASSIGNMENT (( #1226 ) ) ;
#5296 = CARTESIAN_POINT ( 'NONE',  ( 12.52999999999999800, -4.049999999999999800, -8.409999999999998400 ) ) ;
#5297 = STYLED_ITEM ( 'NONE', ( #979 ), #591 ) ;
#5298 = PRESENTATION_STYLE_ASSIGNMENT (( #21 ) ) ;
#5299 = CARTESIAN_POINT ( 'NONE',  ( 1.669999999999999700, -4.049999999999999800, -0.9650000000000345000 ) ) ;
#5300 = ORIENTED_EDGE ( 'NONE', *, *, #1123, .T. ) ;
#5301 = SURFACE_STYLE_USAGE ( .BOTH. , #1612 ) ;
#5302 = VECTOR ( 'NONE', #4494, 1000.000000000000000 ) ;
#5303 = VECTOR ( 'NONE', #4012, 1000.000000000000000 ) ;
#5304 = VERTEX_POINT ( 'NONE', #2383 ) ;
#5305 = CARTESIAN_POINT ( 'NONE',  ( 7.188433192280297300, 5.051000000000001000, -3.996226937848596600 ) ) ;
#5306 =( LENGTH_UNIT ( ) NAMED_UNIT ( * ) SI_UNIT ( .MILLI., .METRE. ) );
#5307 = SURFACE_STYLE_FILL_AREA ( #704 ) ;
#5308 = SURFACE_STYLE_USAGE ( .BOTH. , #4493 ) ;
#5309 = CARTESIAN_POINT ( 'NONE',  ( 10.56000000000000000, 0.0000000000000000000, -9.199999999999999300 ) ) ;
#5310 = LINE ( 'NONE', #5125, #172 ) ;
#5311 = CARTESIAN_POINT ( 'NONE',  ( 7.759700354169154900, 5.050000000000000700, -5.078369047688200400 ) ) ;
#5312 = VERTEX_POINT ( 'NONE', #3306 ) ;
#5313 = LINE ( 'NONE', #3285, #5044 ) ;
#5314 = PRESENTATION_LAYER_ASSIGNMENT (  '', '', ( #3212 ) ) ;
#5315 = DIRECTION ( 'NONE',  ( 0.0000000000000000000, -0.0000000000000000000, 1.000000000000000000 ) ) ;
#5316 = SURFACE_STYLE_USAGE ( .BOTH. , #4903 ) ;
#5317 = DIRECTION ( 'NONE',  ( 1.000000000000000000, 0.0000000000000000000, 0.0000000000000000000 ) ) ;
#5318 = EDGE_CURVE ( 'NONE', #445, #3388, #3754, .T. ) ;
#5320 = FACE_OUTER_BOUND ( 'NONE', #2468, .T. ) ;
#5319 =( LENGTH_UNIT ( ) NAMED_UNIT ( * ) SI_UNIT ( .MILLI., .METRE. ) );
#5321 = FILL_AREA_STYLE_COLOUR ( '', #2812 ) ;
#5322 = UNCERTAINTY_MEASURE_WITH_UNIT (LENGTH_MEASURE( 1.000000000000000100E-005 ), #1258, 'distance_accuracy_value', 'NONE');
#5323 = DIRECTION ( 'NONE',  ( -0.0000000000000000000, 0.0000000000000000000, 1.000000000000000000 ) ) ;
#5324 = MECHANICAL_DESIGN_GEOMETRIC_PRESENTATION_REPRESENTATION (  '', ( #1148 ), #4679 ) ;
#5325 = EDGE_LOOP ( 'NONE', ( #462, #3496, #3429, #2425 ) ) ;
#5326 = ORIENTED_EDGE ( 'NONE', *, *, #84, .T. ) ;
#5327 = CARTESIAN_POINT ( 'NONE',  ( 9.289999999999997400, -4.049999999999999800, -0.6149999999999989900 ) ) ;
#5328 = LINE ( 'NONE', #4394, #3659 ) ;
#5329 = CARTESIAN_POINT ( 'NONE',  ( 6.749999999999999100, 0.0000000000000000000, -0.6149999999999989900 ) ) ;
#5330 = DIRECTION ( 'NONE',  ( -0.2765379750249962200, 0.0000000000000000000, 0.9610029908221277000 ) ) ;
#5331 =( NAMED_UNIT ( * ) PLANE_ANGLE_UNIT ( ) SI_UNIT ( $, .RADIAN. ) );
#5332 = AXIS2_PLACEMENT_3D ( 'NONE', #1138, #4058, #1159 ) ;
#5333 = CARTESIAN_POINT ( 'NONE',  ( 7.188433192280297300, 5.050000000000000700, -3.996226937848596600 ) ) ;
#5334 = SURFACE_STYLE_FILL_AREA ( #4613 ) ;
#5335 = CARTESIAN_POINT ( 'NONE',  ( 9.512917331921674000, 5.050000000000000700, -3.996226937848597500 ) ) ;
#5336 = PRESENTATION_LAYER_ASSIGNMENT (  '', '', ( #595 ) ) ;
#5337 = CARTESIAN_POINT ( 'NONE',  ( 4.209999999999999100, -4.049999999999999800, -0.9650000000000168400 ) ) ;
#5338 = CARTESIAN_POINT ( 'NONE',  ( 5.809832587082340200, 5.051000000000001000, -4.527026645098537500 ) ) ;
#5339 = LINE ( 'NONE', #1410, #2154 ) ;
#5340 = ADVANCED_FACE ( 'NONE', ( #1269 ), #4955, .T. ) ;
#5341 =( NAMED_UNIT ( * ) PLANE_ANGLE_UNIT ( ) SI_UNIT ( $, .RADIAN. ) );
#5342 =( GEOMETRIC_REPRESENTATION_CONTEXT ( 3 ) GLOBAL_UNCERTAINTY_ASSIGNED_CONTEXT ( ( #4278 ) ) GLOBAL_UNIT_ASSIGNED_CONTEXT ( ( #1212, #1568, #4477 ) ) REPRESENTATION_CONTEXT ( 'NONE', 'WORKASPACE' ) );
#5343 = EDGE_CURVE ( 'NONE', #3924, #4483, #4254, .T. ) ;
#5344 = ORIENTED_EDGE ( 'NONE', *, *, #461, .T. ) ;
#5345 = PLANE ( 'NONE',  #1723 ) ;
#5346 = UNCERTAINTY_MEASURE_WITH_UNIT (LENGTH_MEASURE( 1.000000000000000100E-005 ), #4013, 'distance_accuracy_value', 'NONE');
#5347 = MECHANICAL_DESIGN_GEOMETRIC_PRESENTATION_REPRESENTATION (  '', ( #3956 ), #1506 ) ;
#5348 = DIRECTION ( 'NONE',  ( 0.2762437428917409200, 0.0000000000000000000, -0.9610876102172797300 ) ) ;
#5349 = CARTESIAN_POINT ( 'NONE',  ( 9.081208083500273500, 5.051000000000001000, -4.974059236185391700 ) ) ;
#5350 = AXIS2_PLACEMENT_3D ( 'NONE', #3852, #3452, #2168 ) ;
#5351 = FACE_BOUND ( 'NONE', #4604, .T. ) ;
#5352 = ORIENTED_EDGE ( 'NONE', *, *, #3117, .T. ) ;
#5353 = FILL_AREA_STYLE ('',( #2466 ) ) ;
#5354 = MECHANICAL_DESIGN_GEOMETRIC_PRESENTATION_REPRESENTATION (  '', ( #4205 ), #130 ) ;
#5355 = COLOUR_RGB ( '',1.000000000000000000, 1.000000000000000000, 1.000000000000000000 ) ;
#5356 = VECTOR ( 'NONE', #645, 1000.000000000000000 ) ;
#5357 = ORIENTED_EDGE ( 'NONE', *, *, #195, .T. ) ;
#5358 =( LENGTH_UNIT ( ) NAMED_UNIT ( * ) SI_UNIT ( .MILLI., .METRE. ) );
#5359 = ORIENTED_EDGE ( 'NONE', *, *, #2175, .T. ) ;
#5360 = CARTESIAN_POINT ( 'NONE',  ( 4.909999999999999300, -4.049999999999999800, -8.234999999999981700 ) ) ;
#5361 = FACE_OUTER_BOUND ( 'NONE', #2207, .T. ) ;
#5362 = ADVANCED_FACE ( 'NONE', ( #4839 ), #1638, .F. ) ;
#5363 = CARTESIAN_POINT ( 'NONE',  ( 0.0000000000000000000, -4.049999999999999800, 0.0000000000000000000 ) ) ;
#5364 = EDGE_CURVE ( 'NONE', #4252, #125, #3625, .T. ) ;
#5365 = ORIENTED_EDGE ( 'NONE', *, *, #3412, .F. ) ;
#5366 = PLANE ( 'NONE',  #559 ) ;
#5367 = PRESENTATION_LAYER_ASSIGNMENT (  '', '', ( #755 ) ) ;
#5368 = PRESENTATION_STYLE_ASSIGNMENT (( #1114 ) ) ;
#5369 = SURFACE_STYLE_USAGE ( .BOTH. , #2063 ) ;
#5370 = VERTEX_POINT ( 'NONE', #1958 ) ;
#5371 = DIRECTION ( 'NONE',  ( -0.0000000000000000000, 1.000000000000000000, -0.0000000000000000000 ) ) ;
#5372 = UNCERTAINTY_MEASURE_WITH_UNIT (LENGTH_MEASURE( 1.000000000000000100E-005 ), #4497, 'distance_accuracy_value', 'NONE');
#5373 = STYLED_ITEM ( 'NONE', ( #419 ), #877 ) ;
#5374 = EDGE_CURVE ( 'NONE', #775, #4698, #441, .T. ) ;
#5375 = COLOUR_RGB ( '',0.8980392156862745400, 0.9215686274509803400, 0.9294117647058823800 ) ;
#5376 = PLANE ( 'NONE',  #3323 ) ;
#5377 = ORIENTED_EDGE ( 'NONE', *, *, #4635, .F. ) ;
ENDSEC;
END-ISO-10303-21;
